
 ==============================
 S N O P T  7.7.1    (Nov 2018)
 ==============================
 
 SNMEMB EXIT 100 -- finished successfully
 SNMEMB INFO 104 -- memory requirements estimated

 ==============================
 S N O P T  7.7.1    (Nov 2018)
 ==============================
 
 

 Nonlinear constraints     100     Linear constraints      42
 Nonlinear variables       177     Linear variables         0
 Jacobian  variables       177     Objective variables    177
 Total constraints         142     Total variables        177
 

 
 The user has defined   13129   out of   13129   constraint gradients.
 The user has defined     177   out of     177   objective  gradients.
 

 Major Minors     Step   nCon Feasible  Optimal  MeritFunction     nS Penalty
     0    119               1  1.1E-01  5.0E-02  2.4724354E-01    100           r  T
     1     53  1.0E-01      2  1.1E-01  4.5E-02  9.8460235E-01    148 4.0E+00   r
     2    379  1.0E+00      3  1.1E-01  4.7E-02  4.0223308E-01    150 4.0E+00 s
     3     37  4.8E-01      4  4.8E-02  2.0E-01  2.4279431E-01    144 4.1E+00
     4     60  2.1E-01      5  3.1E-02  7.2E-02  2.7936782E-01    145 9.5E+00
     5     20  5.2E-02      6  2.9E-02  2.4E-02  3.1908547E-01    140 1.2E+01
     6     85  8.8E-02      7  2.6E-02  2.1E-01  2.8205143E-01    144 8.2E+00
     7     12  3.7E-02      8  2.5E-02  3.7E-01  5.3210988E-01    141 4.0E+01
     8      6  2.0E-02      9  2.4E-02  2.6E-01  5.2730306E-01    136 4.0E+01
     9     18  7.6E-02     10  2.2E-02  3.7E-01  5.1915819E-01    145 4.0E+01

 Major Minors     Step   nCon Feasible  Optimal  MeritFunction     nS Penalty
    10     13  4.6E-02     11  2.1E-02  3.0E-02  5.3997066E-01    133 4.4E+01
    11     38  7.3E-02     12  2.1E-02  8.2E-01  3.7629778E-01    136 1.8E+01
    12     18  1.3E-02     13  2.0E-02  1.6E-01  4.4189922E-01    149 3.0E+01   R
    13      7  1.5E-01     14  1.7E-02  1.0E-01  5.0279799E-01    151 4.4E+01 s
    14     13  1.0E+00     15  9.0E-04  2.5E-01  5.8857599E-01    151 7.3E+01
    15      3  1.0E+00     16  5.5E-04  1.7E-01  5.7956474E-01    149 4.7E+01
    16      2  4.0E-01     17  1.1E-03  1.3E-01  5.7112831E-01    148 4.7E+01
    17      1  2.8E-01     18  1.0E-03  1.6E-01  5.6864923E-01    148 4.7E+01
    18      2  2.4E-01     19  7.6E-04  1.5E-01  5.6413354E-01    147 4.7E+01
    19      2  1.6E-01     20  6.1E-04  2.0E-01  5.5969880E-01    146 4.7E+01

 Major Minors     Step   nCon Feasible  Optimal  MeritFunction     nS Penalty
    20      5  1.2E-01     21  4.6E-04  2.8E-01  5.5896659E-01    150 4.7E+01
    21      2  4.2E-01     22  1.8E-04  2.8E-01  5.5627798E-01    149 4.7E+01
    22      2  2.9E-01     23  1.6E-04  1.8E-01  5.5382903E-01    148 4.7E+01
    23      3  2.8E-01     24  1.4E-04  1.1E-01  5.5152310E-01    150 4.7E+01   R
    24      1  3.9E-01     25  1.0E-04  1.1E-01  5.4882483E-01    150 4.7E+01 s
    25      2  1.0E+00     26  9.0E-06  1.2E-01  5.4721928E-01    149 4.7E+01
    26      2  1.0E+00     27  5.1E-05  2.1E-01  5.4692404E-01    148 4.7E+01
    27      1  1.0E+00     28  1.6E-05  1.3E-01  5.4529056E-01    148 4.7E+01
    28      1  3.9E-01     29  2.2E-05  1.2E-01  5.4435791E-01    148 4.7E+01
    29      1  1.0E+00     30  4.0E-05  1.1E-01  5.4335567E-01    148 4.7E+01

 Major Minors     Step   nCon Feasible  Optimal  MeritFunction     nS Penalty
    30      1  2.3E-01     31  3.8E-05  1.1E-01  5.4258722E-01    148 4.7E+01
    31      3  3.1E-02     32  4.0E-05  2.9E-01  5.4228094E-01    149 4.7E+01
    32      1  9.0E-02     33  3.9E-05  2.3E-01  5.4186331E-01    149 4.7E+01
    33      1  1.0E-01     34  4.1E-05  1.5E-01  5.4145936E-01    149 4.7E+01
    34      2  1.3E-01     35  4.8E-05  1.1E-01  5.4070845E-01    148 4.7E+01   R
    35      1  4.3E-01     36  2.8E-05  9.3E-02  5.4007294E-01    148 4.7E+01 s
    36      1  1.0E+00     37  2.3E-06  1.9E-01  5.3952574E-01    148 4.7E+01
    37      1  4.1E-01     38  3.9E-06  1.3E-01  5.3931837E-01    148 4.7E+01
    38      1  1.0E+00     39  3.7E-06  1.0E-01  5.3912782E-01    148 4.7E+01
    39      2  1.0E+00     40  1.0E-06  1.1E-01  5.3875806E-01    147 4.7E+01

 Major Minors     Step   nCon Feasible  Optimal  MeritFunction     nS Penalty
    40      1  1.0E+00     41  1.6E-05  2.2E-01  5.3843634E-01    147 4.7E+01
    41      1  1.0E+00     42  5.3E-06  2.4E-01  5.3766741E-01    147 4.7E+01
    42      1  1.0E+00     43  2.0E-05  2.6E-01  5.3737481E-01    147 4.7E+01
    43      1  1.0E+00     44  4.2E-05  1.7E-01  5.3664048E-01    147 4.7E+01
    44      1  4.2E-01     45  5.2E-05  1.6E-01  5.3645465E-01    147 4.7E+01
    45      2  1.0E+00     46  9.2E-05  2.2E-01  5.3436846E-01    148 4.7E+01   R
    46      1  1.0E+00     47  5.2E-06  1.1E-01  5.3356462E-01    148 4.7E+01 s
    47      1  1.0E+00     48  3.2E-06  1.1E-01  5.3325593E-01    148 4.7E+01
    48      1  1.0E+00     49  1.4E-06  2.2E-01  5.3296965E-01    148 4.7E+01
    49      1  1.0E+00     50  2.6E-06  9.6E-02  5.3274191E-01    148 4.7E+01

 Major Minors     Step   nCon Feasible  Optimal  MeritFunction     nS Penalty
    50      1  1.0E+00     51  3.7E-06  2.1E-01  5.3244553E-01    148 4.7E+01
    51      1  1.0E+00     52  1.3E-05  1.1E-01  5.3189254E-01    148 4.7E+01
    52      1  1.0E+00     53  1.5E-05  2.8E-01  5.3170677E-01    148 4.7E+01
    53      1  1.0E+00     54  2.0E-05  2.1E-01  5.3067426E-01    148 4.7E+01
    54      1  1.0E+00     55  8.9E-05  1.8E-01  5.3003419E-01    148 4.7E+01
    55      3  1.0E+00     56  8.6E-05  1.8E-01  5.2846148E-01    149 4.7E+01
    56      2  1.0E+00     57  7.8E-04  2.0E-01  5.2544666E-01    148 4.7E+01   R
    57      1  1.0E+00     58  1.7E-06  3.1E-01  5.2405090E-01    148 4.7E+01 s
    58      1  4.3E-01     59  6.3E-06  1.8E-01  5.2336264E-01    148 4.7E+01
    59      1  1.0E+00     60  7.1E-06  1.8E-01  5.2306346E-01    148 4.7E+01

 Major Minors     Step   nCon Feasible  Optimal  MeritFunction     nS Penalty
    60      1  1.0E+00     61  9.2E-06  1.3E-01  5.2262116E-01    148 4.7E+01
    61      1  4.6E-01     62  9.3E-06  1.6E-01  5.2232104E-01    148 4.7E+01
    62      1  1.0E+00     63  3.8E-05  1.3E-01  5.2164796E-01    148 4.7E+01
    63      1  1.0E+00     64  3.4E-05  3.1E-01  5.2104814E-01    148 4.7E+01
    64      1  1.0E+00     65  6.8E-05  2.6E-01  5.2072454E-01    148 4.7E+01
    65      1  1.0E+00     66  1.5E-04  1.9E-01  5.1833737E-01    148 4.7E+01
    66      2  1.0E+00     67  4.7E-04  3.0E-01  5.1601024E-01    147 4.7E+01
    67      1  1.0E+00     68  1.2E-03  1.6E-01  5.1282611E-01    147 4.7E+01   R
    68      1  1.0E+00     69  1.7E-05  1.3E-01  5.1179355E-01    147 4.7E+01 s
    69      1  1.0E+00     70  8.4E-06  9.5E-02  5.1116803E-01    147 4.7E+01

 Major Minors     Step   nCon Feasible  Optimal  MeritFunction     nS Penalty
    70      1  1.0E+00     71  1.2E-05  1.6E-01  5.1076494E-01    147 4.7E+01
    71      1  1.0E+00     72  6.6E-06  2.4E-01  5.1047250E-01    147 4.7E+01
    72      1  2.8E-01     73  5.8E-06  2.3E-01  5.1042825E-01    147 4.7E+01
    73      1  3.4E-01     74  1.4E-05  3.4E-01  5.1033435E-01    147 4.7E+01
    74      1  1.0E+00     75  1.8E-05  1.6E-01  5.1026409E-01    147 4.7E+01
    75      1  1.0E+00     76  6.1E-06  1.1E-01  5.0953025E-01    147 4.7E+01
    76      1  1.0E+00     77  3.7E-06  1.2E-01  5.0911715E-01    147 4.7E+01
    77      2  3.2E-01     78  4.0E-06  1.4E-01  5.0895699E-01    146 4.7E+01
    78      2  2.4E-01     79  4.5E-06  2.2E-01  5.0872467E-01    147 4.7E+01   R
    79      1  4.7E-01     80  5.5E-06  9.4E-02  5.0850798E-01    147 4.7E+01 s

 Major Minors     Step   nCon Feasible  Optimal  MeritFunction     nS Penalty
    80      1  1.0E+00     81 (5.4E-07) 7.3E-02  5.0836261E-01    147 4.7E+01
    81      1  3.1E-01     82  1.2E-06  9.3E-02  5.0833028E-01    147 4.7E+01
    82      1  1.0E+00     83 (6.0E-07) 3.7E-01  5.0820241E-01    147 4.7E+01
    83      1  4.9E-01     84  1.3E-06  1.6E-01  5.0813151E-01    147 4.7E+01
    84      1  1.0E+00     85  1.2E-06  1.5E-01  5.0802502E-01    147 4.7E+01
    85      2  1.0E+00     86  3.8E-06  1.5E-01  5.0792513E-01    146 4.7E+01
    86      2  1.0E+00     87  5.2E-06  3.7E-01  5.0777971E-01    147 4.7E+01
    87      1  1.0E+00     88  5.2E-06  1.9E-01  5.0772969E-01    147 4.7E+01
    88      2  4.6E-01     89  5.1E-06  1.8E-01  5.0764146E-01    146 4.7E+01
    89      1  1.0E+00     90  3.8E-06  1.7E-01  5.0755090E-01    146 4.7E+01   R

 Major Minors     Step   nCon Feasible  Optimal  MeritFunction     nS Penalty
    90      1  1.0E+00     91  2.9E-06  1.8E-01  5.0735876E-01    146 4.7E+01 s
    91      1  1.0E+00     92 (2.9E-07) 1.1E-01  5.0725934E-01    146 4.7E+01
    92      1  3.8E-01     93 (4.9E-07) 1.2E-01  5.0723401E-01    146 4.7E+01
    93      1  1.0E+00     94 (3.3E-07) 2.2E-01  5.0718308E-01    146 4.7E+01
    94      1  4.0E-01     95 (4.2E-07) 1.6E-01  5.0712585E-01    146 4.7E+01
    95      1  1.8E-01     96 (7.3E-07) 4.5E-01  5.0709193E-01    146 4.7E+01
    96      1  3.3E-01     97  1.0E-06  3.4E-01  5.0703317E-01    146 4.7E+01
    97      1  1.0E-01     98  1.1E-06  2.1E-01  5.0700791E-01    146 4.7E+01
    98      1  1.3E-01     99  1.2E-06  1.7E-01  5.0698846E-01    146 4.7E+01
    99      1  1.3E-01    100  1.5E-06  1.1E-01  5.0696201E-01    146 4.7E+01

 Major Minors     Step   nCon Feasible  Optimal  MeritFunction     nS Penalty
   100      1  3.8E-01    101  1.6E-06  1.5E-01  5.0691953E-01    146 4.7E+01   R
   101      1  1.0E+00    102 (7.1E-07) 9.7E-02  5.0686013E-01    146 4.7E+01 s
   102      1  1.0E+00    103 (2.4E-07) 9.6E-02  5.0681563E-01    146 4.7E+01
   103      1  1.0E+00    104 (4.1E-07) 2.3E-01  5.0679324E-01    146 4.7E+01
   104      1  1.0E+00    105 (2.1E-07) 2.0E-01  5.0673915E-01    146 4.7E+01
   105      1  4.1E-01    106 (4.9E-07) 1.6E-01  5.0669701E-01    146 4.7E+01
   106      1  1.0E+00    107  1.3E-06  5.3E-01  5.0666438E-01    146 4.7E+01
   107      2  1.0E+00    108  1.9E-06  2.1E-01  5.0651111E-01    146 4.7E+01
   108      2  1.0E+00    109  1.7E-05  2.6E-01  5.0632704E-01    146 4.7E+01
   109      2  1.0E+00    110  2.5E-04  2.9E-01  5.0561860E-01    146 4.7E+01

 Major Minors     Step   nCon Feasible  Optimal  MeritFunction     nS Penalty
   110      3  1.0E+00    111  3.5E-04  3.0E-01  5.0438928E-01    145 4.7E+01
   111      2  1.0E+00    112  1.0E-03  1.5E-01  5.0305221E-01    146 4.7E+01   R
   112      2  1.0E+00    113  2.0E-06  8.5E-02  5.0248128E-01    145 4.7E+01 s
   113      1  4.8E-01    114  6.6E-06  3.6E-01  5.0185852E-01    145 4.7E+01
   114      1  3.4E-01    115  1.1E-05  2.1E-01  5.0156989E-01    145 4.7E+01
   115      1  5.0E-01    116  1.1E-05  2.1E-01  5.0113699E-01    145 4.7E+01
   116      1  1.0E+00    117  1.8E-05  1.0E-01  5.0087450E-01    145 4.7E+01
   117      1  1.0E+00    118  1.3E-05  8.8E-02  5.0054166E-01    145 4.7E+01
   118      3  1.0E+00    119  2.5E-05  1.5E-01  4.9977446E-01    143 4.7E+01
   119      1  4.9E-01    120  2.8E-05  3.5E-01  4.9947485E-01    143 4.7E+01

 Major Minors     Step   nCon Feasible  Optimal  MeritFunction     nS Penalty
   120      2  1.0E+00    121  1.7E-04  2.1E-01  4.9893080E-01    143 4.7E+01
   121      4  1.0E+00    122  2.3E-04  1.8E-01  4.9740218E-01    140 4.7E+01
   122      2  1.0E+00    123  7.9E-04  1.1E-01  4.9565653E-01    141 4.7E+01   R
   123      2  1.0E+00    124  1.4E-05  8.0E-02  4.9428370E-01    142 4.7E+01 s
   124      1  1.0E+00    125  2.8E-05  5.4E-02  4.9404020E-01    142 4.7E+01
   125      2  1.0E+00    126  8.0E-06  6.3E-02  4.9306436E-01    141 4.7E+01
   126      1  1.0E+00    127  5.2E-05  1.5E-01  4.9270307E-01    141 4.7E+01
   127      1  1.0E+00    128  7.3E-06  9.0E-02  4.9193622E-01    141 4.7E+01
   128      2  1.0E+00    129  1.1E-04  1.1E-01  4.9097441E-01    140 4.7E+01
   129      2  1.0E+00    130  7.0E-05  2.6E-01  4.8993652E-01    139 4.7E+01

 Major Minors     Step   nCon Feasible  Optimal  MeritFunction     nS Penalty
   130      1  5.0E-01    131  1.7E-04  2.5E-01  4.8886595E-01    139 4.7E+01
   131      5  1.0E+00    132  4.0E-04  5.1E-01  4.8726432E-01    141 4.7E+01
   132      3  1.0E+00    133  8.1E-04  4.4E-01  4.8422062E-01    141 4.7E+01
   133      1  1.0E+00    134  7.9E-05  2.7E-01  4.7958536E-01    141 4.7E+01   R
   134      2  1.0E+00    135  2.1E-05  1.2E-01  4.7827384E-01    140 4.7E+01 s
   135      2  1.0E+00    136  2.4E-04  1.7E-01  4.7716098E-01    139 4.7E+01
   136      4  1.0E+00    137  5.5E-04  1.9E-01  4.7538421E-01    136 4.7E+01
   137      2  1.0E+00    138  2.6E-04  1.7E-01  4.7263870E-01    137 4.7E+01
   138      4  1.0E+00    139  5.2E-04  1.8E-01  4.6832872E-01    136 4.7E+01
   139      2  1.0E+00    140  6.0E-04  1.5E-01  4.6470872E-01    135 4.7E+01

 Major Minors     Step   nCon Feasible  Optimal  MeritFunction     nS Penalty
   140      3  3.5E-01    141  1.0E-03  1.9E-01  4.6155104E-01    135 4.7E+01
   141      1  3.5E-01    142  1.3E-03  7.5E-02  4.5887829E-01    135 4.7E+01
   142      3  1.0E+00    143  3.2E-03  2.3E-01  4.5535280E-01    133 4.7E+01
   143      1  1.0E+00    144  1.8E-04  8.1E-02  4.5276190E-01    133 4.7E+01
   144      1  1.0E+00    145  1.1E-05  1.3E-01  4.5225007E-01    133 4.7E+01   R
   145      1  1.0E+00    146  3.1E-06  6.6E-02  4.5185183E-01    133 4.7E+01 s
   146      1  1.0E+00    147  4.8E-06  1.0E-01  4.5153327E-01    133 4.7E+01
   147      2  1.0E+00    148  6.0E-05  1.5E-01  4.5117542E-01    132 4.7E+01
   148      3  3.7E-01    149  4.2E-05  3.1E-01  4.5087190E-01    132 4.7E+01
   149      2  4.1E-01    150  3.2E-05  1.2E-01  4.5059863E-01    131 4.7E+01

 Major Minors     Step   nCon Feasible  Optimal  MeritFunction     nS Penalty
   150      1  1.0E+00    151  2.0E-05  1.6E-01  4.5045874E-01    131 4.7E+01
   151      2  1.0E+00    152  4.3E-05  1.9E-01  4.4974849E-01    130 4.7E+01
   152      1  1.0E+00    153  1.8E-05  1.8E-01  4.4956703E-01    130 4.7E+01
   153      1  1.0E+00    154  5.5E-05  1.6E-01  4.4922843E-01    130 4.7E+01
   154      1  1.0E+00    155  4.7E-06  7.1E-02  4.4891254E-01    130 4.7E+01
   155      1  1.0E+00    156  1.2E-05  9.2E-02  4.4852924E-01    130 4.7E+01   R
   156      1  1.0E+00    157  3.4E-06  9.5E-02  4.4850751E-01    130 4.7E+01 s
   157      1  1.0E+00    158  1.1E-06  8.0E-02  4.4840278E-01    130 4.7E+01
   158      1  1.0E+00    159 (9.6E-07) 4.5E-02  4.4831340E-01    130 4.7E+01
   159      1  1.0E+00    160 (5.6E-07) 5.9E-02  4.4822186E-01    130 4.7E+01

 Major Minors     Step   nCon Feasible  Optimal  MeritFunction     nS Penalty
   160      1  1.0E+00    161  5.4E-06  1.2E-01  4.4819341E-01    130 4.7E+01
   161      1  1.0E+00    162  2.6E-06  1.3E-01  4.4814448E-01    130 4.7E+01
   162      1  5.0E-01    163  2.4E-06  6.8E-02  4.4805296E-01    130 4.7E+01
   163      1  4.8E-01    164  1.5E-06  1.8E-01  4.4799675E-01    130 4.7E+01
   164      1  2.9E-01    165  2.5E-06  2.3E-01  4.4794386E-01    130 4.7E+01
   165      1  2.3E-01    166  3.4E-06  1.3E-01  4.4789828E-01    130 4.7E+01
   166      1  1.3E-01    167  4.8E-06  3.0E-01  4.4784260E-01    130 4.7E+01   R
   167      1  4.1E-01    168  2.9E-06  1.3E-01  4.4780196E-01    130 4.7E+01 s
   168      1  1.0E+00    169 (2.1E-07) 8.1E-02  4.4778210E-01    130 4.7E+01
   169      1  1.0E+00    170 (2.6E-07) 1.4E-01  4.4777841E-01    130 4.7E+01

 Major Minors     Step   nCon Feasible  Optimal  MeritFunction     nS Penalty
   170      1  1.0E+00    171 (1.6E-07) 1.6E-01  4.4775633E-01    130 4.7E+01
   171      1  1.0E+00    172 (2.4E-07) 5.7E-02  4.4774312E-01    130 4.7E+01
   172      1  1.0E+00    173 (1.6E-07) 9.2E-02  4.4773576E-01    130 4.7E+01
   173      1  4.6E-01    174 (2.0E-07) 1.4E-01  4.4772021E-01    130 4.7E+01
   174      1  4.2E-01    175 (2.0E-07) 9.5E-02  4.4770225E-01    130 4.7E+01
   175      1  2.5E-01    176 (2.4E-07) 1.5E-01  4.4769019E-01    130 4.7E+01
   176      1  3.1E-01    177 (2.3E-07) 3.4E-01  4.4767170E-01    130 4.7E+01
   177      1  3.9E-01    178 (4.2E-07) 3.3E-01  4.4767064E-01    130 4.7E+01   R
   178      1  1.0E+00    179 (5.8E-07) 1.0E-01  4.4765074E-01    130 4.7E+01 s
   179      1  1.0E+00    180 (5.2E-08) 5.1E-02  4.4763283E-01    130 4.7E+01

 Major Minors     Step   nCon Feasible  Optimal  MeritFunction     nS Penalty
   180      1  1.0E+00    181 (5.3E-08) 1.5E-01  4.4762219E-01    130 4.7E+01
   181      1  1.0E+00    182 (7.1E-08) 1.3E-01  4.4760761E-01    130 4.7E+01
   182      1  1.0E+00    183 (1.6E-07) 1.2E-01  4.4760539E-01    130 4.7E+01
   183      1  1.0E+00    184 (1.7E-07) 8.0E-02  4.4758273E-01    130 4.7E+01
   184      1  1.0E+00    185 (8.6E-07) 3.0E-01  4.4755899E-01    130 4.7E+01
   185      1  1.1E-01    186 (7.8E-07) 3.0E-01  4.4755019E-01    130 4.7E+01
   186      1  7.0E-03    187 (7.8E-07) 3.0E-01  4.4754570E-01    130 4.7E+01
   187      1  2.7E-03    188 (7.8E-07) 3.3E-01  4.4754238E-01    130 4.7E+01
   188      1  4.4E-04    189 (7.8E-07) 3.2E-01  4.4754199E-01    130 4.7E+01   R
   189      1  1.0E+00    190 (3.1E-07) 1.4E-01  4.4751764E-01    130 4.7E+01 s

 Major Minors     Step   nCon Feasible  Optimal  MeritFunction     nS Penalty
   190      1  1.2E-02    191 (3.3E-07) 1.4E-01  4.4751764E-01    130 4.7E+01
   191      1  1.0E+00    192 (2.8E-08) 6.1E-02  4.4750876E-01    130 4.7E+01
   192      1  1.0E+00    193 (9.9E-08) 1.4E-01  4.4749727E-01    130 4.7E+01
   193      1  1.0E+00    194 (5.4E-08) 1.2E-01  4.4749023E-01    130 4.7E+01
   194      1  4.1E-01    195 (1.2E-07) 1.5E-01  4.4748405E-01    130 4.7E+01
   195      1  1.0E+00    196 (1.7E-07) 1.3E-01  4.4747697E-01    130 4.7E+01
   196      1  5.3E-02    197 (1.6E-07) 1.2E-01  4.4747516E-01    130 4.7E+01
   197      2  1.5E-02    198 (1.6E-07) 1.1E-01  4.4747207E-01    131 4.7E+01
   198      2  8.0E-03    199 (1.9E-07) 1.1E-01  4.4746476E-01    130 4.7E+01
   199      1  8.1E-03    200 (2.1E-07) 1.1E-01  4.4745857E-01    130 4.7E+01   R

 Major Minors     Step   nCon Feasible  Optimal  MeritFunction     nS Penalty
   200      1  1.0E+00    201 (8.1E-08) 7.3E-02  4.4745028E-01    130 4.7E+01 s
   201      1  2.6E-01    202 (8.9E-08) 7.5E-02  4.4744871E-01    130 4.7E+01
   202      1  1.0E+00    203 (9.3E-08) 1.0E-01  4.4744767E-01    130 4.7E+01
   203      1  1.0E+00    204 (2.7E-08) 7.5E-02  4.4743986E-01    130 4.7E+01
   204      1  1.0E+00    205 (2.4E-08) 1.3E-01  4.4743547E-01    130 4.7E+01
   205      1  1.0E+00    206 (1.8E-08) 6.0E-02  4.4742974E-01    130 4.7E+01
   206      1  8.8E-02    207 (2.2E-08) 6.5E-02  4.4742695E-01    130 4.7E+01
   207      1  5.2E-02    208 (4.9E-08) 8.9E-02  4.4742102E-01    130 4.7E+01
   208      1  5.2E-03    209 (5.0E-08) 1.3E-01  4.4742049E-01    130 4.7E+01
   209      1  2.9E-02    210 (8.2E-08) 2.3E-01  4.4741573E-01    130 4.7E+01

 Major Minors     Step   nCon Feasible  Optimal  MeritFunction     nS Penalty
   210      1  4.4E-02    211 (8.3E-08) 3.1E-01  4.4741456E-01    130 4.7E+01   R
   211      1  1.0E+00    212 (9.5E-08) 7.5E-02  4.4741068E-01    130 4.7E+01 s
   212      1  1.0E+00    213 (2.5E-08) 1.6E-01  4.4740992E-01    130 4.7E+01
   213      1  1.0E+00    214 (1.6E-08) 8.7E-02  4.4740612E-01    130 4.7E+01
   214      1  1.0E+00    215 (3.5E-08) 1.2E-01  4.4740189E-01    130 4.7E+01
   215      1  1.0E+00    216 (5.5E-08) 2.3E-01  4.4740008E-01    130 4.7E+01
   216      1  4.0E-01    217 (4.9E-08) 9.2E-02  4.4739414E-01    130 4.7E+01
   217      1  3.5E-02    218 (4.8E-08) 9.0E-02  4.4739394E-01    130 4.7E+01
   218      1  1.0E-01    219 (1.0E-07) 1.5E-01  4.4738922E-01    130 4.7E+01
   219      1  2.5E-01    220 (1.1E-07) 2.1E-01  4.4738854E-01    130 4.7E+01

 Major Minors     Step   nCon Feasible  Optimal  MeritFunction     nS Penalty
   220      1  1.0E+00    221 (8.2E-07) 2.1E-01  4.4737747E-01    130 4.7E+01
   221      1  1.0E+00    222  1.9E-06  1.0E-01  4.4736382E-01    130 4.7E+01   R
   222      1  1.0E+00    223 (8.6E-09) 9.1E-02  4.4734860E-01    130 4.7E+01 s
   223      1  3.7E-01    224 (2.5E-07) 8.7E-02  4.4733885E-01    130 4.7E+01
   224      1  1.0E+00    225 (1.1E-07) 1.5E-01  4.4733057E-01    130 4.7E+01
   225      1  1.0E+00    226 (2.5E-07) 1.0E-01  4.4732607E-01    130 4.7E+01
   226      1  1.0E+00    227 (1.7E-07) 2.3E-01  4.4732162E-01    130 4.7E+01
   227      1  1.0E+00    228 (2.4E-07) 1.6E-01  4.4731043E-01    130 4.7E+01
   228      1  1.0E+00    229 (2.8E-07) 5.4E-02  4.4728638E-01    130 4.7E+01
   229      1  3.2E-01    230 (4.5E-07) 1.5E-01  4.4728051E-01    130 4.7E+01

 Major Minors     Step   nCon Feasible  Optimal  MeritFunction     nS Penalty
   230      1  3.0E-01    231  1.2E-06  1.8E-01  4.4727689E-01    130 4.7E+01
   231      1  1.0E+00    232  3.1E-06  1.3E-01  4.4724234E-01    130 4.7E+01
   232      1  1.9E-02    233  3.1E-06  1.2E-01  4.4724009E-01    130 4.7E+01   R
   233      1  1.0E+00    234 (1.8E-07) 1.9E-01  4.4723209E-01    130 4.7E+01 s
   234      1  8.6E-02    235 (1.8E-07) 1.8E-01  4.4723113E-01    130 4.7E+01
   235      1  1.2E-01    236 (1.6E-07) 1.4E-01  4.4722902E-01    130 4.7E+01
   236      1  1.8E-01    237 (2.0E-07) 1.0E-01  4.4722460E-01    130 4.7E+01
   237      1  1.0E+00    238 (2.8E-08) 6.9E-02  4.4721989E-01    130 4.7E+01
   238      1  1.0E+00    239 (1.2E-07) 1.0E-01  4.4721725E-01    130 4.7E+01
   239      1  1.0E+00    240 (1.8E-07) 1.2E-01  4.4721126E-01    130 4.7E+01

 Major Minors     Step   nCon Feasible  Optimal  MeritFunction     nS Penalty
   240      1  5.0E-01    241 (1.8E-07) 9.0E-02  4.4720615E-01    130 4.7E+01
   241      1  1.3E-01    242 (1.9E-07) 2.7E-01  4.4720479E-01    130 4.7E+01
   242      1  1.5E-01    243 (2.5E-07) 1.4E-01  4.4720292E-01    130 4.7E+01
   243      1  1.0E+00    244  1.6E-06  2.0E-01  4.4719235E-01    130 4.7E+01   R
   244      1  1.0E+00    245 (1.9E-07) 1.2E-01  4.4719050E-01    130 4.7E+01 s
   245      1  1.0E+00    246 (3.5E-08) 5.0E-02  4.4718430E-01    130 4.7E+01
   246      1  1.0E+00    247 (2.6E-08) 9.7E-02  4.4718200E-01    130 4.7E+01
   247      1  1.0E+00    248 (7.6E-08) 1.3E-01  4.4718090E-01    130 4.7E+01
   248      1  1.0E+00    249 (7.3E-08) 7.8E-02  4.4717773E-01    130 4.7E+01
   249      1  1.0E+00    250 (6.9E-07) 2.3E-01  4.4717492E-01    130 4.7E+01

 Major Minors     Step   nCon Feasible  Optimal  MeritFunction     nS Penalty
   250      1  1.0E+00    251 (5.7E-08) 1.4E-01  4.4717093E-01    130 4.7E+01
   251      1  1.0E+00    252 (6.3E-07) 1.1E-01  4.4716463E-01    130 4.7E+01
   252      1  1.0E+00    253  4.8E-06  2.5E-01  4.4715405E-01    130 4.7E+01
   253      2  2.5E-01    254  5.1E-06  1.3E-01  4.4714717E-01    130 4.7E+01
   254      2  1.2E-01    255  7.5E-06  1.8E-01  4.4714149E-01    130 4.7E+01   R
   255      1  1.0E+00    256 (3.4E-07) 6.4E-02  4.4713590E-01    130 4.7E+01 s
   256      1  1.0E+00    257 (2.6E-08) 6.5E-02  4.4712838E-01    130 4.7E+01
   257      1  1.0E+00    258 (4.6E-08) 8.3E-02  4.4712617E-01    130 4.7E+01
   258      1  1.0E+00    259 (1.8E-08) 7.4E-02  4.4712347E-01    130 4.7E+01
   259      1  1.0E+00    260 (2.1E-07) 8.6E-02  4.4712212E-01    130 4.7E+01

 Major Minors     Step   nCon Feasible  Optimal  MeritFunction     nS Penalty
   260      1  1.0E+00    261 (2.7E-08) 8.0E-02  4.4711977E-01    130 4.7E+01
   261      1  4.6E-01    262 (9.0E-08) 9.4E-02  4.4711767E-01    130 4.7E+01
   262      1  4.7E-01    263 (1.6E-07) 1.9E-01  4.4711605E-01    130 4.7E+01
   263      1  4.6E-01    264 (2.7E-07) 9.4E-02  4.4711466E-01    130 4.7E+01
   264      1  1.0E+00    265 (6.5E-07) 2.0E-01  4.4711314E-01    130 4.7E+01
   265      1  1.0E+00    266 (5.2E-07) 1.3E-01  4.4710591E-01    130 4.7E+01   R
   266      1  1.0E+00    267 (1.3E-08) 3.1E-02  4.4710291E-01    130 4.7E+01 s
   267      1  1.0E+00    268 (4.1E-08) 1.0E-01  4.4710059E-01    130 4.7E+01
   268      1  1.0E+00    269 (3.0E-07) 1.1E-01  4.4709953E-01    130 4.7E+01
   269      1  1.0E+00    270 (3.2E-08) 8.9E-02  4.4709499E-01    130 4.7E+01

 Major Minors     Step   nCon Feasible  Optimal  MeritFunction     nS Penalty
   270      1  1.0E+00    271 (4.6E-07) 1.1E-01  4.4709183E-01    130 4.7E+01
   271      1  1.0E+00    272 (5.9E-07) 6.2E-02  4.4708430E-01    130 4.7E+01
   272      1  3.0E-02    273 (6.1E-07) 5.9E-02  4.4708275E-01    130 4.7E+01
   273      1  2.1E-02    274 (6.4E-07) 5.7E-02  4.4708106E-01    130 4.7E+01
   274      1  2.3E-02    275 (6.7E-07) 5.7E-02  4.4707928E-01    130 4.7E+01
   275      1  1.8E-02    276 (7.7E-07) 5.9E-02  4.4707678E-01    130 4.7E+01
   276      1  2.0E-02    277 (7.9E-07) 7.9E-02  4.4707516E-01    130 4.7E+01   R
   277      1  1.0E+00    278 (1.3E-08) 4.5E-02  4.4707207E-01    130 4.7E+01 s
   278      1  3.1E-01    279 (7.8E-08) 7.4E-02  4.4706967E-01    130 4.7E+01
   279      1  1.0E+00    280 (2.4E-07) 1.0E-01  4.4706588E-01    130 4.7E+01

 Major Minors     Step   nCon Feasible  Optimal  MeritFunction     nS Penalty
   280      1  4.6E-02    281 (2.3E-07) 1.0E-01  4.4706526E-01    130 4.7E+01
   281      1  2.8E-02    282 (2.8E-07) 1.0E-01  4.4706227E-01    130 4.7E+01
   282      1  4.5E-03    283 (2.9E-07) 9.9E-02  4.4706143E-01    130 4.7E+01
   283      1  5.7E-03    284 (2.9E-07) 9.9E-02  4.4706102E-01    130 4.7E+01
   284      1  1.7E-03    285 (2.9E-07) 9.9E-02  4.4706095E-01    130 4.7E+01
   285      1  3.2E-02    286 (2.8E-07) 9.6E-02  4.4706044E-01    130 4.7E+01
   286      1  2.5E-02    287 (2.7E-07) 9.5E-02  4.4706020E-01    130 4.7E+01
   287      1  7.0E-02    288 (3.2E-07) 6.9E-02  4.4705983E-01    130 4.7E+01   R
   288      1  1.0E+00    289 (6.4E-08) 6.2E-02  4.4705878E-01    130 4.7E+01 s
   289      1  2.8E-01    290 (5.8E-08) 5.9E-02  4.4705847E-01    130 4.7E+01

 Major Minors     Step   nCon Feasible  Optimal  MeritFunction     nS Penalty
   290      1  4.2E-01    291 (1.4E-07) 6.5E-02  4.4705788E-01    130 4.7E+01
   291      1  1.0E+00    292 (2.3E-07) 8.4E-02  4.4705690E-01    130 4.7E+01
   292      1  1.0E-01    293 (2.6E-07) 6.9E-02  4.4705660E-01    130 4.7E+01
   293      1  1.5E-01    294 (3.5E-07) 8.4E-02  4.4705617E-01    130 4.7E+01
   294      1  1.7E-01    295 (3.7E-07) 6.9E-02  4.4705573E-01    130 4.7E+01
   295      1  1.5E-01    296  1.0E-06  6.3E-02  4.4705446E-01    130 4.7E+01
   296      1  9.2E-02    297  1.4E-06  1.5E-01  4.4705388E-01    130 4.7E+01
   297      1  2.5E-01    298  2.1E-06  1.4E-01  4.4705229E-01    130 4.7E+01
   298      1  5.0E-02    299  2.5E-06  1.2E-01  4.4705137E-01    130 4.7E+01   R
   299      1  1.0E+00    300 (5.9E-08) 4.4E-02  4.4705101E-01    130 4.7E+01 s

 Major Minors     Step   nCon Feasible  Optimal  MeritFunction     nS Penalty
   300      1  1.0E+00    301 (5.4E-08) 1.1E-01  4.4705061E-01    130 4.7E+01
   301      1  1.0E+00    302 (1.7E-07) 6.0E-02  4.4705012E-01    130 4.7E+01
   302      1  1.0E+00    303 (6.5E-08) 2.5E-02  4.4704930E-01    130 4.7E+01
   303      1  1.0E+00    304 (2.5E-07) 6.7E-02  4.4704888E-01    130 4.7E+01
   304      1  4.4E-01    305 (6.1E-07) 1.3E-01  4.4704829E-01    130 4.7E+01
   305      1  1.0E+00    306  1.3E-05  2.0E-01  4.4704806E-01    130 4.7E+01
   306      2  1.0E+00    307  9.8E-05  1.8E-01  4.4704394E-01    130 4.7E+01
   307      4  1.0E+00    308  6.5E-05  8.0E-02  4.4703352E-01    132 4.7E+01
   308      1  1.9E-01    309  5.9E-05  1.2E-01  4.4703262E-01    132 4.7E+01
   309      1  1.0E+00    310  1.6E-04  1.7E-01  4.4703091E-01    132 4.7E+01   R

 Major Minors     Step   nCon Feasible  Optimal  MeritFunction     nS Penalty
   310      1  1.0E+00    311 (1.0E-07) 9.3E-02  4.4701933E-01    132 4.7E+01 s
   311      1  1.0E+00    312 (2.3E-08) 6.3E-02  4.4701827E-01    132 4.7E+01
   312      1  1.0E+00    313 (9.4E-08) 8.1E-02  4.4701697E-01    132 4.7E+01
   313      1  1.0E+00    314 (6.0E-07) 1.4E-01  4.4701528E-01    132 4.7E+01
   314      1  1.0E+00    315 (3.9E-07) 7.8E-02  4.4701399E-01    132 4.7E+01
   315      1  1.0E+00    316 (1.2E-07) 7.0E-02  4.4701346E-01    132 4.7E+01
   316      1  1.0E+00    317 (2.8E-08) 4.4E-02  4.4701294E-01    132 4.7E+01
   317      1  1.0E+00    318 (6.3E-07) 4.0E-02  4.4701178E-01    132 4.7E+01
   318      1  3.1E-01    319 (7.5E-07) 8.4E-02  4.4701121E-01    132 4.7E+01
   319      1  2.4E-01    320 (8.8E-07) 9.9E-02  4.4701109E-01    132 4.7E+01

 Major Minors     Step   nCon Feasible  Optimal  MeritFunction     nS Penalty
   320      1  5.0E-01    321  1.4E-06  1.3E-01  4.4701057E-01    132 4.7E+01   R
   321      1  1.0E+00    322 (2.2E-08) 9.0E-02  4.4700946E-01    132 4.7E+01 s
   322      1  1.0E+00    323 (1.7E-07) 8.0E-02  4.4700937E-01    132 4.7E+01
   323      1  1.0E+00    324 (4.1E-08) 3.4E-02  4.4700880E-01    132 4.7E+01
   324      1  1.0E+00    325 (4.6E-08) 3.4E-02  4.4700846E-01    132 4.7E+01
   325      1  1.0E+00    326  1.3E-06  7.3E-02  4.4700752E-01    132 4.7E+01
   326      1  1.0E+00    327  1.4E-06  1.1E-01  4.4700663E-01    132 4.7E+01
   327      2  1.0E+00    328  1.2E-05  7.6E-02  4.4700377E-01    131 4.7E+01
   328      2  1.0E+00    329  5.4E-05  1.8E-01  4.4700283E-01    132 4.7E+01
   329      2  1.0E+00    330 (2.6E-07) 6.6E-02  4.4699888E-01    131 4.7E+01

 Major Minors     Step   nCon Feasible  Optimal  MeritFunction     nS Penalty
   330      2  1.0E+00    331  1.2E-05  8.8E-02  4.4699695E-01    131 4.7E+01
   331      2  1.0E+00    332  7.1E-05  8.5E-02  4.4699197E-01    132 4.7E+01   R
   332      1  1.0E+00    333 (1.5E-08) 5.1E-02  4.4698834E-01    132 4.7E+01 s
   333      1  1.0E+00    334 (2.9E-07) 1.5E-01  4.4698725E-01    132 4.7E+01
   334      1  1.0E+00    335 (1.6E-07) 1.2E-01  4.4698662E-01    132 4.7E+01
   335      1  1.0E+00    336 (9.9E-08) 5.8E-02  4.4698587E-01    132 4.7E+01
   336      1  1.0E+00    337 (1.1E-07) 4.4E-02  4.4698541E-01    132 4.7E+01
   337      1  1.0E+00    338 (3.3E-07) 3.7E-02  4.4698461E-01    132 4.7E+01
   338      1  1.0E+00    339  2.4E-06  8.9E-02  4.4698373E-01    132 4.7E+01
   339      1  1.0E+00    340  1.3E-05  9.1E-02  4.4698103E-01    132 4.7E+01

 Major Minors     Step   nCon Feasible  Optimal  MeritFunction     nS Penalty
   340      1  2.2E-01    341  1.9E-05  9.0E-02  4.4697974E-01    132 4.7E+01
   341      1  1.0E+00    342  2.1E-05  7.5E-02  4.4697502E-01    132 4.7E+01
   342      1  1.0E+00    343  2.2E-04  1.5E-01  4.4697482E-01    132 4.7E+01   R
   343      1  1.0E+00    344 (2.0E-07) 7.7E-02  4.4696347E-01    132 4.7E+01 s
   344      1  1.0E+00    345 (2.0E-08) 4.7E-02  4.4696173E-01    132 4.7E+01
   345      1  1.0E+00    346 (1.4E-07) 5.7E-02  4.4696035E-01    132 4.7E+01
   346      1  1.0E+00    347 (3.2E-08) 2.1E-02  4.4695983E-01    132 4.7E+01
   347      1  1.0E+00    348 (2.1E-07) 1.0E-01  4.4695943E-01    132 4.7E+01
   348      1  1.0E+00    349 (2.4E-07) 2.9E-02  4.4695897E-01    132 4.7E+01
   349      1  1.0E+00    350 (8.2E-07) 4.2E-02  4.4695837E-01    132 4.7E+01

 Major Minors     Step   nCon Feasible  Optimal  MeritFunction     nS Penalty
   350      1  1.0E+00    351  1.1E-06  4.8E-02  4.4695759E-01    132 4.7E+01
   351      1  1.0E+00    352  8.6E-06  5.9E-02  4.4695662E-01    132 4.7E+01
   352      1  1.0E+00    353 (4.2E-08) 3.0E-02  4.4695636E-01    132 4.7E+01
   353      1  1.0E+00    354 (1.1E-07) 4.2E-02  4.4695568E-01    132 4.7E+01   R
   354      1  1.0E+00    355 (1.1E-08) 3.3E-02  4.4695531E-01    132 4.7E+01 s
   355      1  1.0E+00    356 (3.3E-08) 2.8E-02  4.4695497E-01    132 4.7E+01
   356      1  1.0E+00    357 (7.1E-07) 9.7E-02  4.4695454E-01    132 4.7E+01
   357      1  1.0E+00    358 (2.7E-07) 6.8E-02  4.4695367E-01    132 4.7E+01
   358      1  1.0E+00    359 (5.3E-07) 3.0E-02  4.4695326E-01    132 4.7E+01
   359      1  1.0E+00    360 (7.6E-07) 2.6E-02  4.4695264E-01    132 4.7E+01

 Major Minors     Step   nCon Feasible  Optimal  MeritFunction     nS Penalty
   360      1  1.0E+00    361  3.5E-06  6.5E-02  4.4695204E-01    132 4.7E+01
   361      1  1.0E+00    362  1.2E-05  1.9E-01  4.4695193E-01    132 4.7E+01
   362      1  1.0E+00    363 (3.7E-07) 7.2E-02  4.4695079E-01    132 4.7E+01
   363      1  1.0E+00    364 (2.3E-08) 4.0E-02  4.4694996E-01    132 4.7E+01
   364      1  1.0E+00    365  3.7E-06  3.8E-02  4.4694863E-01    132 4.7E+01   R
   365      1  1.0E+00    366 (4.4E-08) 1.4E-02  4.4694817E-01    132 4.7E+01 s
   366      1  1.0E+00    367 (6.6E-07) 5.9E-02  4.4694759E-01    132 4.7E+01
   367      1  1.0E+00    368 (7.2E-07) 4.2E-02  4.4694702E-01    132 4.7E+01
   368      1  1.0E+00    369 (6.7E-07) 5.2E-02  4.4694635E-01    132 4.7E+01
   369      1  1.0E+00    370  4.1E-06  7.8E-02  4.4694627E-01    132 4.7E+01

 Major Minors     Step   nCon Feasible  Optimal  MeritFunction     nS Penalty
   370      1  1.0E+00    371 (1.6E-08) 2.9E-02  4.4694523E-01    132 4.7E+01
   371      1  1.0E+00    372  1.2E-06  5.0E-02  4.4694485E-01    132 4.7E+01
   372      1  1.0E+00    373  2.1E-06  3.9E-02  4.4694403E-01    132 4.7E+01
   373      1  1.0E+00    374  5.6E-06  6.4E-02  4.4694246E-01    132 4.7E+01
   374      2  4.8E-01    375  4.0E-05  8.4E-02  4.4693887E-01    132 4.7E+01
   375      2  1.7E-01    376  4.5E-05  1.1E-01  4.4693680E-01    132 4.7E+01   R
   376      1  1.0E+00    377 (2.2E-08) 5.2E-02  4.4693572E-01    132 4.7E+01 s
   377      1  1.0E+00    378 (1.6E-08) 2.0E-02  4.4693517E-01    132 4.7E+01
   378      1  1.0E+00    379 (5.6E-08) 2.0E-02  4.4693478E-01    132 4.7E+01
   379      1  1.0E+00    380 (1.3E-07) 3.6E-02  4.4693449E-01    132 4.7E+01

 Major Minors     Step   nCon Feasible  Optimal  MeritFunction     nS Penalty
   380      1  1.0E+00    381 (1.9E-07) 3.2E-02  4.4693424E-01    132 4.7E+01
   381      1  1.0E+00    382 (4.0E-08) 3.4E-02  4.4693400E-01    132 4.7E+01
   382      1  1.0E+00    383 (6.4E-08) 2.1E-02  4.4693382E-01    132 4.7E+01
   383      1  1.0E+00    384 (2.0E-07) 2.1E-02  4.4693363E-01    132 4.7E+01
   384      1  3.1E-01    385 (2.2E-07) 2.3E-02  4.4693353E-01    132 4.7E+01
   385      1  1.0E+00    386 (5.6E-07) 2.9E-02  4.4693334E-01    132 4.7E+01
   386      1  1.0E+00    387 (2.8E-07) 4.7E-02  4.4693316E-01    132 4.7E+01   R
   387      1  1.0E+00    388 (2.5E-09) 3.5E-02  4.4693300E-01    132 4.7E+01 s
   388      1  1.0E+00    389 (3.7E-09) 4.3E-02  4.4693293E-01    132 4.7E+01
   389      1  1.0E+00    390 (7.7E-09) 1.1E-02  4.4693279E-01    132 4.7E+01

 Major Minors     Step   nCon Feasible  Optimal  MeritFunction     nS Penalty
   390      1  1.0E+00    391 (2.0E-08) 1.2E-02  4.4693266E-01    132 4.7E+01
   391      1  1.0E+00    392 (1.7E-07) 1.8E-02  4.4693246E-01    132 4.7E+01
   392      1  1.0E+00    393 (2.2E-07) 2.7E-02  4.4693232E-01    132 4.7E+01
   393      1  1.0E+00    394 (2.7E-07) 1.6E-02  4.4693208E-01    132 4.7E+01
   394      1  1.0E+00    395 (5.3E-07) 1.8E-02  4.4693186E-01    132 4.7E+01
   395      1  1.0E+00    396 (2.1E-07) 2.6E-02  4.4693164E-01    132 4.7E+01
   396      2  1.0E+00    397  1.4E-05  1.2E-01  4.4693074E-01    132 4.7E+01
   397      2  7.7E-02    398  1.4E-05  1.5E-01  4.4693032E-01    132 4.7E+01   R
   398      1  1.0E+00    399 (2.3E-08) 7.4E-02  4.4693002E-01    132 4.7E+01 s
   399      1  1.0E+00    400 (4.7E-09) 3.8E-02  4.4692951E-01    132 4.7E+01

 Major Minors     Step   nCon Feasible  Optimal  MeritFunction     nS Penalty
   400      1  1.0E+00    401 (8.2E-09) 2.1E-02  4.4692922E-01    132 4.7E+01
   401      1  1.0E+00    402 (1.7E-08) 1.5E-02  4.4692906E-01    132 4.7E+01
   402      1  1.0E+00    403 (5.6E-08) 2.3E-02  4.4692889E-01    132 4.7E+01
   403      1  1.0E+00    404 (4.0E-08) 1.8E-02  4.4692878E-01    132 4.7E+01
   404      1  1.0E+00    405 (2.2E-08) 2.1E-02  4.4692868E-01    132 4.7E+01
   405      1  1.0E+00    406 (2.2E-08) 1.5E-02  4.4692855E-01    132 4.7E+01
   406      1  1.0E+00    407 (1.8E-08) 2.1E-02  4.4692844E-01    132 4.7E+01
   407      1  1.0E+00    408 (9.0E-08) 2.4E-02  4.4692828E-01    132 4.7E+01
   408      1  1.0E+00    409 (4.4E-08) 2.9E-02  4.4692813E-01    132 4.7E+01   R
   409      1  1.0E+00    410 (8.0E-10) 1.5E-02  4.4692803E-01    132 4.7E+01 s

 Major Minors     Step   nCon Feasible  Optimal  MeritFunction     nS Penalty
   410      1  1.0E+00    411 (9.3E-09) 1.6E-02  4.4692794E-01    132 4.7E+01
   411      1  1.0E+00    412 (5.5E-09) 1.3E-02  4.4692786E-01    132 4.7E+01
   412      1  1.0E+00    413 (4.3E-08) 1.7E-02  4.4692774E-01    132 4.7E+01
   413      1  1.0E+00    414 (7.0E-08) 2.1E-02  4.4692760E-01    132 4.7E+01
   414      1  1.0E+00    415 (1.3E-07) 4.2E-02  4.4692745E-01    132 4.7E+01
   415      1  1.0E+00    416 (1.7E-07) 3.1E-02  4.4692717E-01    132 4.7E+01
   416      1  1.0E+00    417 (8.5E-07) 3.5E-02  4.4692686E-01    132 4.7E+01
   417      1  1.0E+00    418 (1.6E-07) 9.0E-02  4.4692675E-01    132 4.7E+01
   418      1  1.0E+00    419 (1.1E-07) 2.6E-02  4.4692628E-01    132 4.7E+01
   419      1  1.0E+00    420 (5.1E-07) 2.3E-02  4.4692577E-01    132 4.7E+01   R

 Major Minors     Step   nCon Feasible  Optimal  MeritFunction     nS Penalty
   420      1  1.0E+00    421 (4.1E-09) 2.8E-02  4.4692562E-01    132 4.7E+01 s
   421      1  1.0E+00    422 (1.9E-08) 2.4E-02  4.4692543E-01    132 4.7E+01
   422      1  1.0E+00    423 (2.9E-08) 3.2E-02  4.4692534E-01    132 4.7E+01
   423      1  1.0E+00    424 (5.3E-09) 2.0E-02  4.4692521E-01    132 4.7E+01
   424      1  1.0E+00    425 (5.4E-08) 4.5E-02  4.4692501E-01    132 4.7E+01
   425      1  1.0E+00    426 (8.0E-08) 3.8E-02  4.4692476E-01    132 4.7E+01
   426      1  3.9E-01    427 (6.0E-08) 3.0E-02  4.4692462E-01    132 4.7E+01
   427      1  3.3E-01    428 (4.2E-08) 2.7E-02  4.4692451E-01    132 4.7E+01
   428      1  4.6E-01    429 (3.2E-08) 2.2E-02  4.4692438E-01    132 4.7E+01
   429      1  1.0E+00    430 (1.2E-08) 4.2E-02  4.4692437E-01    132 4.7E+01

 Major Minors     Step   nCon Feasible  Optimal  MeritFunction     nS Penalty
   430      1  1.0E+00    431 (5.1E-10) 1.3E-02  4.4692423E-01    132 4.7E+01   R
   431      1  1.0E+00    432 (3.1E-10) 1.6E-02  4.4692419E-01    132 4.7E+01 s
   432      1  1.0E+00    433 (1.6E-10) 1.1E-02  4.4692414E-01    132 4.7E+01
   433      1  1.0E+00    434 (2.2E-09) 1.6E-02  4.4692399E-01    132 4.7E+01
   434      1  1.0E+00    435 (2.1E-08) 3.0E-02  4.4692363E-01    132 4.7E+01
   435      1  1.0E+00    436 (4.3E-08) 4.1E-02  4.4692336E-01    132 4.7E+01
   436      1  1.0E+00    437 (1.8E-08) 2.1E-02  4.4692316E-01    132 4.7E+01
   437      1  1.0E+00    438 (5.3E-09) 3.1E-02  4.4692300E-01    132 4.7E+01
   438      1  1.0E+00    439 (3.9E-08) 5.6E-02  4.4692267E-01    132 4.7E+01
   439      1  1.0E+00    440 (1.6E-08) 8.3E-02  4.4692234E-01    132 4.7E+01

 Major Minors     Step   nCon Feasible  Optimal  MeritFunction     nS Penalty
   440      1  1.0E+00    441  2.0E-06  1.2E-01  4.4691957E-01    132 4.7E+01
   441      1  1.0E+00    442  2.7E-06  6.5E-02  4.4691695E-01    132 4.7E+01   R
   442      1  1.0E+00    443 (3.8E-09) 2.4E-02  4.4691689E-01    132 1.9E+03 s
   443      1  1.0E+00    444 (4.9E-10) 1.7E-02  4.4691676E-01    132 5.1E+02
   444      1  1.0E+00    445 (5.7E-10) 3.6E-02  4.4691661E-01    132 5.1E+02
   445      1  1.0E+00    446 (6.4E-10) 2.6E-02  4.4691649E-01    132 5.1E+02
   446      1  1.0E+00    447 (2.9E-10) 1.9E-02  4.4691641E-01    132 5.1E+02
   447      1  1.0E+00    448 (2.9E-10) 2.4E-02  4.4691635E-01    132 5.1E+02
   448      1  1.0E+00    449 (2.3E-10) 8.8E-03  4.4691632E-01    132 5.1E+02
   449      1  1.0E+00    450 (1.7E-10) 1.8E-02  4.4691629E-01    132 5.1E+02

 Major Minors     Step   nCon Feasible  Optimal  MeritFunction     nS Penalty
   450      1  1.0E+00    451 (1.5E-10) 1.8E-02  4.4691623E-01    132 5.1E+02
   451      1  1.0E+00    452 (2.1E-09) 6.1E-02  4.4691614E-01    132 5.1E+02
   452      1  1.0E+00    453 (5.0E-10) 1.8E-02  4.4691600E-01    132 5.1E+02   R
   453      1  1.0E+00    454 (3.3E-10) 1.0E-02  4.4691593E-01    132 5.1E+02 s
   454      1  1.0E+00    455 (1.0E-10) 8.1E-03  4.4691590E-01    132 5.1E+02
   455      1  1.0E+00    456 (2.3E-10) 7.2E-03  4.4691585E-01    132 5.1E+02
   456      1  1.0E+00    457 (3.8E-10) 1.0E-02  4.4691581E-01    132 5.1E+02
   457      1  1.0E+00    458 (6.1E-10) 1.4E-02  4.4691575E-01    132 5.1E+02
   458      1  1.0E+00    459 (1.4E-09) 1.8E-02  4.4691566E-01    132 5.1E+02
   459      1  1.0E+00    460 (3.0E-09) 2.1E-02  4.4691554E-01    132 5.1E+02

 Major Minors     Step   nCon Feasible  Optimal  MeritFunction     nS Penalty
   460      1  1.0E+00    461 (1.2E-09) 1.5E-02  4.4691545E-01    132 5.1E+02
   461      1  1.0E+00    462 (4.3E-10) 1.4E-02  4.4691538E-01    132 5.1E+02
   462      1  1.0E+00    463 (2.0E-09) 4.3E-02  4.4691536E-01    132 5.1E+02
   463      1  1.0E+00    464 (2.6E-09) 4.2E-02  4.4691535E-01    132 5.1E+02   R
   464      1  1.0E+00    465 (1.6E-09) 3.1E-02  4.4691528E-01    132 5.1E+02 s
   465      1  1.0E+00    466 (2.7E-10) 7.4E-03  4.4691522E-01    132 5.1E+02
   466      1  1.0E+00    467 (2.5E-11) 4.9E-03  4.4691520E-01    132 5.1E+02
   467      1  1.0E+00    468 (1.4E-10) 8.8E-03  4.4691517E-01    132 5.1E+02
   468      1  1.0E+00    469 (1.7E-11) 8.7E-03  4.4691516E-01    132 5.1E+02
   469      1  1.0E+00    470 (3.6E-10) 6.2E-03  4.4691512E-01    132 5.1E+02

 Major Minors     Step   nCon Feasible  Optimal  MeritFunction     nS Penalty
   470      1  1.0E+00    471 (8.0E-11) 7.4E-03  4.4691510E-01    132 5.1E+02
   471      1  1.0E+00    472 (1.5E-10) 6.8E-03  4.4691508E-01    132 5.1E+02
   472      1  1.0E+00    473 (1.7E-10) 6.8E-03  4.4691505E-01    132 5.1E+02
   473      1  1.0E+00    474 (2.7E-10) 8.8E-03  4.4691502E-01    132 5.1E+02
   474      1  1.0E+00    475 (7.7E-10) 1.1E-02  4.4691498E-01    132 5.1E+02   R
   475      1  1.0E+00    476 (4.9E-11) 6.0E-03  4.4691496E-01    132 5.1E+02 s
   476      1  1.0E+00    477 (1.8E-10) 8.0E-03  4.4691492E-01    132 5.1E+02
   477      1  1.0E+00    478 (1.9E-10) 2.1E-02  4.4691491E-01    132 5.1E+02
   478      1  1.0E+00    479 (1.4E-10) 6.6E-03  4.4691488E-01    132 5.1E+02
   479      1  1.0E+00    480 (1.3E-09) 1.0E-02  4.4691483E-01    132 5.1E+02

 Major Minors     Step   nCon Feasible  Optimal  MeritFunction     nS Penalty
   480      1  1.0E+00    481 (1.3E-09) 1.2E-02  4.4691480E-01    132 5.1E+02
   481      1  1.0E+00    482 (1.0E-09) 8.3E-03  4.4691478E-01    132 5.1E+02
   482      1  1.0E+00    483 (4.5E-09) 1.5E-02  4.4691474E-01    132 5.1E+02
   483      1  1.0E+00    484 (4.7E-09) 2.2E-02  4.4691468E-01    132 5.1E+02
   484      1  1.0E+00    485 (7.3E-09) 2.4E-02  4.4691460E-01    132 5.1E+02
   485      1  1.0E+00    486 (1.9E-08) 7.3E-02  4.4691455E-01    132 5.1E+02   R
   486      1  1.0E+00    487 (3.4E-09) 1.3E-02  4.4691436E-01    132 5.1E+02 s
   487      1  1.0E+00    488 (2.6E-10) 1.0E-02  4.4691431E-01    132 5.1E+02
   488      1  1.0E+00    489 (2.6E-10) 1.0E-02  4.4691426E-01    132 5.1E+02
   489      1  1.0E+00    490 (8.6E-10) 9.8E-03  4.4691421E-01    132 5.1E+02

 Major Minors     Step   nCon Feasible  Optimal  MeritFunction     nS Penalty
   490      1  1.0E+00    491 (3.1E-10) 9.9E-03  4.4691419E-01    132 5.1E+02
   491      1  1.0E+00    492 (5.9E-11) 5.6E-03  4.4691417E-01    132 5.1E+02
   492      1  1.0E+00    493 (2.0E-10) 1.2E-02  4.4691415E-01    132 5.1E+02
   493      1  1.0E+00    494 (1.1E-09) 9.2E-03  4.4691412E-01    132 5.1E+02
   494      1  1.0E+00    495 (5.5E-09) 7.1E-03  4.4691407E-01    132 5.1E+02
   495      1  1.0E+00    496 (9.4E-09) 1.1E-02  4.4691402E-01    132 5.1E+02
   496      1  1.0E+00    497 (1.4E-08) 1.7E-02  4.4691395E-01    132 5.1E+02   R
   497      1  1.0E+00    498 (2.0E-10) 1.2E-02  4.4691388E-01    132 5.1E+02 s
   498      1  1.0E+00    499 (3.1E-09) 1.2E-02  4.4691377E-01    132 5.1E+02
   499      1  1.0E+00    500 (2.1E-09) 1.8E-02  4.4691376E-01    132 5.1E+02

 Major Minors     Step   nCon Feasible  Optimal  MeritFunction     nS Penalty
   500      1  1.0E+00    501 (4.3E-10) 8.1E-03  4.4691371E-01    132 5.1E+02
   501      1  1.0E+00    502 (1.8E-10) 1.2E-02  4.4691370E-01    132 5.1E+02
   502      1  1.0E+00    503 (5.8E-10) 1.3E-02  4.4691368E-01    132 5.1E+02
   503      1  1.0E+00    504 (8.2E-09) 1.2E-02  4.4691362E-01    132 5.1E+02
   504      1  1.0E+00    505 (5.2E-08) 1.0E-01  4.4691358E-01    132 5.1E+02
   505      1  1.0E+00    506 (3.6E-07) 7.9E-02  4.4691333E-01    132 5.1E+02
   506      1  1.0E+00    507 (5.8E-07) 1.4E-01  4.4691298E-01    132 5.1E+02
   507      1  1.0E+00    508  2.8E-06  1.5E-01  4.4691289E-01    132 5.1E+02   R
   508      1  4.6E-01    509  1.5E-06  5.4E-02  4.4691197E-01    132 5.1E+02 s
   509      1  3.8E-01    510 (9.5E-07) 4.6E-02  4.4691158E-01    132 5.1E+02

 Major Minors     Step   nCon Feasible  Optimal  MeritFunction     nS Penalty
   510      1  1.0E+00    511 (3.3E-09) 5.1E-02  4.4691155E-01    132 5.1E+02
   511      1  1.0E+00    512 (1.5E-09) 3.3E-02  4.4691132E-01    132 5.1E+02
   512      1  1.0E+00    513 (5.7E-10) 2.0E-02  4.4691124E-01    132 5.1E+02
   513      1  1.0E+00    514 (2.9E-10) 1.3E-02  4.4691117E-01    132 5.1E+02
   514      1  1.0E+00    515 (1.2E-09) 2.2E-02  4.4691112E-01    132 5.1E+02
   515      1  1.0E+00    516 (8.6E-11) 1.1E-02  4.4691110E-01    132 5.1E+02
   516      1  1.0E+00    517 (2.0E-09) 3.3E-02  4.4691105E-01    132 5.1E+02
   517      2  1.0E+00    518 (1.0E-09) 3.4E-02  4.4691101E-01    133 5.1E+02
   518      1  1.0E+00    519 (2.4E-08) 5.6E-02  4.4691095E-01    133 5.1E+02   R
   519      1  1.0E+00    520 (5.4E-10) 8.9E-03  4.4691084E-01    133 5.1E+02 s

 Major Minors     Step   nCon Feasible  Optimal  MeritFunction     nS Penalty
   520      1  1.0E+00    521 (1.3E-10) 3.4E-03  4.4691083E-01    133 5.1E+02
   521      1  1.0E+00    522 (9.1E-10) 9.4E-03  4.4691081E-01    133 5.1E+02
   522      1  1.0E+00    523 (4.5E-09) 1.0E-02  4.4691078E-01    133 5.1E+02
   523      1  1.0E+00    524 (1.4E-08) 1.0E-02  4.4691074E-01    133 5.1E+02
   524      1  1.0E+00    525 (6.1E-08) 1.0E-02  4.4691067E-01    133 5.1E+02
   525      1  1.0E+00    526 (3.2E-07) 7.7E-03  4.4691051E-01    133 5.1E+02
   526      1  1.0E+00    527  2.1E-06  1.0E-02  4.4691017E-01    133 5.1E+02
   527      1  2.1E-02    528  2.1E-06  1.0E-02  4.4691015E-01    133 5.1E+02
   528      1  1.2E-02    529  2.1E-06  1.0E-02  4.4691013E-01    133 5.1E+02
   529      1  9.6E-03    530  2.1E-06  1.0E-02  4.4691011E-01    133 5.1E+02   R

 Major Minors     Step   nCon Feasible  Optimal  MeritFunction     nS Penalty
   530      1  1.0E+00    531 (9.7E-10) 6.7E-03  4.4690992E-01    133 5.1E+02 s
   531      1  2.7E-01    532 (7.0E-09) 2.6E-02  4.4690976E-01    133 5.1E+02
   532      1  2.1E-01    533 (1.2E-08) 2.2E-02  4.4690959E-01    133 5.1E+02
   533      1  8.3E-02    534 (1.2E-08) 1.6E-02  4.4690953E-01    133 5.1E+02
   534      1  1.5E-01    535 (1.1E-08) 8.7E-03  4.4690949E-01    133 5.1E+02
   535      1  1.3E-01    536 (1.1E-08) 7.6E-03  4.4690947E-01    133 5.1E+02
   536      1  4.6E-02    537 (1.1E-08) 9.2E-03  4.4690945E-01    133 5.1E+02
   537      1  7.4E-02    538 (1.1E-08) 6.7E-03  4.4690942E-01    133 5.1E+02
   538      1  1.3E-01    539 (2.1E-08) 9.5E-03  4.4690933E-01    133 5.1E+02
   539      1  3.9E-02    540 (2.5E-08) 7.3E-03  4.4690927E-01    133 5.1E+02

 Major Minors     Step   nCon Feasible  Optimal  MeritFunction     nS Penalty
   540      1  3.0E-02    541 (3.0E-08) 8.9E-03  4.4690920E-01    133 5.1E+02   R
   541      1  1.0E+00    542 (7.9E-10) 1.7E-02  4.4690914E-01    133 5.1E+02 s
   542      1  1.0E+00    543 (2.0E-09) 4.8E-02  4.4690914E-01    133 5.1E+02
   543      1  1.0E+00    544 (5.1E-09) 2.3E-02  4.4690904E-01    133 5.1E+02
   544      1  1.0E+00    545 (5.2E-09) 2.5E-02  4.4690894E-01    133 5.1E+02
   545      1  4.4E-01    546 (6.2E-09) 1.7E-02  4.4690886E-01    133 5.1E+02
   546      1  4.5E-01    547 (6.7E-09) 1.4E-02  4.4690881E-01    133 5.1E+02
   547      1  1.0E+00    548 (2.1E-08) 2.7E-02  4.4690873E-01    133 5.1E+02
   548      1  6.9E-02    549 (2.0E-08) 2.3E-02  4.4690870E-01    133 5.1E+02
   549      1  4.3E-02    550 (2.0E-08) 2.1E-02  4.4690867E-01    133 5.1E+02

 Major Minors     Step   nCon Feasible  Optimal  MeritFunction     nS Penalty
   550      1  5.7E-02    551 (2.0E-08) 2.0E-02  4.4690865E-01    133 5.1E+02
   551      1  2.2E-01    552 (2.1E-08) 1.3E-02  4.4690857E-01    133 5.1E+02   R
   552      1  1.0E+00    553 (1.2E-09) 1.5E-02  4.4690855E-01    133 5.1E+02 s
   553      1  1.0E+00    554 (3.5E-10) 5.9E-03  4.4690851E-01    133 5.1E+02
   554      1  1.0E+00    555 (2.1E-09) 8.0E-03  4.4690849E-01    133 5.1E+02
   555      1  1.0E+00    556 (1.9E-08) 1.5E-02  4.4690843E-01    133 5.1E+02
   556      1  1.0E+00    557 (9.1E-07) 7.3E-02  4.4690819E-01    133 5.1E+02
   557      1  1.0E+00    558  2.9E-06  1.4E-01  4.4690815E-01    133 5.1E+02
   558      1  1.0E+00    559  3.8E-06  7.9E-02  4.4690729E-01    133 5.1E+02
   559      3  1.0E+00    560  2.1E-06  5.0E-02  4.4690593E-01    135 5.1E+02

 Major Minors     Step   nCon Feasible  Optimal  MeritFunction     nS Penalty
   560      3  1.0E+00    561  1.4E-05  3.8E-02  4.4690485E-01    135 5.1E+02
   561      1  1.9E-01    562  1.4E-05  3.7E-02  4.4690400E-01    135 5.1E+02
   562      4  4.9E-01    563  1.4E-05  3.0E-02  4.4690230E-01    135 5.1E+02   R
   563      1  1.0E+00    564 (2.7E-08) 2.2E-02  4.4690116E-01    135 5.1E+02 s
   564      1  4.5E-01    565 (1.5E-08) 2.4E-02  4.4690095E-01    135 5.1E+02
   565      1  3.4E-01    566 (1.2E-08) 1.9E-02  4.4690085E-01    135 5.1E+02
   566      1  4.3E-01    567 (1.2E-08) 2.0E-02  4.4690072E-01    135 5.1E+02
   567      1  1.0E+00    568 (2.3E-08) 1.2E-02  4.4690059E-01    135 5.1E+02
   568      1  6.0E-02    569 (2.5E-08) 1.3E-02  4.4690056E-01    135 5.1E+02
   569      1  2.5E-02    570 (2.6E-08) 1.2E-02  4.4690053E-01    135 5.1E+02

 Major Minors     Step   nCon Feasible  Optimal  MeritFunction     nS Penalty
   570      2  2.2E-02    571 (2.7E-08) 1.4E-02  4.4690050E-01    135 5.1E+02
   571      1  1.6E-03    572 (2.7E-08) 1.5E-02  4.4690049E-01    135 5.1E+02
   572      1  4.3E-03    573 (2.7E-08) 1.6E-02  4.4690047E-01    135 5.1E+02
   573      1  2.7E-02    574 (2.6E-08) 2.0E-02  4.4690047E-01    135 5.1E+02   R
   574      1  1.0E+00    575 (2.3E-09) 7.6E-03  4.4690032E-01    135 5.1E+02 s
   575      1  1.0E+00    576 (6.7E-09) 1.5E-02  4.4690015E-01    135 5.1E+02
   576      1  1.0E+00    577 (4.3E-08) 2.1E-02  4.4689991E-01    135 5.1E+02
   577      1  1.0E+00    578 (1.4E-07) 2.1E-02  4.4689945E-01    135 5.1E+02
   578      2  1.1E-01    579 (1.4E-07) 2.5E-02  4.4689927E-01    134 5.1E+02
   579      2  5.1E-02    580 (1.5E-07) 2.8E-02  4.4689907E-01    135 5.1E+02

 Major Minors     Step   nCon Feasible  Optimal  MeritFunction     nS Penalty
   580      3  5.1E-02    581 (1.5E-07) 2.1E-02  4.4689888E-01    135 5.1E+02
   581      1  7.6E-02    582 (1.5E-07) 1.4E-02  4.4689867E-01    135 5.1E+02
   582      1  1.7E-01    583 (1.5E-07) 2.0E-02  4.4689834E-01    135 5.1E+02
   583      3  1.2E-01    584 (1.5E-07) 2.1E-02  4.4689802E-01    135 5.1E+02
   584      7  6.8E-02    585 (1.5E-07) 2.4E-02  4.4689788E-01    135 5.1E+02   R
   585      1  1.0E+00    586 (1.4E-09) 1.3E-02  4.4689770E-01    135 5.1E+02 s
   586      1  1.0E+00    587 (1.7E-08) 5.0E-02  4.4689763E-01    135 5.1E+02
   587      1  3.6E-01    588 (1.7E-08) 2.5E-02  4.4689743E-01    135 5.1E+02
   588      1  1.0E+00    589 (1.2E-08) 5.2E-02  4.4689735E-01    135 5.1E+02
   589      1  1.0E+00    590 (6.0E-09) 3.3E-02  4.4689699E-01    135 5.1E+02

 Major Minors     Step   nCon Feasible  Optimal  MeritFunction     nS Penalty
   590      1  1.0E+00    591 (1.5E-07) 3.1E-02  4.4689658E-01    135 5.1E+02
   591      2  7.2E-02    592 (1.4E-07) 3.5E-02  4.4689646E-01    134 5.1E+02
   592      1  3.5E-02    593 (1.4E-07) 3.4E-02  4.4689629E-01    134 5.1E+02
   593      2  3.0E-03    594 (1.4E-07) 3.4E-02  4.4689627E-01    135 5.1E+02
   594      1  1.8E-02    595 (1.4E-07) 3.3E-02  4.4689624E-01    135 5.1E+02
   595      1  6.1E-02    596 (1.3E-07) 2.8E-02  4.4689611E-01    135 5.1E+02   R
   596      1  1.0E+00    597 (7.0E-09) 1.4E-02  4.4689580E-01    135 5.1E+02 s
   597      1  1.0E+00    598 (2.9E-09) 1.6E-02  4.4689563E-01    135 5.1E+02
   598      1  1.0E+00    599 (1.2E-08) 1.4E-02  4.4689542E-01    135 5.1E+02
   599      2  1.0E+00    600 (8.5E-08) 4.5E-02  4.4689484E-01    134 5.1E+02

 Major Minors     Step   nCon Feasible  Optimal  MeritFunction     nS Penalty
   600      1  2.0E-01    601 (9.9E-08) 5.2E-02  4.4689443E-01    134 5.1E+02
   601      1  2.5E-01    602 (1.1E-07) 3.3E-02  4.4689395E-01    134 5.1E+02
   602      1  4.1E-01    603 (1.2E-07) 1.1E-01  4.4689358E-01    134 5.1E+02
   603      1  4.6E-01    604 (1.1E-07) 7.4E-02  4.4689309E-01    134 5.1E+02
   604      1  1.0E+00    605 (7.6E-08) 6.3E-02  4.4689262E-01    134 5.1E+02
   605      1  1.0E+00    606 (7.8E-09) 2.7E-02  4.4689212E-01    134 5.1E+02
   606      2  1.0E+00    607 (1.4E-08) 2.3E-02  4.4689170E-01    133 5.1E+02   R
   607      1  1.0E+00    608 (7.5E-09) 2.1E-02  4.4689155E-01    133 5.1E+02 s
   608      2  1.0E+00    609 (1.9E-08) 2.0E-02  4.4689140E-01    134 5.1E+02
   609      2  1.0E+00    610 (6.6E-08) 2.5E-02  4.4689123E-01    133 5.1E+02

 Major Minors     Step   nCon Feasible  Optimal  MeritFunction     nS Penalty
   610      1  1.0E+00    611 (5.0E-08) 3.1E-02  4.4689105E-01    133 5.1E+02
   611      1  1.0E+00    612 (9.6E-09) 3.1E-02  4.4689087E-01    133 5.1E+02
   612      1  1.0E+00    613 (3.5E-08) 1.8E-02  4.4689059E-01    133 5.1E+02
   613      1  2.4E-01    614 (3.3E-08) 2.0E-02  4.4689048E-01    133 5.1E+02
   614      1  5.1E-02    615 (3.3E-08) 2.0E-02  4.4689041E-01    133 5.1E+02
   615      1  4.2E-02    616 (3.6E-08) 2.0E-02  4.4689030E-01    133 5.1E+02
   616      1  4.8E-02    617 (3.6E-08) 2.1E-02  4.4689022E-01    133 5.1E+02
   617      1  1.5E-01    618 (3.2E-08) 1.9E-02  4.4689015E-01    133 5.1E+02   R
   618      1  1.0E+00    619 (8.6E-09) 8.9E-03  4.4689002E-01    133 5.1E+02 s
   619      1  4.1E-01    620 (5.1E-08) 3.1E-02  4.4688989E-01    133 5.1E+02

 Major Minors     Step   nCon Feasible  Optimal  MeritFunction     nS Penalty
   620      1  3.5E-01    621 (6.7E-08) 1.8E-02  4.4688980E-01    133 5.1E+02
   621      1  4.3E-01    622 (6.6E-08) 1.4E-02  4.4688971E-01    133 5.1E+02
   622      1  1.0E+00    623 (4.3E-08) 3.8E-02  4.4688965E-01    133 5.1E+02
   623      1  1.0E+00    624 (1.1E-07) 4.6E-02  4.4688932E-01    133 5.1E+02
   624      1  1.0E+00    625 (4.4E-07) 6.5E-02  4.4688874E-01    133 5.1E+02
   625      1  1.0E+00    626  1.8E-06  6.7E-02  4.4688768E-01    133 5.1E+02
   626      2  1.0E+00    627  8.3E-06  6.2E-02  4.4688556E-01    132 5.1E+02
   627      3  4.0E-01    628  9.9E-06  2.2E-02  4.4688352E-01    134 5.1E+02
   628      3  1.0E+00    629  1.5E-05  1.8E-01  4.4688314E-01    134 5.1E+02   R
   629      2  4.6E-01    630  8.3E-06  5.0E-02  4.4688068E-01    135 5.1E+02 s

 Major Minors     Step   nCon Feasible  Optimal  MeritFunction     nS Penalty
   630      1  1.0E+00    631 (1.5E-08) 7.4E-02  4.4687914E-01    135 5.1E+02
   631      2  1.0E+00    632 (6.6E-09) 4.2E-02  4.4687796E-01    134 5.1E+02
   632      1  1.0E+00    633 (1.5E-07) 6.1E-02  4.4687480E-01    134 5.1E+02
   633      2  1.0E+00    634 (4.8E-07) 1.6E-01  4.4687196E-01    135 5.1E+02
   634      2  1.0E+00    635 (2.3E-08) 6.5E-02  4.4687066E-01    136 5.1E+02
   635      2  1.0E+00    636 (2.6E-07) 8.3E-02  4.4686950E-01    135 5.1E+02
   636      1  1.0E+00    637 (5.2E-08) 2.2E-02  4.4686866E-01    135 5.1E+02
   637      3  1.0E+00    638 (4.3E-08) 3.8E-02  4.4686827E-01    134 5.1E+02
   638      2  1.0E+00    639 (6.6E-08) 4.6E-02  4.4686788E-01    135 5.1E+02
   639      1  1.0E+00    640 (2.4E-07) 4.1E-02  4.4686730E-01    135 5.1E+02   R

 Major Minors     Step   nCon Feasible  Optimal  MeritFunction     nS Penalty
   640      1  1.0E+00    641 (1.9E-09) 1.5E-02  4.4686695E-01    135 5.1E+02 s
   641      2  1.0E+00    642 (4.8E-08) 3.2E-02  4.4686622E-01    134 5.1E+02
   642      1  1.0E+00    643 (1.7E-07) 1.3E-01  4.4686570E-01    134 5.1E+02
   643      1  1.0E+00    644 (2.1E-07) 4.7E-02  4.4686507E-01    134 5.1E+02
   644      1  1.0E+00    645 (1.2E-07) 2.9E-02  4.4686443E-01    134 5.1E+02
   645      1  1.0E+00    646 (7.0E-07) 4.5E-02  4.4686344E-01    134 5.1E+02
   646      1  1.0E+00    647  5.2E-06  1.8E-01  4.4686216E-01    134 5.1E+02
   647      1  1.0E+00    648  2.4E-05  1.8E-01  4.4686215E-01    134 5.1E+02
   648      2  3.2E-01    649  2.3E-05  1.6E-01  4.4685785E-01    135 5.1E+02
   649      2  1.0E+00    650  4.5E-06  1.1E-01  4.4684667E-01    134 5.1E+02

 Major Minors     Step   nCon Feasible  Optimal  MeritFunction     nS Penalty
   650      1  3.4E-01    651  7.4E-06  1.8E-01  4.4684446E-01    134 5.1E+02   R
   651      1  1.0E+00    652 (7.3E-08) 5.8E-02  4.4684001E-01    134 5.1E+02 s
   652      3  1.0E+00    653 (9.1E-08) 4.2E-02  4.4683867E-01    136 5.1E+02
   653      3  1.0E+00    654  1.5E-06  1.7E-01  4.4683702E-01    136 5.1E+02
   654      2  1.0E+00    655 (3.8E-07) 1.0E-01  4.4683566E-01    135 5.1E+02
   655      1  1.0E+00    656 (3.1E-07) 4.2E-02  4.4683412E-01    135 5.1E+02
   656      5  1.0E+00    657  5.6E-06  5.7E-02  4.4683042E-01    134 5.1E+02
   657      3  2.7E-01    658  6.8E-06  6.8E-02  4.4682797E-01    134 5.1E+02
   658      1  3.9E-01    659  7.3E-06  2.1E-01  4.4682676E-01    134 5.1E+02
   659      1  1.0E+00    660  7.9E-06  2.2E-01  4.4682177E-01    134 5.1E+02

 Major Minors     Step   nCon Feasible  Optimal  MeritFunction     nS Penalty
   660      2  1.0E+00    661 (2.3E-07) 6.4E-02  4.4681828E-01    133 5.1E+02
   661      2  1.0E+00    662  1.6E-06  4.9E-02  4.4681670E-01    134 5.1E+02   R
   662      1  1.0E+00    663 (1.3E-08) 4.3E-02  4.4681614E-01    134 5.1E+02 s
   663      1  1.0E+00    664 (9.2E-08) 6.8E-02  4.4681548E-01    134 5.1E+02
   664      1  1.0E+00    665 (1.6E-07) 4.8E-02  4.4681428E-01    134 5.1E+02
   665      1  1.0E+00    666  1.1E-06  2.8E-01  4.4681366E-01    134 5.1E+02
   666      1  1.0E+00    667 (1.9E-07) 8.9E-02  4.4681138E-01    134 5.1E+02
   667      1  1.0E+00    668 (6.5E-08) 7.8E-02  4.4680984E-01    134 5.1E+02
   668      1  1.0E+00    669 (2.9E-07) 2.7E-01  4.4680766E-01    134 5.1E+02
   669      1  3.1E-01    670 (3.3E-07) 2.6E-01  4.4680576E-01    134 5.1E+02

 Major Minors     Step   nCon Feasible  Optimal  MeritFunction     nS Penalty
   670      1  1.0E+00    671 (7.0E-07) 2.0E-01  4.4680102E-01    134 5.1E+02
   671      1  1.0E+00    672 (3.4E-07) 1.5E-01  4.4679723E-01    134 5.1E+02
   672      1  1.0E+00    673 (7.4E-07) 1.4E-01  4.4679220E-01    134 5.1E+02   R
   673      1  1.0E+00    674 (1.6E-08) 9.0E-02  4.4678924E-01    134 5.1E+02 s
   674      1  1.0E+00    675 (5.0E-08) 7.6E-02  4.4678777E-01    134 5.1E+02
   675      1  1.0E+00    676 (1.4E-08) 5.4E-02  4.4678718E-01    134 5.1E+02
   676      1  1.0E+00    677 (1.1E-08) 4.0E-02  4.4678624E-01    134 5.1E+02
   677      2  1.0E+00    678 (4.0E-08) 4.1E-02  4.4678528E-01    135 5.1E+02
   678      2  1.0E+00    679 (4.8E-08) 1.6E-01  4.4678478E-01    134 5.1E+02
   679      1  1.0E+00    680 (6.8E-09) 4.0E-02  4.4678410E-01    134 5.1E+02

 Major Minors     Step   nCon Feasible  Optimal  MeritFunction     nS Penalty
   680      1  1.0E+00    681 (7.6E-09) 5.0E-02  4.4678343E-01    134 5.1E+02
   681      1  1.0E+00    682 (9.5E-08) 7.3E-02  4.4678152E-01    134 5.1E+02
   682      1  4.6E-01    683 (3.2E-07) 1.8E-01  4.4678039E-01    134 5.1E+02
   683      2  1.0E+00    684  1.8E-06  2.4E-01  4.4677650E-01    135 5.1E+02   R
   684      2  1.0E+00    685 (1.8E-07) 7.8E-02  4.4676951E-01    134 5.1E+02 s
   685      1  1.0E+00    686 (1.5E-08) 2.7E-02  4.4676778E-01    134 5.1E+02
   686      1  1.0E+00    687 (1.5E-08) 3.0E-02  4.4676725E-01    134 5.1E+02
   687      1  1.0E+00    688 (5.3E-09) 2.5E-02  4.4676700E-01    134 5.1E+02
   688      1  1.0E+00    689 (8.8E-09) 3.0E-02  4.4676672E-01    134 5.1E+02
   689      1  1.0E+00    690 (7.2E-08) 7.8E-02  4.4676640E-01    134 5.1E+02

 Major Minors     Step   nCon Feasible  Optimal  MeritFunction     nS Penalty
   690      1  1.0E+00    691 (1.4E-08) 9.5E-02  4.4676622E-01    134 5.1E+02
   691      2  1.0E+00    692 (1.0E-08) 4.1E-02  4.4676603E-01    135 5.1E+02
   692      1  1.0E+00    693 (1.4E-08) 2.0E-02  4.4676574E-01    135 5.1E+02
   693      1  1.4E-01    694 (1.9E-08) 1.5E-02  4.4676558E-01    135 5.1E+02
   694      1  1.9E-01    695 (2.0E-08) 1.8E-02  4.4676545E-01    135 5.1E+02   R
   695      1  1.0E+00    696 (7.7E-10) 1.2E-02  4.4676537E-01    135 5.1E+02 s
   696      1  1.0E+00    697 (5.0E-09) 3.0E-02  4.4676528E-01    135 5.1E+02
   697      1  1.0E+00    698 (1.5E-09) 5.1E-02  4.4676518E-01    135 5.1E+02
   698      1  1.0E+00    699 (2.2E-09) 3.5E-02  4.4676497E-01    135 5.1E+02
   699      1  1.0E+00    700 (3.3E-09) 3.4E-02  4.4676461E-01    135 5.1E+02

 Major Minors     Step   nCon Feasible  Optimal  MeritFunction     nS Penalty
   700      1  2.1E-01    701 (5.2E-09) 2.8E-02  4.4676428E-01    135 5.1E+02
   701      1  1.3E-01    702 (6.9E-09) 4.5E-02  4.4676407E-01    135 5.1E+02
   702      1  9.8E-02    703 (1.1E-08) 5.3E-02  4.4676366E-01    135 5.1E+02
   703      1  7.8E-02    704 (1.3E-08) 5.6E-02  4.4676344E-01    135 5.1E+02
   704      1  1.0E+00    705 (2.3E-08) 1.9E-01  4.4676311E-01    135 5.1E+02
   705      1  1.0E+00    706 (2.1E-08) 7.5E-02  4.4676252E-01    135 5.1E+02   R
   706      1  1.0E+00    707 (5.4E-09) 3.9E-02  4.4676169E-01    135 5.1E+02 s
   707      2  1.0E+00    708 (4.6E-09) 6.0E-02  4.4676162E-01    136 5.1E+02
   708      1  1.0E+00    709 (1.2E-09) 2.7E-02  4.4676129E-01    136 5.1E+02
   709      1  1.0E+00    710 (2.8E-08) 4.7E-02  4.4676113E-01    136 5.1E+02

 Major Minors     Step   nCon Feasible  Optimal  MeritFunction     nS Penalty
   710      1  1.6E-01    711 (2.0E-08) 4.2E-02  4.4676109E-01    136 5.1E+02
   711      1  2.5E-01    712 (3.0E-08) 3.2E-02  4.4676088E-01    136 5.1E+02
   712      1  4.1E-02    713 (3.2E-08) 2.8E-02  4.4676084E-01    136 5.1E+02
   713      2  2.3E-03    714 (3.3E-08) 2.7E-02  4.4676081E-01    137 5.1E+02
   714      2  3.0E-02    715 (9.1E-08) 2.1E-02  4.4676073E-01    136 5.1E+02
   715      1  3.2E-01    716 (2.1E-07) 6.2E-02  4.4676052E-01    136 5.1E+02
   716      1  4.2E-02    717 (2.0E-07) 6.4E-02  4.4676043E-01    136 5.1E+02   R
   717      1  1.0E+00    718 (5.1E-08) 2.1E-02  4.4676021E-01    136 5.1E+02 s
   718      1  3.2E-01    719 (2.3E-08) 1.4E-02  4.4676010E-01    136 5.1E+02
   719      1  1.0E+00    720 (2.1E-08) 2.8E-02  4.4675998E-01    136 5.1E+02

 Major Minors     Step   nCon Feasible  Optimal  MeritFunction     nS Penalty
   720      1  1.0E+00    721 (1.2E-07) 2.3E-02  4.4675989E-01    136 5.1E+02
   721      1  2.4E-01    722 (1.2E-07) 4.6E-02  4.4675966E-01    136 5.1E+02
   722      1  2.5E-01    723 (6.9E-08) 5.1E-02  4.4675963E-01    136 5.1E+02
   723      1  1.0E+00    724 (7.9E-07) 3.6E-02  4.4675938E-01    136 5.1E+02
   724      1  1.0E+00    725 (1.0E-07) 4.1E-02  4.4675889E-01    136 5.1E+02
   725      1  1.9E-01    726 (1.3E-07) 6.4E-02  4.4675870E-01    136 5.1E+02
   726      1  6.4E-02    727 (1.3E-07) 5.2E-02  4.4675859E-01    136 5.1E+02
   727      1  1.4E-01    728 (1.3E-07) 5.3E-02  4.4675844E-01    136 5.1E+02   R
   728      1  1.0E+00    729 (1.1E-09) 2.0E-02  4.4675829E-01    136 5.1E+02 s
   729      1  1.0E+00    730 (3.0E-09) 1.5E-02  4.4675815E-01    136 5.1E+02

 Major Minors     Step   nCon Feasible  Optimal  MeritFunction     nS Penalty
   730      1  1.0E+00    731 (5.5E-08) 3.1E-02  4.4675777E-01    136 5.1E+02
   731      1  1.0E+00    732 (1.5E-07) 9.1E-02  4.4675772E-01    136 5.1E+02
   732      1  1.0E+00    733 (4.4E-09) 6.8E-02  4.4675710E-01    136 5.1E+02
   733      2  1.0E+00    734 (2.2E-07) 2.9E-02  4.4675633E-01    137 5.1E+02
   734      2  1.4E-01    735 (2.1E-07) 2.6E-02  4.4675600E-01    136 5.1E+02
   735      4  1.6E-03    736 (2.1E-07) 2.6E-02  4.4675595E-01    137 5.1E+02
   736      2  3.4E-02    737 (2.1E-07) 3.5E-02  4.4675594E-01    136 5.1E+02
   737      1  4.7E-01    738 (1.1E-07) 3.5E-02  4.4675584E-01    136 5.1E+02
   738      1  4.2E-01    739 (8.9E-08) 4.3E-02  4.4675559E-01    136 5.1E+02   R
   739      1  1.0E+00    740 (2.5E-09) 1.8E-02  4.4675505E-01    136 5.1E+02 s

 Major Minors     Step   nCon Feasible  Optimal  MeritFunction     nS Penalty
   740      1  1.0E+00    741 (5.3E-09) 2.3E-02  4.4675484E-01    136 5.1E+02
   741      1  1.0E+00    742 (9.7E-10) 1.4E-02  4.4675469E-01    136 5.1E+02
   742      2  1.0E+00    743 (1.1E-09) 1.9E-02  4.4675442E-01    137 5.1E+02
   743      1  1.0E+00    744 (3.6E-08) 9.6E-02  4.4675431E-01    137 5.1E+02
   744      1  1.0E+00    745 (5.6E-09) 9.2E-02  4.4675336E-01    137 5.1E+02
   745      1  1.0E+00    746 (1.9E-08) 2.6E-02  4.4675217E-01    137 5.1E+02
   746      1  4.4E-01    747 (1.1E-08) 1.2E-01  4.4675199E-01    137 5.1E+02
   747      1  4.7E-01    748 (3.5E-08) 9.5E-02  4.4675150E-01    137 5.1E+02
   748      1  1.0E+00    749 (5.9E-08) 7.6E-02  4.4675043E-01    137 5.1E+02
   749      1  1.0E+00    750 (2.7E-07) 7.4E-02  4.4674853E-01    137 5.1E+02   R

 Major Minors     Step   nCon Feasible  Optimal  MeritFunction     nS Penalty
   750      1  1.0E+00    751 (9.3E-09) 4.0E-02  4.4674800E-01    137 5.1E+02 s
   751      1  4.4E-01    752 (8.5E-09) 5.2E-02  4.4674771E-01    137 5.1E+02
   752      1  1.0E+00    753 (6.6E-09) 3.1E-02  4.4674752E-01    137 5.1E+02
   753      1  1.0E+00    754 (3.4E-09) 1.8E-02  4.4674715E-01    137 5.1E+02
   754      1  1.0E+00    755 (1.7E-09) 1.1E-02  4.4674698E-01    137 5.1E+02
   755      1  1.0E+00    756 (1.3E-09) 7.9E-03  4.4674678E-01    137 5.1E+02
   756      1  1.0E+00    757 (3.2E-08) 4.0E-02  4.4674616E-01    137 5.1E+02
   757      2  1.0E+00    758 (3.4E-09) 2.8E-02  4.4674578E-01    138 5.1E+02
   758      2  1.0E+00    759 (9.6E-08) 1.4E-01  4.4674576E-01    137 5.1E+02
   759      1  1.0E+00    760 (6.5E-09) 6.8E-02  4.4674437E-01    137 5.1E+02

 Major Minors     Step   nCon Feasible  Optimal  MeritFunction     nS Penalty
   760      1  1.0E+00    761 (2.7E-08) 3.5E-02  4.4674358E-01    137 5.1E+02   R
   761      1  1.0E+00    762 (1.4E-09) 1.4E-02  4.4674338E-01    137 5.1E+02 s
   762      1  1.0E+00    763 (2.7E-09) 1.3E-02  4.4674318E-01    137 5.1E+02
   763      1  1.0E+00    764 (2.6E-08) 3.2E-02  4.4674268E-01    137 5.1E+02
   764      1  1.0E+00    765 (1.2E-07) 6.5E-02  4.4674190E-01    137 5.1E+02
   765      2  1.0E+00    766 (1.3E-07) 8.3E-02  4.4674174E-01    138 5.1E+02
   766      1  1.0E+00    767 (5.7E-08) 9.4E-02  4.4673995E-01    138 5.1E+02
   767      3  1.0E+00    768 (4.4E-08) 9.8E-02  4.4673882E-01    137 5.1E+02
   768      1  1.0E+00    769  2.2E-06  7.7E-02  4.4673389E-01    137 5.1E+02
   769      1  1.0E+00    770  2.2E-06  6.9E-02  4.4673088E-01    137 5.1E+02

 Major Minors     Step   nCon Feasible  Optimal  MeritFunction     nS Penalty
   770      3  1.0E+00    771 (6.3E-07) 2.0E-02  4.4672988E-01    138 5.1E+02
   771      2  1.0E+00    772  1.8E-06  1.9E-02  4.4672882E-01    137 5.1E+02   R
   772      1  1.0E+00    773 (4.3E-08) 4.9E-02  4.4672820E-01    137 5.1E+02 s
   773      1  1.0E+00    774 (4.7E-07) 1.2E-01  4.4672697E-01    137 5.1E+02
   774      1  1.0E+00    775 (7.9E-07) 5.2E-02  4.4672554E-01    137 5.1E+02
   775      1  1.0E+00    776 (5.7E-07) 3.6E-02  4.4672443E-01    137 5.1E+02
   776      2  1.0E+00    777 (1.2E-07) 5.5E-02  4.4672405E-01    138 5.1E+02
   777      1  1.0E+00    778 (7.5E-08) 3.7E-02  4.4672360E-01    138 5.1E+02
   778      1  1.0E+00    779 (1.2E-07) 2.6E-02  4.4672319E-01    138 5.1E+02
   779      1  1.0E+00    780 (2.7E-07) 5.1E-02  4.4672269E-01    138 5.1E+02

 Major Minors     Step   nCon Feasible  Optimal  MeritFunction     nS Penalty
   780      1  3.7E-01    781 (3.3E-07) 7.5E-02  4.4672199E-01    138 5.1E+02
   781      1  1.2E-01    782 (3.7E-07) 4.6E-02  4.4672154E-01    138 5.1E+02
   782      1  1.5E-01    783 (4.1E-07) 8.0E-02  4.4672117E-01    138 5.1E+02   R
   783      1  1.0E+00    784 (9.5E-09) 3.1E-02  4.4672064E-01    138 5.1E+02 s
   784      1  1.0E+00    785 (4.9E-09) 3.9E-02  4.4672037E-01    138 5.1E+02
   785      1  1.0E+00    786 (2.1E-08) 3.5E-02  4.4672020E-01    138 5.1E+02
   786      1  1.0E+00    787 (3.4E-08) 4.2E-02  4.4671989E-01    138 5.1E+02
   787      2  1.0E+00    788 (2.0E-07) 4.9E-02  4.4671939E-01    137 5.1E+02
   788      1  1.0E+00    789 (3.4E-07) 4.7E-02  4.4671882E-01    137 5.1E+02
   789      1  4.1E-01    790 (4.1E-07) 7.7E-02  4.4671850E-01    137 5.1E+02

 Major Minors     Step   nCon Feasible  Optimal  MeritFunction     nS Penalty
   790      1  3.5E-01    791 (4.6E-07) 4.5E-02  4.4671806E-01    137 5.1E+02
   791      1  3.8E-01    792 (4.3E-07) 3.5E-02  4.4671765E-01    137 5.1E+02
   792      1  1.1E-01    793 (4.2E-07) 2.6E-02  4.4671744E-01    137 5.1E+02
   793      1  8.4E-02    794 (4.1E-07) 2.1E-02  4.4671728E-01    137 5.1E+02   R
   794      1  1.0E+00    795 (4.6E-09) 2.4E-02  4.4671705E-01    137 5.1E+02 s
   795      1  1.0E+00    796 (5.7E-08) 4.5E-02  4.4671672E-01    137 5.1E+02
   796      1  1.0E+00    797 (3.5E-08) 3.7E-02  4.4671620E-01    137 5.1E+02
   797      1  1.0E+00    798 (9.2E-08) 3.9E-02  4.4671584E-01    137 5.1E+02
   798      1  1.0E+00    799 (3.5E-08) 2.7E-02  4.4671547E-01    137 5.1E+02
   799      1  1.0E+00    800 (6.5E-08) 2.2E-02  4.4671509E-01    137 5.1E+02

 Major Minors     Step   nCon Feasible  Optimal  MeritFunction     nS Penalty
   800      2  1.0E+00    801 (2.5E-07) 3.2E-02  4.4671463E-01    138 5.1E+02
   801      2  1.0E+00    802 (2.5E-07) 2.6E-02  4.4671433E-01    137 5.1E+02
   802      2  1.6E-01    803 (3.5E-07) 4.7E-02  4.4671417E-01    138 5.1E+02
   803      2  1.0E+00    804 (1.3E-07) 2.2E-02  4.4671354E-01    139 5.1E+02
   804      1  3.8E-01    805 (2.6E-07) 3.0E-02  4.4671306E-01    139 5.1E+02   R
   805      1  1.0E+00    806 (2.2E-08) 1.4E-02  4.4671278E-01    139 5.1E+02 s
   806      2  1.0E+00    807 (2.9E-08) 2.0E-02  4.4671242E-01    138 5.1E+02
   807      1  1.0E+00    808 (5.8E-08) 1.4E-02  4.4671189E-01    138 5.1E+02
   808      1  1.0E+00    809 (1.5E-07) 2.2E-02  4.4671147E-01    138 5.1E+02
   809      1  1.0E+00    810 (9.1E-08) 3.6E-02  4.4671124E-01    138 5.1E+02

 Major Minors     Step   nCon Feasible  Optimal  MeritFunction     nS Penalty
   810      1  1.0E+00    811 (2.4E-07) 4.2E-02  4.4671100E-01    138 5.1E+02
   811      1  1.0E+00    812 (5.8E-08) 2.3E-02  4.4671065E-01    138 5.1E+02
   812      2  1.0E+00    813 (1.9E-08) 2.3E-02  4.4671043E-01    137 5.1E+02
   813      1  1.0E+00    814 (1.0E-08) 2.3E-02  4.4671018E-01    137 5.1E+02
   814      1  3.0E-01    815 (2.1E-08) 2.9E-02  4.4671004E-01    137 5.1E+02
   815      1  2.5E-01    816 (2.6E-08) 3.3E-02  4.4670982E-01    137 5.1E+02   R
   816      1  1.0E+00    817 (1.1E-09) 1.6E-02  4.4670966E-01    137 5.1E+02 s
   817      1  1.0E+00    818 (8.8E-09) 4.1E-02  4.4670950E-01    137 5.1E+02
   818      1  4.4E-01    819 (1.4E-08) 3.2E-02  4.4670929E-01    137 5.1E+02
   819      1  3.6E-01    820 (1.3E-08) 2.5E-02  4.4670916E-01    137 5.1E+02

 Major Minors     Step   nCon Feasible  Optimal  MeritFunction     nS Penalty
   820      1  1.0E+00    821 (1.4E-08) 4.6E-02  4.4670902E-01    137 5.1E+02
   821      1  3.7E-01    822 (1.9E-08) 5.1E-02  4.4670894E-01    137 5.1E+02
   822      1  1.0E+00    823 (1.0E-08) 2.5E-02  4.4670876E-01    137 5.1E+02
   823      1  1.0E+00    824 (7.1E-08) 3.9E-02  4.4670854E-01    137 5.1E+02
   824      1  1.0E+00    825 (9.2E-08) 3.2E-02  4.4670837E-01    137 5.1E+02
   825      1  4.9E-01    826 (7.4E-08) 2.1E-02  4.4670822E-01    137 5.1E+02
   826      1  1.0E+00    827 (7.0E-08) 2.6E-02  4.4670798E-01    137 5.1E+02   R
   827      1  1.0E+00    828 (1.3E-09) 3.4E-02  4.4670789E-01    137 5.1E+02 s
   828      1  1.0E+00    829 (1.7E-09) 1.7E-02  4.4670779E-01    137 5.1E+02
   829      1  1.0E+00    830 (3.3E-09) 2.4E-02  4.4670769E-01    137 5.1E+02

 Major Minors     Step   nCon Feasible  Optimal  MeritFunction     nS Penalty
   830      1  1.0E+00    831 (1.6E-08) 2.8E-02  4.4670755E-01    137 5.1E+02
   831      1  4.1E-01    832 (4.0E-08) 2.3E-02  4.4670741E-01    137 5.1E+02
   832      1  1.0E+00    833 (5.9E-08) 5.1E-02  4.4670734E-01    137 5.1E+02
   833      1  1.0E+00    834 (6.8E-09) 2.5E-02  4.4670723E-01    137 5.1E+02
   834      1  1.0E+00    835 (4.4E-09) 8.9E-03  4.4670718E-01    137 5.1E+02
   835      1  1.0E+00    836 (2.3E-09) 4.1E-03  4.4670713E-01    137 5.1E+02
   836      1  1.0E+00    837 (2.8E-08) 1.9E-02  4.4670706E-01    137 5.1E+02
   837      1  1.0E+00    838 (3.0E-08) 2.7E-02  4.4670698E-01    137 5.1E+02   R
   838      1  1.0E+00    839 (6.2E-10) 1.5E-02  4.4670690E-01    137 5.1E+02 s
   839      1  1.0E+00    840 (2.1E-10) 1.0E-02  4.4670686E-01    137 5.1E+02

 Major Minors     Step   nCon Feasible  Optimal  MeritFunction     nS Penalty
   840      1  1.0E+00    841 (7.4E-10) 5.9E-03  4.4670681E-01    137 5.1E+02
   841      1  1.0E+00    842 (5.2E-09) 1.5E-02  4.4670675E-01    137 5.1E+02
   842      1  1.0E+00    843 (4.5E-09) 1.0E-02  4.4670670E-01    137 5.1E+02
   843      1  1.0E+00    844 (1.0E-08) 1.3E-02  4.4670664E-01    137 5.1E+02
   844      1  1.0E+00    845 (3.2E-08) 1.2E-02  4.4670655E-01    137 5.1E+02
   845      1  1.0E+00    846 (2.1E-08) 1.5E-02  4.4670647E-01    137 5.1E+02
   846      2  1.0E+00    847 (2.0E-08) 1.4E-02  4.4670638E-01    138 5.1E+02
   847      2  1.0E+00    848 (2.3E-08) 1.3E-02  4.4670635E-01    137 5.1E+02
   848      1  1.0E+00    849 (5.2E-10) 8.8E-03  4.4670620E-01    137 5.1E+02   R
   849      1  4.8E-01    850 (8.3E-10) 5.9E-03  4.4670620E-01    137 5.1E+02 s

 Major Minors     Step   nCon Feasible  Optimal  MeritFunction     nS Penalty
   850      4  1.0E+00    851 (5.6E-11) 2.4E-02  4.4670618E-01    140 5.1E+02
   851      1  3.8E-01    852 (2.1E-09) 4.8E-03  4.4670613E-01    140 5.1E+02
   852      4  1.0E+00    853 (3.6E-10) 4.5E-03  4.4670612E-01    138 5.1E+02
   853      3  1.0E+00    854 (9.1E-09) 5.0E-03  4.4670608E-01    137 5.1E+02
   854      4  1.0E+00    855 (4.0E-10) 1.8E-02  4.4670607E-01    140 5.1E+02
   855      2  1.0E+00    856 (4.8E-08) 2.3E-02  4.4670602E-01    139 5.1E+02
   856      4  1.0E+00    857 (6.9E-10) 9.9E-03  4.4670597E-01    139 5.1E+02
   857      2  1.0E+00    858 (5.1E-09) 1.2E-02  4.4670592E-01    140 5.1E+02
   858      3  1.0E+00    859 (1.8E-07) 2.5E-02  4.4670582E-01    139 5.1E+02
   859      1  1.0E+00    860 (3.6E-08) 2.4E-02  4.4670572E-01    139 5.1E+02   R

 Major Minors     Step   nCon Feasible  Optimal  MeritFunction     nS Penalty
   860      1  1.0E+00    861 (3.4E-10) 1.0E-02  4.4670565E-01    139 5.1E+02 s
   861      3  1.0E+00    862 (9.3E-10) 9.3E-03  4.4670559E-01    138 5.1E+02
   862      2  1.0E+00    863 (5.8E-10) 5.3E-03  4.4670557E-01    139 5.1E+02
   863      1  1.0E+00    864 (1.5E-09) 6.9E-03  4.4670552E-01    139 5.1E+02
   864      1  1.0E+00    865 (1.4E-09) 4.4E-03  4.4670549E-01    139 5.1E+02
   865      1  1.0E+00    866 (1.4E-08) 4.4E-03  4.4670544E-01    139 5.1E+02
   866      1  1.0E+00    867 (1.3E-08) 8.1E-03  4.4670541E-01    139 5.1E+02
   867      1  1.0E+00    868 (1.8E-08) 1.1E-02  4.4670538E-01    139 5.1E+02
   868      1  1.0E+00    869 (5.2E-09) 8.8E-03  4.4670533E-01    139 5.1E+02
   869      2  1.0E+00    870 (9.0E-09) 6.1E-03  4.4670517E-01    138 5.1E+02

 Major Minors     Step   nCon Feasible  Optimal  MeritFunction     nS Penalty
   870      2  1.5E-01    871 (1.1E-08) 8.1E-03  4.4670516E-01    139 5.1E+02   R
   871      1  1.0E+00    872 (3.3E-09) 3.9E-03  4.4670511E-01    139 5.1E+02 s
   872      2  1.0E+00    873 (9.5E-10) 3.6E-03  4.4670508E-01    138 5.1E+02
   873      2  1.0E+00    874 (9.0E-10) 3.6E-03  4.4670505E-01    137 5.1E+02
   874      1  1.0E+00    875 (1.6E-08) 3.8E-03  4.4670498E-01    137 5.1E+02
   875      2  1.0E+00    876 (8.0E-09) 7.2E-03  4.4670494E-01    138 5.1E+02
   876      3  1.0E+00    877 (1.2E-08) 1.1E-02  4.4670488E-01    140 5.1E+02
   877      3  1.0E+00    878 (5.2E-08) 4.5E-02  4.4670483E-01    138 5.1E+02
   878      2  1.0E+00    879 (7.5E-10) 1.0E-02  4.4670474E-01    139 5.1E+02
   879      4  1.0E+00    880 (3.4E-08) 6.2E-03  4.4670461E-01    139 5.1E+02

 Major Minors     Step   nCon Feasible  Optimal  MeritFunction     nS Penalty
   880      1  9.0E-02    881 (7.4E-08) 6.5E-03  4.4670457E-01    139 5.1E+02
   881      1  4.4E-02    882 (7.5E-08) 6.1E-03  4.4670450E-01    139 5.1E+02   R
   882      1  1.4E-01    883 (6.4E-08) 5.8E-03  4.4670446E-01    139 5.1E+02 s
   883      3  1.0E+00    884 (1.6E-11) 4.8E-03  4.4670445E-01    139 5.1E+02
   884      1  1.0E+00    885 (3.6E-10) 5.4E-03  4.4670440E-01    139 5.1E+02
   885      1  1.0E+00    886 (6.7E-10) 8.6E-03  4.4670439E-01    139 5.1E+02
   886      1  1.0E+00    887 (2.6E-11) 7.1E-03  4.4670438E-01    139 5.1E+02
   887      1  1.0E+00    888 (1.7E-10) 4.7E-03  4.4670436E-01    139 5.1E+02
   888      1  1.0E+00    889 (4.2E-10) 2.8E-03  4.4670435E-01    139 5.1E+02
   889      1  1.0E+00    890 (1.9E-09) 2.5E-03  4.4670433E-01    139 5.1E+02

 Major Minors     Step   nCon Feasible  Optimal  MeritFunction     nS Penalty
   890      1  1.0E+00    891 (7.9E-10) 3.1E-03  4.4670432E-01    139 5.1E+02
   891      1  1.0E+00    892 (1.1E-09) 3.0E-03  4.4670431E-01    139 5.1E+02
   892      1  1.0E+00    893 (1.9E-09) 4.5E-03  4.4670430E-01    139 5.1E+02   R
   893      1  1.0E+00    894 (1.3E-11) 3.9E-03  4.4670429E-01    139 5.1E+02 s
   894      3  1.0E+00    895 (1.0E-08) 7.7E-03  4.4670428E-01    138 5.1E+02
   895      1  4.9E-01    896 (4.9E-09) 8.8E-03  4.4670423E-01    138 5.1E+02
   896      1  1.0E+00    897 (2.2E-10) 2.8E-03  4.4670420E-01    138 5.1E+02
   897      2  1.0E+00    898 (1.9E-09) 4.1E-03  4.4670415E-01    139 5.1E+02
   898      2  8.8E-02    899 (2.2E-09) 4.0E-03  4.4670413E-01    140 5.1E+02
   899      2  5.9E-02    900 (2.9E-09) 3.7E-03  4.4670410E-01    139 5.1E+02

 Major Minors     Step   nCon Feasible  Optimal  MeritFunction     nS Penalty
   900      4  5.0E-02    901 (3.9E-09) 3.6E-03  4.4670407E-01    140 5.1E+02
   901      1  9.2E-02    902 (5.0E-09) 2.5E-03  4.4670406E-01    140 5.1E+02
   902      4  1.0E+00    903 (1.7E-08) 1.2E-02  4.4670402E-01    138 5.1E+02
   903      1  3.6E-01    904 (2.3E-08) 2.4E-02  4.4670377E-01    138 5.1E+02   R
   904      1  1.0E+00    905 (2.2E-09) 1.1E-02  4.4670366E-01    138 5.1E+02 s
   905      1  1.0E+00    906 (1.2E-09) 7.8E-03  4.4670359E-01    138 5.1E+02
   906      2  1.0E+00    907 (1.8E-10) 3.9E-03  4.4670355E-01    139 5.1E+02
   907      1  1.0E+00    908 (1.2E-10) 2.9E-03  4.4670351E-01    139 5.1E+02
   908      2  1.0E+00    909 (2.2E-09) 3.8E-03  4.4670342E-01    138 5.1E+02
   909      1  1.0E+00    910 (1.1E-09) 3.2E-03  4.4670336E-01    138 5.1E+02

 Major Minors     Step   nCon Feasible  Optimal  MeritFunction     nS Penalty
   910      1  3.3E-02    911 (1.1E-09) 3.4E-03  4.4670335E-01    138 5.1E+02
   911      1  6.9E-02    912 (1.1E-09) 3.6E-03  4.4670334E-01    138 5.1E+02
   912      1  1.0E+00    913 (6.3E-08) 1.4E-02  4.4670331E-01    138 5.1E+02
   913      3  1.0E+00    914 (3.9E-09) 1.1E-02  4.4670313E-01    140 5.1E+02
   914      2  1.8E-01    915 (4.8E-08) 7.6E-03  4.4670310E-01    139 5.1E+02   R
   915      3  1.0E+00    916 (2.9E-10) 4.2E-03  4.4670291E-01    139 5.1E+02 s
   916      2  3.9E-01    917 (4.4E-09) 1.2E-02  4.4670276E-01    138 5.1E+02
   917      1  1.0E+00    918 (2.2E-09) 1.7E-02  4.4670265E-01    138 5.1E+02
   918      1  1.0E+00    919 (3.6E-09) 3.8E-02  4.4670259E-01    138 5.1E+02
   919      1  1.0E+00    920 (2.1E-09) 2.3E-02  4.4670252E-01    138 5.1E+02

 Major Minors     Step   nCon Feasible  Optimal  MeritFunction     nS Penalty
   920      1  1.0E+00    921 (3.2E-09) 1.0E-02  4.4670237E-01    138 5.1E+02
   921      1  1.0E+00    922 (7.2E-09) 2.8E-02  4.4670229E-01    138 5.1E+02
   922      1  1.0E+00    923 (8.6E-09) 1.1E-02  4.4670211E-01    138 5.1E+02
   923      1  1.0E+00    924 (5.9E-08) 9.1E-02  4.4670192E-01    138 5.1E+02
   924      1  1.0E+00    925 (1.7E-07) 5.6E-02  4.4670180E-01    138 5.1E+02
   925      1  1.0E+00    926 (9.1E-09) 2.7E-02  4.4670113E-01    138 5.1E+02   R
   926      1  1.0E+00    927 (9.0E-09) 4.4E-02  4.4670106E-01    138 5.1E+02 s
   927      1  1.0E+00    928 (1.7E-09) 1.5E-02  4.4670071E-01    138 5.1E+02
   928      1  1.0E+00    929 (6.1E-10) 1.3E-02  4.4670065E-01    138 5.1E+02
   929      2  1.0E+00    930 (2.3E-09) 2.6E-02  4.4670054E-01    139 5.1E+02

 Major Minors     Step   nCon Feasible  Optimal  MeritFunction     nS Penalty
   930      1  1.0E+00    931 (5.2E-09) 2.7E-02  4.4670036E-01    139 5.1E+02
   931      2  1.0E+00    932 (1.5E-08) 4.5E-02  4.4670014E-01    138 5.1E+02
   932      1  4.5E-01    933 (1.7E-08) 2.8E-02  4.4669997E-01    138 5.1E+02
   933      1  4.8E-02    934 (1.7E-08) 2.7E-02  4.4669993E-01    138 5.1E+02
   934      1  3.0E-02    935 (1.8E-08) 2.5E-02  4.4669987E-01    138 5.1E+02
   935      1  4.1E-02    936 (1.8E-08) 2.3E-02  4.4669985E-01    138 5.1E+02
   936      1  1.0E+00    937 (8.2E-10) 1.0E-02  4.4669973E-01    138 5.1E+02   R
   937      1  4.2E-01    938 (7.2E-10) 6.7E-03  4.4669970E-01    138 5.1E+02 s
   938      2  1.0E+00    939 (3.4E-11) 4.3E-03  4.4669966E-01    139 5.1E+02
   939      1  1.0E+00    940 (1.2E-09) 2.0E-02  4.4669957E-01    139 5.1E+02

 Major Minors     Step   nCon Feasible  Optimal  MeritFunction     nS Penalty
   940      3  1.0E+00    941 (3.0E-10) 2.0E-02  4.4669950E-01    138 5.1E+02
   941      2  1.0E+00    942 (3.8E-09) 2.4E-02  4.4669935E-01    139 5.1E+02
   942      1  1.0E+00    943 (5.9E-09) 2.0E-02  4.4669920E-01    139 5.1E+02
   943      1  1.0E+00    944 (2.3E-08) 2.3E-02  4.4669902E-01    139 5.1E+02
   944      2  1.0E+00    945 (3.7E-09) 2.1E-02  4.4669890E-01    138 5.1E+02
   945      1  1.0E+00    946 (8.3E-08) 3.5E-02  4.4669856E-01    138 5.1E+02
   946      2  1.0E+00    947 (7.5E-09) 4.1E-02  4.4669836E-01    139 5.1E+02
   947      1  1.0E+00    948 (6.7E-08) 4.5E-02  4.4669801E-01    139 5.1E+02   R
   948      3  1.0E+00    949 (2.2E-10) 3.0E-02  4.4669785E-01    139 5.1E+02 s
   949      3  3.0E-02    950 (2.2E-10) 2.7E-02  4.4669782E-01    141 5.1E+02

 Major Minors     Step   nCon Feasible  Optimal  MeritFunction     nS Penalty
   950      2  3.7E-02    951 (2.4E-08) 2.3E-02  4.4669774E-01    140 5.1E+02
   951      2  5.3E-02    952 (2.8E-08) 4.2E-02  4.4669774E-01    139 5.1E+02
   952      2  1.0E+00    953 (4.4E-09) 2.2E-02  4.4669753E-01    138 5.1E+02
   953      3  4.5E-01    954 (2.7E-09) 1.4E-02  4.4669742E-01    140 5.1E+02
   954      3  1.0E+00    955 (2.1E-09) 1.4E-02  4.4669726E-01    140 5.1E+02
   955      4  4.2E-01    956 (1.4E-08) 2.1E-02  4.4669696E-01    139 5.1E+02
   956      3  1.0E+00    957 (1.1E-08) 3.0E-02  4.4669667E-01    139 5.1E+02
   957      2  1.0E+00    958 (1.5E-09) 7.4E-03  4.4669645E-01    138 5.1E+02
   958      1  1.0E+00    959 (5.9E-09) 4.4E-02  4.4669633E-01    138 5.1E+02   R
   959      1  1.0E+00    960 (2.6E-09) 3.0E-02  4.4669623E-01    138 5.1E+02 s

 Major Minors     Step   nCon Feasible  Optimal  MeritFunction     nS Penalty
   960      1  1.0E+00    961 (2.8E-10) 8.8E-03  4.4669613E-01    138 5.1E+02
   961      1  1.0E+00    962 (1.0E-09) 8.9E-03  4.4669606E-01    138 5.1E+02
   962      1  1.0E+00    963 (3.6E-09) 1.5E-02  4.4669597E-01    138 5.1E+02
   963      1  1.0E+00    964 (1.2E-08) 1.7E-02  4.4669587E-01    138 5.1E+02
   964      1  1.0E+00    965 (1.6E-09) 1.2E-02  4.4669579E-01    138 5.1E+02
   965      1  1.0E+00    966 (8.4E-10) 6.4E-03  4.4669573E-01    138 5.1E+02
   966      1  1.0E+00    967 (6.5E-09) 1.4E-02  4.4669561E-01    138 5.1E+02
   967      1  1.0E+00    968 (6.4E-09) 2.5E-02  4.4669550E-01    138 5.1E+02
   968      1  1.0E+00    969 (5.3E-08) 4.0E-02  4.4669521E-01    138 5.1E+02
   969      1  1.0E+00    970 (5.5E-08) 2.2E-02  4.4669508E-01    138 5.1E+02   R

 Major Minors     Step   nCon Feasible  Optimal  MeritFunction     nS Penalty
   970      1  1.0E+00    971 (3.2E-10) 1.0E-02  4.4669498E-01    138 5.1E+02 s
   971      1  1.0E+00    972 (2.2E-09) 2.5E-02  4.4669477E-01    138 5.1E+02
   972      1  1.0E+00    973 (1.4E-09) 1.5E-02  4.4669469E-01    138 5.1E+02
   973      1  1.0E+00    974 (2.1E-10) 4.3E-03  4.4669465E-01    138 5.1E+02
   974      1  1.0E+00    975 (1.6E-10) 6.8E-03  4.4669463E-01    138 5.1E+02
   975      1  1.0E+00    976 (2.0E-09) 1.4E-02  4.4669458E-01    138 5.1E+02
   976      1  1.0E+00    977 (3.3E-09) 2.1E-02  4.4669454E-01    138 5.1E+02
   977      1  4.4E-01    978 (3.2E-09) 1.3E-02  4.4669453E-01    138 5.1E+02
   978      2  1.0E+00    979 (5.2E-09) 1.3E-02  4.4669447E-01    139 5.1E+02
   979      4  1.0E+00    980 (3.6E-09) 1.3E-02  4.4669437E-01    140 5.1E+02

 Major Minors     Step   nCon Feasible  Optimal  MeritFunction     nS Penalty
   980      2  1.0E+00    981 (7.7E-08) 1.9E-02  4.4669432E-01    139 5.1E+02   R
   981      4  1.0E+00    982 (7.2E-09) 7.0E-03  4.4669416E-01    140 5.1E+02 s
   982      1  1.0E+00    983 (1.2E-09) 1.1E-02  4.4669411E-01    140 5.1E+02
   983      3  1.0E+00    984 (5.6E-10) 5.0E-03  4.4669406E-01    139 5.1E+02
   984      3  1.0E+00    985 (4.5E-10) 1.3E-02  4.4669403E-01    138 5.1E+02
   985      3  1.0E+00    986 (2.4E-09) 7.4E-03  4.4669398E-01    140 5.1E+02
   986      1  1.0E+00    987 (1.7E-08) 2.2E-02  4.4669394E-01    140 5.1E+02
   987      1  1.0E+00    988 (8.7E-09) 1.5E-02  4.4669385E-01    140 5.1E+02
   988      1  1.0E+00    989 (2.2E-08) 1.2E-02  4.4669372E-01    140 5.1E+02
   989      3  1.0E+00    990 (1.1E-07) 9.8E-03  4.4669355E-01    139 5.1E+02

 Major Minors     Step   nCon Feasible  Optimal  MeritFunction     nS Penalty
   990      3  1.0E+00    991 (3.1E-07) 6.2E-02  4.4669341E-01    139 5.1E+02
   991      1  1.0E+00    992 (5.5E-07) 5.8E-02  4.4669313E-01    139 5.1E+02   R
   992      1  1.0E+00    993 (4.3E-09) 1.5E-02  4.4669281E-01    139 5.1E+02 s
   993      1  1.0E+00    994 (1.0E-09) 2.5E-02  4.4669272E-01    139 5.1E+02
   994      3  1.0E+00    995 (3.4E-09) 2.1E-02  4.4669261E-01    138 5.1E+02
   995      2  1.0E+00    996 (3.2E-09) 1.6E-02  4.4669247E-01    139 5.1E+02
   996      1  1.0E+00    997 (4.6E-09) 1.5E-02  4.4669240E-01    139 5.1E+02
   997      2  1.0E+00    998 (2.1E-09) 1.4E-02  4.4669233E-01    138 5.1E+02
   998      1  1.0E+00    999 (1.3E-09) 1.7E-02  4.4669225E-01    138 5.1E+02
   999      1  1.0E+00   1000 (5.8E-09) 2.1E-02  4.4669212E-01    138 5.1E+02

 Major Minors     Step   nCon Feasible  Optimal  MeritFunction     nS Penalty
  1000      1  1.0E+00   1001 (1.6E-07) 3.1E-02  4.4669189E-01    138 5.1E+02
  1001      1  1.0E+00   1002 (1.1E-08) 8.7E-03  4.4669180E-01    138 5.1E+02
  1002      1  1.0E+00   1003 (6.7E-09) 5.7E-03  4.4669171E-01    138 5.1E+02   R
  1003      1  1.0E+00   1004 (3.4E-10) 5.2E-03  4.4669168E-01    138 5.1E+02 s
  1004      1  1.0E+00   1005 (3.8E-09) 1.2E-02  4.4669161E-01    138 5.1E+02
  1005      2  4.7E-01   1006 (5.5E-09) 1.1E-02  4.4669156E-01    139 5.1E+02
  1006      3  1.0E+00   1007 (5.4E-09) 8.4E-03  4.4669149E-01    139 5.1E+02
  1007      2  1.0E+00   1008 (1.1E-08) 1.2E-02  4.4669146E-01    138 5.1E+02
  1008      1  1.0E+00   1009 (8.3E-09) 1.4E-02  4.4669138E-01    138 5.1E+02
  1009      1  1.0E+00   1010 (5.1E-08) 1.5E-02  4.4669123E-01    138 5.1E+02

 Major Minors     Step   nCon Feasible  Optimal  MeritFunction     nS Penalty
  1010      1  1.0E+00   1011 (1.3E-07) 2.1E-02  4.4669119E-01    138 5.1E+02
  1011      2  1.0E+00   1012 (1.1E-08) 1.4E-02  4.4669096E-01    139 5.1E+02
  1012      1  1.0E+00   1013 (2.0E-07) 4.0E-02  4.4669091E-01    139 5.1E+02
  1013      2  1.0E+00   1014 (1.2E-07) 3.0E-02  4.4669071E-01    138 5.1E+02   R
  1014      1  1.0E+00   1015 (7.2E-09) 5.6E-02  4.4669067E-01    138 5.1E+02 s
  1015      1  1.0E+00   1016 (1.5E-09) 9.8E-03  4.4669040E-01    138 5.1E+02
  1016      1  1.0E+00   1017 (6.1E-10) 1.4E-02  4.4669035E-01    138 5.1E+02
  1017      1  1.0E+00   1018 (7.8E-10) 9.7E-03  4.4669028E-01    138 5.1E+02
  1018      1  1.0E+00   1019 (9.2E-09) 1.3E-02  4.4669015E-01    138 5.1E+02
  1019      1  1.0E+00   1020 (2.9E-09) 7.4E-03  4.4669011E-01    138 5.1E+02

 Major Minors     Step   nCon Feasible  Optimal  MeritFunction     nS Penalty
  1020      1  1.0E+00   1021 (1.3E-09) 5.6E-03  4.4669007E-01    138 5.1E+02
  1021      1  1.0E+00   1022 (8.1E-09) 1.5E-02  4.4668999E-01    138 5.1E+02
  1022      2  1.0E+00   1023 (9.0E-09) 1.4E-02  4.4668990E-01    139 5.1E+02
  1023      2  1.0E+00   1024 (4.0E-08) 2.7E-02  4.4668989E-01    138 5.1E+02
  1024      1  1.0E+00   1025 (3.3E-09) 8.1E-03  4.4668978E-01    138 5.1E+02   R
  1025      2  1.0E+00   1026 (2.5E-10) 6.4E-03  4.4668971E-01    139 5.1E+02 s
  1026      1  1.0E+00   1027 (5.0E-10) 3.2E-03  4.4668968E-01    139 5.1E+02
  1027      4  1.0E+00   1028 (1.3E-09) 1.5E-02  4.4668964E-01    139 5.1E+02
  1028      2  1.0E+00   1029 (2.6E-08) 1.1E-02  4.4668959E-01    138 5.1E+02
  1029      2  1.0E+00   1030 (9.8E-10) 3.7E-03  4.4668951E-01    139 5.1E+02

 Major Minors     Step   nCon Feasible  Optimal  MeritFunction     nS Penalty
  1030      2  1.0E+00   1031 (1.3E-08) 7.3E-03  4.4668946E-01    138 5.1E+02
  1031      2  1.0E+00   1032 (9.3E-09) 1.2E-02  4.4668939E-01    139 5.1E+02
  1032      2  1.0E+00   1033 (5.7E-08) 1.5E-02  4.4668927E-01    140 5.1E+02
  1033      1  1.0E+00   1034 (3.9E-07) 3.1E-02  4.4668920E-01    140 5.1E+02
  1034      3  1.0E+00   1035 (7.7E-09) 6.2E-03  4.4668899E-01    139 5.1E+02
  1035      1  1.0E+00   1036 (9.5E-08) 1.4E-02  4.4668896E-01    139 5.1E+02   R
  1036      1  4.7E-01   1037 (5.0E-08) 6.4E-03  4.4668890E-01    139 5.1E+02 s
  1037      1  1.0E+00   1038 (2.7E-09) 5.1E-03  4.4668882E-01    139 5.1E+02
  1038      3  1.0E+00   1039 (3.3E-10) 3.5E-03  4.4668869E-01    138 5.1E+02
  1039      2  1.0E+00   1040 (1.8E-10) 3.2E-03  4.4668863E-01    139 5.1E+02

 Major Minors     Step   nCon Feasible  Optimal  MeritFunction     nS Penalty
  1040      1  1.0E+00   1041 (2.8E-10) 4.4E-03  4.4668858E-01    139 5.1E+02
  1041      1  1.0E+00   1042 (1.9E-09) 5.5E-03  4.4668854E-01    139 5.1E+02
  1042      1  1.0E+00   1043 (1.1E-10) 5.8E-03  4.4668851E-01    139 5.1E+02
  1043      3  1.0E+00   1044 (9.1E-10) 2.8E-03  4.4668848E-01    138 5.1E+02
  1044      2  1.0E+00   1045 (6.1E-10) 5.3E-03  4.4668846E-01    139 5.1E+02
  1045      1  1.0E+00   1046 (7.8E-09) 1.3E-02  4.4668842E-01    139 5.1E+02
  1046      1  1.0E+00   1047 (2.2E-09) 1.9E-03  4.4668840E-01    139 5.1E+02   R
  1047      2  1.0E+00   1048 (3.0E-10) 1.4E-03  4.4668836E-01    140 5.1E+02 s
  1048      2  1.0E+00   1049 (9.3E-11) 3.3E-03  4.4668833E-01    141 5.1E+02
  1049      1  1.0E+00   1050 (5.8E-10) 6.5E-04  4.4668831E-01    141 5.1E+02

 Major Minors     Step   nCon Feasible  Optimal  MeritFunction     nS Penalty
  1050      1  1.0E+00   1051 (4.3E-10) 3.2E-03  4.4668830E-01    141 5.1E+02
  1051      1  1.0E+00   1052 (3.2E-10) 1.2E-03  4.4668828E-01    141 5.1E+02
  1052      4  1.0E+00   1053 (1.0E-09) 1.6E-02  4.4668825E-01    139 5.1E+02
  1053      3  1.0E+00   1054 (1.6E-08) 8.8E-03  4.4668819E-01    141 5.1E+02
  1054      3  1.0E+00   1055 (2.2E-08) 1.1E-02  4.4668814E-01    140 5.1E+02
  1055      2  1.0E+00   1056 (2.8E-08) 2.7E-02  4.4668808E-01    141 5.1E+02
  1056      4  1.0E+00   1057 (2.9E-07) 1.6E-02  4.4668782E-01    141 5.1E+02
  1057      2  3.2E-01   1058 (5.0E-07) 6.4E-03  4.4668781E-01    140 5.1E+02   R
  1058      2  1.0E+00   1059 (6.8E-10) 1.5E-02  4.4668766E-01    139 5.1E+02 s
  1059      3  3.4E-01   1060 (3.8E-09) 7.4E-03  4.4668730E-01    141 5.1E+02

 Major Minors     Step   nCon Feasible  Optimal  MeritFunction     nS Penalty
  1060      4  4.1E-01   1061 (2.4E-08) 2.9E-02  4.4668722E-01    139 5.1E+02
  1061      1  1.0E+00   1062 (2.1E-09) 1.6E-02  4.4668715E-01    139 5.1E+02
  1062      4  1.0E+00   1063 (4.2E-09) 1.9E-02  4.4668713E-01    140 5.1E+02
  1063      1  1.0E+00   1064 (7.6E-09) 9.5E-03  4.4668708E-01    140 5.1E+02
  1064      1  1.0E+00   1065 (1.9E-08) 3.5E-02  4.4668705E-01    140 5.1E+02
  1065      3  1.0E+00   1066 (2.5E-08) 1.5E-02  4.4668693E-01    139 5.1E+02
  1066      4  1.0E+00   1067 (3.3E-08) 2.3E-02  4.4668683E-01    139 5.1E+02
  1067      2  1.0E+00   1068 (3.6E-07) 6.4E-02  4.4668668E-01    138 5.1E+02
  1068      1  1.0E+00   1069 (2.6E-07) 2.5E-02  4.4668652E-01    138 5.1E+02   R
  1069      1  1.0E+00   1070 (1.1E-08) 5.5E-02  4.4668635E-01    138 5.1E+02 s

 Major Minors     Step   nCon Feasible  Optimal  MeritFunction     nS Penalty
  1070      1  1.0E+00   1071 (2.9E-09) 5.3E-02  4.4668615E-01    138 5.1E+02
  1071      1  1.0E+00   1072 (1.4E-09) 3.9E-02  4.4668610E-01    138 5.1E+02
  1072      1  1.0E+00   1073 (6.8E-10) 1.6E-02  4.4668603E-01    138 5.1E+02
  1073      1  1.0E+00   1074 (1.3E-09) 1.4E-02  4.4668601E-01    138 5.1E+02
  1074      1  1.0E+00   1075 (5.5E-10) 7.4E-03  4.4668597E-01    138 5.1E+02
  1075      1  4.7E-01   1076 (5.3E-10) 9.3E-03  4.4668595E-01    138 5.1E+02
  1076      1  1.0E+00   1077 (1.3E-09) 5.6E-03  4.4668592E-01    138 5.1E+02
  1077      1  1.0E+00   1078 (2.7E-09) 9.2E-03  4.4668590E-01    138 5.1E+02
  1078      2  1.0E+00   1079 (1.1E-09) 9.9E-03  4.4668586E-01    139 5.1E+02
  1079      2  2.3E-01   1080 (2.0E-09) 1.0E-02  4.4668586E-01    138 5.1E+02   R

 Major Minors     Step   nCon Feasible  Optimal  MeritFunction     nS Penalty
  1080      1  1.0E+00   1081 (3.3E-10) 5.6E-03  4.4668582E-01    138 5.1E+02 s
  1081      1  1.0E+00   1082 (1.2E-10) 3.9E-03  4.4668580E-01    138 5.1E+02
  1082      2  1.0E+00   1083 (1.7E-10) 2.5E-03  4.4668579E-01    139 5.1E+02
  1083      1  1.0E+00   1084 (1.4E-09) 7.4E-03  4.4668577E-01    139 5.1E+02
  1084      1  3.6E-01   1085 (1.7E-09) 7.6E-03  4.4668576E-01    139 5.1E+02
  1085      1  1.0E+00   1086 (4.9E-09) 6.4E-03  4.4668576E-01    139 5.1E+02
  1086      4  1.0E+00   1087 (1.5E-09) 6.4E-03  4.4668571E-01    139 5.1E+02
  1087      3  1.0E+00   1088 (9.1E-09) 7.0E-03  4.4668565E-01    141 5.1E+02
  1088      2  3.7E-01   1089 (1.6E-08) 1.0E-02  4.4668564E-01    140 5.1E+02
  1089      3  1.0E+00   1090 (2.4E-08) 8.6E-03  4.4668554E-01    140 5.1E+02

 Major Minors     Step   nCon Feasible  Optimal  MeritFunction     nS Penalty
  1090      1  1.0E+00   1091 (2.7E-07) 1.1E-02  4.4668535E-01    140 5.1E+02   R
  1091      2  1.0E+00   1092 (9.3E-10) 7.0E-03  4.4668522E-01    141 5.1E+02 s
  1092      3  1.0E+00   1093 (1.1E-09) 5.3E-03  4.4668519E-01    140 5.1E+02
  1093      3  1.0E+00   1094 (9.5E-10) 3.9E-03  4.4668516E-01    140 5.1E+02
  1094      1  1.0E+00   1095 (1.7E-09) 3.9E-03  4.4668514E-01    140 5.1E+02
  1095      1  1.0E+00   1096 (1.9E-09) 4.3E-03  4.4668512E-01    140 5.1E+02
  1096      4  1.0E+00   1097 (1.1E-09) 3.3E-03  4.4668510E-01    138 5.1E+02
  1097      2  1.0E+00   1098 (2.3E-09) 4.1E-03  4.4668507E-01    139 5.1E+02
  1098      1  4.1E-01   1099 (2.1E-08) 6.0E-03  4.4668506E-01    139 5.1E+02
  1099      4  1.0E+00   1100 (1.9E-08) 1.5E-02  4.4668497E-01    140 5.1E+02

 Major Minors     Step   nCon Feasible  Optimal  MeritFunction     nS Penalty
  1100      2  1.0E+00   1101 (4.5E-07) 1.0E-02  4.4668490E-01    139 5.1E+02
  1101      1  1.0E+00   1102 (7.1E-09) 6.3E-03  4.4668474E-01    139 5.1E+02   R
  1102      5  1.0E+00   1103 (9.9E-10) 7.5E-03  4.4668462E-01    141 5.1E+02 s
  1103      2  4.7E-01   1104 (1.1E-08) 1.0E-02  4.4668454E-01    140 5.1E+02
  1104      1  4.8E-01   1105 (7.4E-09) 5.0E-03  4.4668452E-01    140 5.1E+02
  1105      2  1.0E+00   1106 (2.3E-09) 6.9E-03  4.4668449E-01    139 5.1E+02
  1106      2  1.0E+00   1107 (3.2E-09) 9.4E-03  4.4668446E-01    138 5.1E+02
  1107      1  1.0E+00   1108 (1.5E-09) 5.8E-03  4.4668443E-01    138 5.1E+02
  1108      1  1.0E+00   1109 (1.2E-08) 1.2E-02  4.4668440E-01    138 5.1E+02
  1109      2  1.0E+00   1110 (3.9E-09) 1.0E-02  4.4668433E-01    139 5.1E+02

 Major Minors     Step   nCon Feasible  Optimal  MeritFunction     nS Penalty
  1110      1  1.0E+00   1111 (3.1E-08) 1.0E-02  4.4668428E-01    139 5.1E+02
  1111      2  1.0E+00   1112 (1.2E-08) 1.3E-02  4.4668419E-01    138 5.1E+02
  1112      1  1.0E+00   1113 (1.4E-07) 2.2E-02  4.4668404E-01    138 5.1E+02   R
  1113      1  4.2E-01   1114 (8.4E-08) 1.7E-02  4.4668398E-01    138 5.1E+02 s
  1114      2  1.0E+00   1115 (9.5E-11) 4.7E-03  4.4668394E-01    139 5.1E+02
  1115      1  1.0E+00   1116 (3.5E-10) 3.8E-03  4.4668391E-01    139 5.1E+02
  1116      1  1.0E+00   1117 (2.1E-10) 4.3E-03  4.4668390E-01    139 5.1E+02
  1117      1  1.0E+00   1118 (1.7E-09) 5.3E-03  4.4668388E-01    139 5.1E+02
  1118      1  1.0E+00   1119 (5.0E-09) 5.9E-03  4.4668385E-01    139 5.1E+02
  1119      1  1.0E+00   1120 (1.0E-08) 8.2E-03  4.4668382E-01    139 5.1E+02

 Major Minors     Step   nCon Feasible  Optimal  MeritFunction     nS Penalty
  1120      1  1.0E+00   1121 (4.5E-09) 8.9E-03  4.4668379E-01    139 5.1E+02
  1121      1  1.0E+00   1122 (1.4E-08) 1.0E-02  4.4668372E-01    139 5.1E+02
  1122      3  1.0E+00   1123 (2.3E-08) 1.3E-02  4.4668370E-01    139 5.1E+02
  1123      1  1.0E+00   1124 (4.5E-09) 6.6E-03  4.4668363E-01    139 5.1E+02   R
  1124      5  1.0E+00   1125 (5.4E-11) 3.2E-03  4.4668360E-01    140 5.1E+02 s
  1125      1  1.0E+00   1126 (2.7E-09) 6.6E-03  4.4668358E-01    140 5.1E+02
  1126      3  3.4E-01   1127 (1.9E-09) 3.6E-03  4.4668355E-01    139 5.1E+02
  1127      2  1.0E+00   1128 (9.3E-10) 9.9E-03  4.4668354E-01    138 5.1E+02
  1128      2  1.0E+00   1129 (1.1E-09) 5.9E-03  4.4668350E-01    139 5.1E+02
  1129      2  1.0E+00   1130 (3.1E-09) 5.6E-03  4.4668347E-01    140 5.1E+02

 Major Minors     Step   nCon Feasible  Optimal  MeritFunction     nS Penalty
  1130      3  1.0E+00   1131 (1.8E-08) 8.3E-03  4.4668341E-01    140 5.1E+02
  1131      2  1.0E+00   1132 (9.2E-08) 1.8E-02  4.4668335E-01    139 5.1E+02
  1132      1  1.0E+00   1133 (1.1E-07) 9.4E-03  4.4668320E-01    139 5.1E+02
  1133      3  2.4E-01   1134 (9.8E-08) 8.5E-03  4.4668311E-01    141 5.1E+02
  1134      3  9.8E-02   1135 (1.0E-07) 1.0E-02  4.4668304E-01    139 5.1E+02   R
  1135      2  1.0E+00   1136 (2.2E-09) 7.1E-03  4.4668295E-01    140 5.1E+02 s
  1136      5  1.0E+00   1137 (2.3E-09) 5.2E-03  4.4668292E-01    139 5.1E+02
  1137      1  1.0E+00   1138 (3.1E-09) 5.4E-03  4.4668287E-01    139 5.1E+02
  1138      3  1.0E+00   1139 (4.5E-08) 9.0E-03  4.4668278E-01    138 5.1E+02
  1139      1  1.0E+00   1140 (8.6E-09) 2.0E-02  4.4668274E-01    138 5.1E+02

 Major Minors     Step   nCon Feasible  Optimal  MeritFunction     nS Penalty
  1140      1  1.0E+00   1141 (6.3E-08) 1.3E-02  4.4668269E-01    138 5.1E+02
  1141      2  1.0E+00   1142 (5.0E-10) 1.7E-02  4.4668263E-01    139 5.1E+02
  1142      2  1.0E+00   1143 (7.0E-09) 9.3E-03  4.4668255E-01    138 5.1E+02
  1143      2  1.0E+00   1144 (1.7E-07) 1.3E-02  4.4668237E-01    139 5.1E+02
  1144      2  1.9E-01   1145 (2.1E-07) 1.7E-02  4.4668227E-01    138 5.1E+02
  1145      2  1.0E-01   1146 (2.5E-07) 2.4E-02  4.4668218E-01    139 5.1E+02   R
  1146      1  1.0E+00   1147 (9.8E-10) 1.0E-02  4.4668209E-01    139 5.1E+02 s
  1147      3  1.0E+00   1148 (4.7E-10) 5.6E-03  4.4668205E-01    138 5.1E+02
  1148      4  1.0E+00   1149 (1.0E-09) 5.0E-03  4.4668202E-01    141 5.1E+02
  1149      1  1.0E+00   1150 (8.7E-09) 7.3E-03  4.4668196E-01    141 5.1E+02

 Major Minors     Step   nCon Feasible  Optimal  MeritFunction     nS Penalty
  1150      3  1.0E+00   1151 (2.4E-08) 5.4E-03  4.4668190E-01    140 5.1E+02
  1151      2  1.0E+00   1152 (1.2E-08) 4.2E-03  4.4668185E-01    139 5.1E+02
  1152      1  1.0E+00   1153 (1.2E-07) 1.5E-02  4.4668179E-01    139 5.1E+02
  1153      3  1.0E+00   1154 (1.2E-09) 8.4E-03  4.4668169E-01    138 5.1E+02
  1154      1  1.0E+00   1155 (2.1E-08) 7.4E-03  4.4668158E-01    138 5.1E+02
  1155      3  1.0E+00   1156 (8.6E-08) 1.0E-02  4.4668147E-01    140 5.1E+02
  1156      2  1.0E+00   1157  1.3E-06  4.0E-02  4.4668120E-01    139 5.1E+02   R
  1157      1  1.0E+00   1158 (5.6E-09) 2.0E-02  4.4668102E-01    139 5.1E+02 s
  1158      3  1.0E+00   1159 (1.2E-09) 1.3E-02  4.4668092E-01    138 5.1E+02
  1159      1  1.0E+00   1160 (6.2E-09) 1.4E-02  4.4668081E-01    138 5.1E+02

 Major Minors     Step   nCon Feasible  Optimal  MeritFunction     nS Penalty
  1160      1  1.0E+00   1161 (2.8E-09) 9.5E-03  4.4668077E-01    138 5.1E+02
  1161      1  1.0E+00   1162 (3.3E-08) 7.8E-03  4.4668071E-01    138 5.1E+02
  1162      1  1.0E+00   1163 (7.2E-09) 1.3E-02  4.4668067E-01    138 5.1E+02
  1163      1  1.0E+00   1164 (2.8E-09) 8.8E-03  4.4668063E-01    138 5.1E+02
  1164      1  1.0E+00   1165 (2.0E-08) 8.9E-03  4.4668059E-01    138 5.1E+02
  1165      2  1.0E+00   1166 (3.2E-08) 9.0E-03  4.4668051E-01    139 5.1E+02
  1166      1  1.0E+00   1167 (8.4E-08) 6.1E-03  4.4668046E-01    139 5.1E+02
  1167      1  1.0E+00   1168 (1.2E-07) 1.3E-02  4.4668033E-01    139 5.1E+02   R
  1168      2  1.0E+00   1169 (5.2E-10) 6.5E-03  4.4668026E-01    140 5.1E+02 s
  1169      1  1.0E+00   1170 (5.8E-09) 6.7E-03  4.4668018E-01    140 5.1E+02

 Major Minors     Step   nCon Feasible  Optimal  MeritFunction     nS Penalty
  1170      4  1.0E+00   1171 (3.0E-09) 1.0E-02  4.4668012E-01    138 5.1E+02
  1171      2  1.0E+00   1172 (3.5E-09) 5.8E-03  4.4668007E-01    139 5.1E+02
  1172      1  1.0E+00   1173 (1.3E-08) 1.2E-02  4.4668002E-01    139 5.1E+02
  1173      1  1.0E+00   1174 (1.2E-08) 7.8E-03  4.4667997E-01    139 5.1E+02
  1174      1  1.0E+00   1175 (2.4E-08) 1.0E-02  4.4667988E-01    139 5.1E+02
  1175      1  1.0E+00   1176 (1.0E-07) 1.5E-02  4.4667982E-01    139 5.1E+02
  1176      1  1.0E+00   1177 (7.5E-09) 5.8E-03  4.4667972E-01    139 5.1E+02
  1177      3  1.0E+00   1178 (3.0E-08) 1.6E-02  4.4667960E-01    138 5.1E+02
  1178      1  1.0E+00   1179 (3.3E-07) 2.0E-02  4.4667940E-01    138 5.1E+02   R
  1179      1  1.0E+00   1180 (2.3E-09) 2.5E-02  4.4667934E-01    138 5.1E+02 s

 Major Minors     Step   nCon Feasible  Optimal  MeritFunction     nS Penalty
  1180      1  1.0E+00   1181 (3.6E-10) 7.9E-03  4.4667927E-01    138 5.1E+02
  1181      1  1.0E+00   1182 (1.1E-09) 5.4E-03  4.4667924E-01    138 5.1E+02
  1182      1  1.0E+00   1183 (8.6E-09) 6.9E-03  4.4667919E-01    138 5.1E+02
  1183      2  1.0E+00   1184 (5.8E-09) 7.1E-03  4.4667915E-01    139 5.1E+02
  1184      1  1.0E+00   1185 (3.0E-08) 1.5E-02  4.4667910E-01    139 5.1E+02
  1185      2  1.0E+00   1186 (1.6E-08) 7.7E-03  4.4667905E-01    140 5.1E+02
  1186      4  1.0E+00   1187 (4.6E-08) 8.0E-03  4.4667899E-01    138 5.1E+02
  1187      2  1.0E+00   1188 (6.3E-08) 7.0E-03  4.4667893E-01    139 5.1E+02
  1188      1  1.0E+00   1189 (1.4E-07) 6.1E-03  4.4667885E-01    139 5.1E+02
  1189      1  1.0E+00   1190 (3.8E-07) 9.4E-03  4.4667872E-01    139 5.1E+02   R

 Major Minors     Step   nCon Feasible  Optimal  MeritFunction     nS Penalty
  1190      2  1.0E+00   1191 (2.0E-09) 8.0E-03  4.4667865E-01    138 5.1E+02 s
  1191      1  1.0E+00   1192 (4.0E-08) 2.5E-02  4.4667846E-01    138 5.1E+02
  1192      1  1.0E+00   1193 (7.2E-09) 1.4E-02  4.4667842E-01    138 5.1E+02
  1193      1  1.0E+00   1194 (7.4E-09) 2.3E-02  4.4667834E-01    138 5.1E+02
  1194      1  1.0E+00   1195 (3.8E-09) 1.3E-02  4.4667828E-01    138 5.1E+02
  1195      1  1.0E+00   1196 (9.1E-09) 1.4E-02  4.4667824E-01    138 5.1E+02
  1196      1  1.0E+00   1197 (4.3E-08) 7.2E-03  4.4667817E-01    138 5.1E+02
  1197      1  1.0E+00   1198 (1.7E-07) 2.2E-02  4.4667809E-01    138 5.1E+02
  1198      1  1.0E+00   1199 (1.3E-07) 1.2E-02  4.4667795E-01    138 5.1E+02
  1199      1  1.0E+00   1200 (6.2E-07) 2.8E-02  4.4667775E-01    138 5.1E+02

 Major Minors     Step   nCon Feasible  Optimal  MeritFunction     nS Penalty
  1200      1  2.3E-01   1201 (5.3E-07) 1.0E-02  4.4667765E-01    138 5.1E+02   R
  1201      1  1.0E+00   1202 (4.1E-09) 1.5E-02  4.4667753E-01    138 5.1E+02 s
  1202      1  1.0E+00   1203 (5.0E-09) 8.8E-03  4.4667742E-01    138 5.1E+02
  1203      1  1.0E+00   1204 (1.5E-08) 1.7E-02  4.4667737E-01    138 5.1E+02
  1204      1  1.0E+00   1205 (6.8E-09) 7.4E-03  4.4667729E-01    138 5.1E+02
  1205      1  1.0E+00   1206 (1.3E-08) 1.6E-02  4.4667725E-01    138 5.1E+02
  1206      2  1.0E+00   1207 (2.6E-08) 1.6E-02  4.4667718E-01    139 5.1E+02
  1207      3  1.0E+00   1208 (1.8E-07) 1.2E-02  4.4667711E-01    139 5.1E+02
  1208      3  1.0E+00   1209 (1.6E-07) 2.0E-02  4.4667696E-01    141 5.1E+02
  1209      3  1.0E+00   1210  1.6E-06  1.6E-02  4.4667681E-01    139 5.1E+02

 Major Minors     Step   nCon Feasible  Optimal  MeritFunction     nS Penalty
  1210      1  1.0E+00   1211  1.5E-06  1.2E-02  4.4667656E-01    139 5.1E+02
  1211      1  1.7E-01   1212  2.1E-06  2.0E-02  4.4667640E-01    139 5.1E+02   R
  1212      2  1.0E+00   1213 (5.6E-09) 2.5E-02  4.4667625E-01    140 5.1E+02 s
  1213      3  1.0E+00   1214 (2.6E-09) 1.3E-02  4.4667602E-01    140 5.1E+02
  1214      1  1.0E+00   1215 (4.6E-09) 1.3E-02  4.4667591E-01    140 5.1E+02
  1215      3  1.0E+00   1216 (4.2E-09) 1.1E-02  4.4667584E-01    140 5.1E+02
  1216      5  1.0E+00   1217 (2.8E-08) 8.4E-03  4.4667575E-01    139 5.1E+02
  1217      2  1.0E+00   1218 (5.5E-08) 2.7E-02  4.4667573E-01    138 5.1E+02
  1218      4  1.0E+00   1219 (2.2E-09) 1.4E-02  4.4667563E-01    141 5.1E+02
  1219      3  1.0E+00   1220 (3.0E-08) 7.9E-03  4.4667552E-01    141 5.1E+02

 Major Minors     Step   nCon Feasible  Optimal  MeritFunction     nS Penalty
  1220      4  1.0E+00   1221 (1.3E-07) 3.0E-02  4.4667538E-01    139 5.1E+02
  1221      2  4.0E-01   1222 (6.0E-07) 1.2E-02  4.4667513E-01    138 5.1E+02
  1222      1  1.0E+00   1223  1.8E-06  5.5E-02  4.4667491E-01    138 5.1E+02   R
  1223      1  1.0E+00   1224 (1.1E-08) 9.9E-03  4.4667465E-01    138 5.1E+02 s
  1224      4  1.0E+00   1225 (8.1E-10) 2.5E-02  4.4667449E-01    141 5.1E+02
  1225      3  1.0E+00   1226 (8.3E-09) 1.3E-02  4.4667442E-01    139 5.1E+02
  1226      2  1.0E+00   1227 (1.4E-09) 1.0E-02  4.4667437E-01    138 5.1E+02
  1227      1  1.0E+00   1228 (7.1E-09) 7.8E-03  4.4667432E-01    138 5.1E+02
  1228      2  2.1E-01   1229 (6.9E-09) 9.4E-03  4.4667430E-01    139 5.1E+02
  1229      1  4.5E-01   1230 (1.0E-08) 1.0E-02  4.4667427E-01    139 5.1E+02

 Major Minors     Step   nCon Feasible  Optimal  MeritFunction     nS Penalty
  1230      2  1.0E+00   1231 (2.7E-08) 1.8E-02  4.4667425E-01    138 5.1E+02
  1231      1  1.0E+00   1232 (2.2E-08) 1.4E-02  4.4667418E-01    138 5.1E+02
  1232      1  1.0E+00   1233 (5.2E-08) 1.1E-02  4.4667408E-01    138 5.1E+02
  1233      1  1.0E+00   1234 (6.8E-07) 1.2E-02  4.4667391E-01    138 5.1E+02   R
  1234      1  1.0E+00   1235 (4.8E-09) 1.6E-02  4.4667384E-01    138 5.1E+02 s
  1235      1  1.0E+00   1236 (1.2E-09) 1.4E-02  4.4667378E-01    138 5.1E+02
  1236      1  1.0E+00   1237 (7.4E-10) 1.1E-02  4.4667375E-01    138 5.1E+02
  1237      1  1.0E+00   1238 (3.1E-09) 1.7E-02  4.4667371E-01    138 5.1E+02
  1238      1  1.0E+00   1239 (1.3E-08) 1.2E-02  4.4667366E-01    138 5.1E+02
  1239      1  1.0E+00   1240 (3.3E-09) 6.8E-03  4.4667363E-01    138 5.1E+02

 Major Minors     Step   nCon Feasible  Optimal  MeritFunction     nS Penalty
  1240      1  1.0E+00   1241 (5.7E-09) 1.1E-02  4.4667359E-01    138 5.1E+02
  1241      1  1.0E+00   1242 (4.9E-08) 1.7E-02  4.4667353E-01    138 5.1E+02
  1242      2  1.0E+00   1243 (1.6E-08) 1.4E-02  4.4667346E-01    139 5.1E+02
  1243      2  1.0E+00   1244 (8.6E-08) 1.2E-02  4.4667345E-01    138 5.1E+02
  1244      1  1.0E+00   1245 (8.4E-10) 1.1E-02  4.4667337E-01    138 5.1E+02   R
  1245      1  1.0E+00   1246 (4.2E-10) 4.5E-03  4.4667334E-01    138 5.1E+02 s
  1246      2  1.0E+00   1247 (2.7E-10) 5.2E-03  4.4667332E-01    139 5.1E+02
  1247      1  1.0E+00   1248 (2.0E-09) 4.0E-03  4.4667329E-01    139 5.1E+02
  1248      1  1.0E+00   1249 (3.3E-09) 3.3E-03  4.4667327E-01    139 5.1E+02
  1249      2  1.0E+00   1250 (9.1E-09) 1.0E-02  4.4667323E-01    140 5.1E+02

 Major Minors     Step   nCon Feasible  Optimal  MeritFunction     nS Penalty
  1250      3  1.0E+00   1251 (1.0E-08) 1.4E-02  4.4667322E-01    139 5.1E+02
  1251      4  1.0E+00   1252 (3.9E-09) 7.7E-03  4.4667317E-01    142 5.1E+02
  1252      4  1.0E+00   1253 (1.6E-08) 7.3E-03  4.4667314E-01    140 5.1E+02
  1253      5  1.0E+00   1254 (4.8E-08) 4.9E-03  4.4667308E-01    141 5.1E+02
  1254      2  1.0E+00   1255 (2.0E-07) 6.8E-03  4.4667301E-01    142 5.1E+02
  1255      3  1.0E+00   1256 (1.3E-07) 5.2E-03  4.4667296E-01    141 5.1E+02   R
  1256      6  1.0E+00   1257 (3.6E-10) 2.5E-02  4.4667293E-01    141 5.1E+02 s
  1257      5  1.6E-01   1258 (1.0E-08) 1.8E-02  4.4667283E-01    140 5.1E+02
  1258      2  1.4E-01   1259 (2.0E-08) 8.9E-03  4.4667275E-01    141 5.1E+02
  1259      4  3.5E-01   1260 (7.2E-08) 7.4E-03  4.4667267E-01    138 5.1E+02

 Major Minors     Step   nCon Feasible  Optimal  MeritFunction     nS Penalty
  1260      1  3.9E-01   1261 (7.6E-08) 1.2E-02  4.4667261E-01    138 5.1E+02
  1261      1  2.5E-01   1262 (6.5E-08) 1.8E-02  4.4667258E-01    138 5.1E+02
  1262      1  3.8E-01   1263 (5.0E-08) 1.2E-02  4.4667253E-01    138 5.1E+02
  1263      1  1.0E+00   1264 (1.1E-07) 3.5E-02  4.4667249E-01    138 5.1E+02
  1264      1  2.8E-01   1265 (1.2E-07) 3.1E-02  4.4667241E-01    138 5.1E+02
  1265      1  2.6E-01   1266 (1.2E-07) 2.0E-02  4.4667231E-01    138 5.1E+02
  1266      1  3.1E-01   1267 (1.5E-07) 3.5E-02  4.4667222E-01    138 5.1E+02   R
  1267      1  3.6E-01   1268 (9.9E-08) 1.5E-02  4.4667214E-01    138 5.1E+02 s
  1268      1  1.0E+00   1269 (1.3E-09) 8.9E-03  4.4667212E-01    138 5.1E+02
  1269      1  1.0E+00   1270 (1.3E-09) 1.6E-02  4.4667209E-01    138 5.1E+02

 Major Minors     Step   nCon Feasible  Optimal  MeritFunction     nS Penalty
  1270      1  1.0E+00   1271 (1.2E-09) 1.4E-02  4.4667207E-01    138 5.1E+02
  1271      1  1.0E+00   1272 (6.5E-10) 1.2E-02  4.4667205E-01    138 5.1E+02
  1272      1  1.0E+00   1273 (1.2E-09) 1.5E-02  4.4667204E-01    138 5.1E+02
  1273      1  1.0E+00   1274 (8.6E-10) 9.6E-03  4.4667202E-01    138 5.1E+02
  1274      1  1.0E+00   1275 (4.2E-09) 1.6E-02  4.4667200E-01    138 5.1E+02
  1275      1  1.0E+00   1276 (5.9E-09) 1.0E-02  4.4667197E-01    138 5.1E+02
  1276      1  1.0E+00   1277 (2.3E-08) 1.7E-02  4.4667195E-01    138 5.1E+02
  1277      2  1.0E+00   1278 (8.5E-09) 1.5E-02  4.4667188E-01    139 5.1E+02   R
  1278      1  1.0E+00   1279 (4.2E-10) 1.3E-02  4.4667186E-01    139 5.1E+02 s
  1279      2  1.0E+00   1280 (7.0E-11) 4.1E-03  4.4667185E-01    140 5.1E+02

 Major Minors     Step   nCon Feasible  Optimal  MeritFunction     nS Penalty
  1280      1  1.0E+00   1281 (4.4E-10) 5.4E-03  4.4667184E-01    140 5.1E+02
  1281      3  1.0E+00   1282 (1.3E-09) 8.9E-03  4.4667183E-01    139 5.1E+02
  1282      4  1.0E+00   1283 (2.3E-08) 1.3E-02  4.4667179E-01    140 5.1E+02
  1283      3  1.0E+00   1284 (8.0E-08) 3.5E-02  4.4667177E-01    138 5.1E+02
  1284      2  1.0E+00   1285 (2.3E-09) 2.9E-02  4.4667171E-01    139 5.1E+02
  1285      3  1.0E+00   1286 (1.5E-08) 1.6E-02  4.4667165E-01    139 5.1E+02
  1286      3  1.0E+00   1287 (1.9E-07) 1.0E-02  4.4667152E-01    139 5.1E+02
  1287      3  1.0E+00   1288  3.1E-06  3.3E-02  4.4667145E-01    139 5.1E+02
  1288      1  1.0E+00   1289 (4.5E-07) 5.0E-02  4.4667114E-01    139 5.1E+02   R
  1289      4  1.0E+00   1290 (9.4E-10) 4.3E-02  4.4667096E-01    140 5.1E+02 s

 Major Minors     Step   nCon Feasible  Optimal  MeritFunction     nS Penalty
  1290      3  3.0E-01   1291 (3.3E-09) 2.3E-02  4.4667083E-01    140 5.1E+02
  1291      2  4.1E-01   1292 (4.5E-09) 2.7E-02  4.4667068E-01    139 5.1E+02
  1292      1  4.3E-01   1293 (3.1E-09) 1.3E-02  4.4667061E-01    139 5.1E+02
  1293      3  1.0E+00   1294 (3.4E-09) 3.6E-02  4.4667060E-01    138 5.1E+02
  1294      2  1.0E+00   1295 (1.3E-09) 8.4E-03  4.4667054E-01    139 5.1E+02
  1295      1  4.4E-01   1296 (1.3E-09) 1.3E-02  4.4667052E-01    139 5.1E+02
  1296      3  1.0E+00   1297 (5.7E-09) 1.4E-02  4.4667049E-01    138 5.1E+02
  1297      2  1.0E+00   1298 (2.1E-08) 1.8E-02  4.4667045E-01    139 5.1E+02
  1298      3  1.0E+00   1299 (6.2E-08) 1.5E-02  4.4667039E-01    139 5.1E+02
  1299      2  1.0E+00   1300 (1.4E-07) 2.4E-02  4.4667037E-01    138 5.1E+02   R

 Major Minors     Step   nCon Feasible  Optimal  MeritFunction     nS Penalty
  1300      1  1.0E+00   1301 (2.3E-09) 1.8E-02  4.4667030E-01    138 5.1E+02 s
  1301      1  1.0E+00   1302 (5.8E-10) 1.0E-02  4.4667022E-01    138 5.1E+02
  1302      1  1.0E+00   1303 (8.5E-10) 8.6E-03  4.4667018E-01    138 5.1E+02
  1303      1  1.0E+00   1304 (1.3E-09) 7.1E-03  4.4667015E-01    138 5.1E+02
  1304      1  1.0E+00   1305 (9.6E-09) 1.1E-02  4.4667011E-01    138 5.1E+02
  1305      2  1.0E+00   1306 (6.3E-09) 6.5E-03  4.4667008E-01    139 5.1E+02
  1306      1  1.0E+00   1307 (2.2E-08) 9.4E-03  4.4667005E-01    139 5.1E+02
  1307      3  1.0E+00   1308 (2.1E-08) 5.5E-03  4.4667000E-01    138 5.1E+02
  1308      2  1.0E+00   1309 (4.1E-07) 2.1E-02  4.4666987E-01    139 5.1E+02
  1309      2  1.0E+00   1310 (2.8E-07) 2.4E-02  4.4666977E-01    138 5.1E+02

 Major Minors     Step   nCon Feasible  Optimal  MeritFunction     nS Penalty
  1310      2  1.0E+00   1311  1.3E-06  1.6E-02  4.4666956E-01    139 5.1E+02   R
  1311      1  1.0E+00   1312 (3.7E-09) 9.1E-03  4.4666941E-01    139 5.1E+02 s
  1312      1  1.0E+00   1313 (6.1E-09) 1.6E-02  4.4666932E-01    139 5.1E+02
  1313      2  1.0E+00   1314 (4.0E-09) 1.3E-02  4.4666925E-01    138 5.1E+02
  1314      1  1.0E+00   1315 (2.1E-08) 1.1E-02  4.4666924E-01    138 5.1E+02
  1315      2  1.0E+00   1316 (7.7E-09) 2.3E-02  4.4666914E-01    139 5.1E+02
  1316      1  8.7E-02   1317 (1.1E-08) 2.0E-02  4.4666912E-01    139 5.1E+02
  1317      1  1.9E-02   1318 (1.3E-08) 2.0E-02  4.4666911E-01    139 5.1E+02
  1318      1  3.9E-01   1319 (4.6E-08) 2.2E-02  4.4666901E-01    139 5.1E+02
  1319      2  1.0E+00   1320 (1.3E-07) 1.8E-02  4.4666890E-01    140 5.1E+02

 Major Minors     Step   nCon Feasible  Optimal  MeritFunction     nS Penalty
  1320      2  1.0E+00   1321 (8.6E-08) 1.3E-02  4.4666882E-01    139 5.1E+02
  1321      1  1.0E+00   1322 (1.1E-08) 1.3E-02  4.4666877E-01    139 5.1E+02   R
  1322      1  1.0E+00   1323 (1.8E-09) 1.1E-02  4.4666872E-01    139 5.1E+02 s
  1323      1  1.0E+00   1324 (1.9E-09) 8.4E-03  4.4666867E-01    139 5.1E+02
  1324      1  1.0E+00   1325 (1.4E-08) 1.2E-02  4.4666861E-01    139 5.1E+02
  1325      2  1.0E+00   1326 (4.5E-08) 1.3E-02  4.4666854E-01    138 5.1E+02
  1326      1  1.0E+00   1327 (7.1E-08) 1.4E-02  4.4666847E-01    138 5.1E+02
  1327      2  1.0E+00   1328 (6.9E-08) 1.6E-02  4.4666840E-01    139 5.1E+02
  1328      2  1.0E+00   1329 (4.8E-07) 1.4E-02  4.4666826E-01    140 5.1E+02
  1329      4  1.0E+00   1330 (1.0E-07) 1.3E-02  4.4666815E-01    140 5.1E+02

 Major Minors     Step   nCon Feasible  Optimal  MeritFunction     nS Penalty
  1330      4  1.0E+00   1331 (5.4E-07) 1.4E-02  4.4666790E-01    141 5.1E+02
  1331      3  1.0E+00   1332  3.0E-06  6.2E-02  4.4666772E-01    141 5.1E+02
  1332      2  4.7E-01   1333  3.6E-06  6.7E-02  4.4666740E-01    140 5.1E+02   R
  1333      2  1.0E+00   1334 (3.2E-08) 1.4E-02  4.4666694E-01    139 5.1E+02 s
  1334      1  1.0E+00   1335 (2.6E-09) 1.2E-02  4.4666684E-01    139 5.1E+02
  1335      2  1.0E+00   1336 (8.1E-09) 1.1E-02  4.4666673E-01    140 5.1E+02
  1336      4  1.0E+00   1337 (5.9E-08) 1.4E-02  4.4666656E-01    138 5.1E+02
  1337      1  1.0E+00   1338 (4.3E-08) 1.2E-02  4.4666642E-01    138 5.1E+02
  1338      1  1.0E+00   1339 (5.1E-08) 1.7E-02  4.4666631E-01    138 5.1E+02
  1339      1  1.0E+00   1340 (9.4E-09) 1.3E-02  4.4666622E-01    138 5.1E+02

 Major Minors     Step   nCon Feasible  Optimal  MeritFunction     nS Penalty
  1340      2  1.0E+00   1341 (6.6E-09) 8.5E-03  4.4666616E-01    139 5.1E+02
  1341      3  1.0E+00   1342 (1.4E-07) 1.2E-02  4.4666605E-01    139 5.1E+02
  1342      1  1.0E+00   1343 (1.3E-07) 1.1E-02  4.4666597E-01    139 5.1E+02
  1343      1  1.0E+00   1344 (4.0E-07) 7.0E-03  4.4666581E-01    139 5.1E+02   R
  1344      4  1.0E+00   1345 (2.5E-09) 2.8E-02  4.4666572E-01    139 5.1E+02 s
  1345      1  1.0E+00   1346 (1.7E-08) 1.9E-02  4.4666564E-01    139 5.1E+02
  1346      2  1.0E+00   1347 (1.2E-08) 2.1E-02  4.4666554E-01    138 5.1E+02
  1347      1  1.0E+00   1348 (1.9E-09) 8.1E-03  4.4666548E-01    138 5.1E+02
  1348      2  1.0E+00   1349 (7.5E-09) 8.1E-03  4.4666542E-01    139 5.1E+02
  1349      2  1.0E+00   1350 (8.1E-08) 1.0E-02  4.4666534E-01    138 5.1E+02

 Major Minors     Step   nCon Feasible  Optimal  MeritFunction     nS Penalty
  1350      1  1.0E+00   1351 (1.6E-07) 2.0E-02  4.4666522E-01    138 5.1E+02
  1351      1  1.0E+00   1352  1.5E-06  4.4E-02  4.4666504E-01    138 5.1E+02
  1352      1  1.0E+00   1353 (4.0E-07) 9.1E-02  4.4666478E-01    138 5.1E+02
  1353      3  1.0E+00   1354 (5.6E-07) 2.5E-02  4.4666436E-01    140 5.1E+02
  1354      1  1.0E+00   1355  5.9E-06  8.8E-02  4.4666387E-01    140 5.1E+02   R
  1355      2  1.0E+00   1356 (9.8E-08) 3.6E-02  4.4666345E-01    139 5.1E+02 s
  1356      2  1.0E+00   1357 (2.7E-09) 1.6E-02  4.4666323E-01    138 5.1E+02
  1357      1  1.0E+00   1358 (3.0E-09) 1.2E-02  4.4666316E-01    138 5.1E+02
  1358      1  1.0E+00   1359 (4.5E-10) 1.1E-02  4.4666310E-01    138 5.1E+02
  1359      1  1.0E+00   1360 (1.2E-09) 1.1E-02  4.4666307E-01    138 5.1E+02

 Major Minors     Step   nCon Feasible  Optimal  MeritFunction     nS Penalty
  1360      2  1.0E+00   1361 (2.4E-09) 7.9E-03  4.4666303E-01    139 5.1E+02
  1361      2  1.0E+00   1362 (1.5E-08) 1.4E-02  4.4666300E-01    138 5.1E+02
  1362      3  1.0E+00   1363 (2.5E-09) 9.9E-03  4.4666295E-01    140 5.1E+02
  1363      2  1.0E+00   1364 (2.9E-08) 8.3E-03  4.4666285E-01    139 5.1E+02
  1364      1  3.7E-01   1365 (3.3E-08) 9.0E-03  4.4666279E-01    139 5.1E+02
  1365      1  8.4E-02   1366 (3.2E-08) 6.1E-03  4.4666279E-01    139 5.1E+02   R
  1366      1  1.0E+00   1367 (1.6E-09) 6.1E-03  4.4666275E-01    139 5.1E+02 s
  1367      2  1.0E+00   1368 (2.1E-10) 2.5E-03  4.4666273E-01    138 5.1E+02
  1368      3  1.0E+00   1369 (5.0E-10) 3.0E-03  4.4666271E-01    140 5.1E+02
  1369      2  1.0E+00   1370 (6.0E-09) 3.7E-03  4.4666268E-01    141 5.1E+02

 Major Minors     Step   nCon Feasible  Optimal  MeritFunction     nS Penalty
  1370      4  1.0E+00   1371 (2.1E-08) 8.6E-03  4.4666264E-01    139 5.1E+02
  1371      4  1.0E+00   1372 (3.2E-08) 5.0E-03  4.4666260E-01    139 5.1E+02
  1372      3  1.0E+00   1373 (3.4E-08) 5.3E-03  4.4666251E-01    141 5.1E+02
  1373      2  1.0E+00   1374 (1.3E-07) 5.8E-03  4.4666240E-01    142 5.1E+02
  1374      4  1.0E+00   1375 (3.1E-07) 2.2E-02  4.4666227E-01    140 5.1E+02
  1375      2  1.0E+00   1376 (6.5E-07) 2.1E-02  4.4666211E-01    139 5.1E+02
  1376      1  1.0E+00   1377 (7.4E-07) 3.4E-02  4.4666188E-01    139 5.1E+02   R
  1377      1  1.0E+00   1378 (2.7E-09) 1.3E-02  4.4666176E-01    139 5.1E+02 s
  1378      3  1.0E+00   1379 (6.0E-09) 3.1E-02  4.4666151E-01    139 5.1E+02
  1379      2  1.0E+00   1380 (5.8E-09) 1.5E-02  4.4666136E-01    138 5.1E+02

 Major Minors     Step   nCon Feasible  Optimal  MeritFunction     nS Penalty
  1380      1  1.0E+00   1381 (8.1E-09) 2.5E-02  4.4666124E-01    138 5.1E+02
  1381      2  1.0E+00   1382 (3.7E-09) 1.7E-02  4.4666114E-01    139 5.1E+02
  1382      1  1.0E+00   1383 (2.4E-09) 1.2E-02  4.4666109E-01    139 5.1E+02
  1383      1  1.0E+00   1384 (2.5E-09) 1.1E-02  4.4666105E-01    139 5.1E+02
  1384      1  1.0E+00   1385 (3.1E-09) 8.8E-03  4.4666102E-01    139 5.1E+02
  1385      3  1.0E+00   1386 (4.5E-09) 1.4E-02  4.4666096E-01    141 5.1E+02
  1386      4  1.0E+00   1387 (1.9E-07) 4.1E-02  4.4666082E-01    139 5.1E+02
  1387      1  1.0E+00   1388 (4.1E-09) 1.5E-02  4.4666076E-01    139 5.1E+02   R
  1388      1  1.0E+00   1389 (1.3E-08) 1.8E-02  4.4666072E-01    139 5.1E+02 s
  1389      2  1.0E+00   1390 (2.2E-09) 4.7E-03  4.4666063E-01    140 5.1E+02

 Major Minors     Step   nCon Feasible  Optimal  MeritFunction     nS Penalty
  1390      1  1.0E+00   1391 (3.4E-09) 4.1E-03  4.4666060E-01    140 5.1E+02
  1391      2  1.0E+00   1392 (2.0E-08) 6.1E-03  4.4666057E-01    141 5.1E+02
  1392      2  1.0E+00   1393 (1.5E-07) 5.8E-03  4.4666055E-01    140 5.1E+02
  1393      2  1.0E+00   1394 (4.1E-08) 4.1E-03  4.4666049E-01    141 5.1E+02
  1394      2  1.0E+00   1395 (4.8E-07) 6.6E-03  4.4666044E-01    140 5.1E+02
  1395      3  1.0E+00   1396 (4.0E-07) 7.3E-03  4.4666035E-01    140 5.1E+02
  1396      4  1.0E+00   1398  2.9E-06  8.4E-03  4.4666004E-01    139 5.1E+02  M
  1397      2  1.0E+00   1399  2.8E-06  3.2E-02  4.4665988E-01    140 5.1E+02
  1398      1  1.0E+00   1400  7.6E-06  4.5E-02  4.4665968E-01    140 5.1E+02   R
  1399      4  1.0E+00   1401  2.0E-06  1.4E-02  4.4665955E-01    138 5.1E+02 s

 Major Minors     Step   nCon Feasible  Optimal  MeritFunction     nS Penalty
  1400      1  1.0E+00   1402  1.7E-06  2.4E-02  4.4665948E-01    138 5.1E+02
  1401      4  1.0E+00   1403 (3.9E-07) 2.3E-02  4.4665937E-01    141 5.1E+02
  1402      5  1.0E+00   1404  1.4E-06  9.8E-03  4.4665920E-01    138 5.1E+02
  1403      1  1.0E+00   1405 (4.0E-08) 2.1E-02  4.4665904E-01    138 5.1E+02
  1404      1  1.0E+00   1406 (2.5E-08) 1.2E-01  4.4665903E-01    138 5.1E+02
  1405      1  1.0E+00   1407 (4.9E-07) 7.3E-02  4.4665846E-01    138 5.1E+02
  1406      1  1.0E+00   1408 (1.9E-07) 5.5E-02  4.4665790E-01    138 5.1E+02
  1407      1  1.0E+00   1409 (7.1E-07) 3.5E-02  4.4665730E-01    138 5.1E+02
  1408      3  1.0E+00   1410 (5.2E-07) 9.0E-02  4.4665593E-01    140 5.1E+02
  1409      1  3.9E-01   1411 (8.9E-07) 1.0E-01  4.4665465E-01    140 5.1E+02   R

 Major Minors     Step   nCon Feasible  Optimal  MeritFunction     nS Penalty
  1410      3  1.0E+00   1412 (5.7E-08) 1.0E-02  4.4665414E-01    138 5.1E+02 s
  1411      1  1.0E+00   1413 (1.3E-07) 6.1E-02  4.4665376E-01    138 5.1E+02
  1412      1  1.0E+00   1414 (5.5E-08) 6.9E-02  4.4665336E-01    138 5.1E+02
  1413      4  1.0E+00   1415 (7.3E-08) 5.1E-02  4.4665268E-01    141 5.1E+02
  1414      4  1.0E+00   1416 (6.0E-07) 5.8E-02  4.4665225E-01    138 5.1E+02
  1415      1  1.0E+00   1417 (2.9E-07) 4.4E-02  4.4665149E-01    138 5.1E+02
  1416      1  1.0E+00   1418 (6.9E-09) 4.0E-02  4.4665125E-01    138 5.1E+02
  1417      1  1.0E+00   1419 (9.7E-08) 3.2E-02  4.4665082E-01    138 5.1E+02
  1418      1  1.0E+00   1420 (1.3E-07) 2.0E-02  4.4665053E-01    138 5.1E+02
  1419      1  1.0E+00   1421 (6.5E-08) 4.4E-02  4.4665033E-01    138 5.1E+02

 Major Minors     Step   nCon Feasible  Optimal  MeritFunction     nS Penalty
  1420      1  1.0E+00   1422 (7.0E-08) 4.9E-02  4.4665012E-01    138 5.1E+02   R
  1421      1  1.0E+00   1423 (4.1E-09) 2.6E-02  4.4664997E-01    138 5.1E+02 s
  1422      1  1.0E+00   1424 (4.6E-09) 1.4E-02  4.4664983E-01    138 5.1E+02
  1423      2  1.0E+00   1425 (7.8E-08) 3.0E-02  4.4664948E-01    139 5.1E+02
  1424      2  1.0E+00   1426 (1.2E-07) 3.0E-02  4.4664929E-01    138 5.1E+02
  1425      2  1.0E+00   1427 (9.0E-09) 2.1E-02  4.4664912E-01    139 5.1E+02
  1426      1  1.0E+00   1428 (5.5E-08) 2.0E-02  4.4664886E-01    139 5.1E+02
  1427      3  1.0E+00   1429 (3.1E-08) 1.8E-02  4.4664864E-01    138 5.1E+02
  1428      1  1.0E+00   1430 (4.8E-08) 7.9E-02  4.4664843E-01    138 5.1E+02
  1429      3  1.0E+00   1431 (5.9E-09) 5.1E-02  4.4664802E-01    140 5.1E+02

 Major Minors     Step   nCon Feasible  Optimal  MeritFunction     nS Penalty
  1430      3  1.0E+00   1432 (1.4E-07) 6.3E-02  4.4664721E-01    140 5.1E+02
  1431      1  1.0E+00   1433 (2.3E-08) 3.7E-02  4.4664648E-01    140 5.1E+02   R
  1432      1  1.0E+00   1434 (1.2E-09) 7.9E-03  4.4664615E-01    140 5.1E+02 s
  1433      2  1.0E+00   1435 (3.2E-09) 1.4E-02  4.4664589E-01    139 5.1E+02
  1434      1  1.0E+00   1436 (2.0E-08) 1.5E-02  4.4664560E-01    139 5.1E+02
  1435      1  1.0E+00   1437 (7.0E-09) 7.6E-03  4.4664541E-01    139 5.1E+02
  1436      2  1.0E+00   1438 (2.7E-08) 2.0E-02  4.4664517E-01    140 5.1E+02
  1437      2  1.0E+00   1439 (3.7E-08) 2.0E-02  4.4664493E-01    139 5.1E+02
  1438      1  1.0E+00   1440 (7.5E-08) 1.6E-02  4.4664461E-01    139 5.1E+02
  1439      1  1.0E+00   1441 (8.4E-08) 2.8E-02  4.4664428E-01    139 5.1E+02

 Major Minors     Step   nCon Feasible  Optimal  MeritFunction     nS Penalty
  1440      1  1.0E+00   1442 (5.4E-08) 4.6E-02  4.4664408E-01    139 5.1E+02
  1441      1  1.0E+00   1443 (4.3E-09) 2.4E-02  4.4664375E-01    139 5.1E+02
  1442      1  1.0E+00   1444 (2.0E-08) 1.3E-02  4.4664341E-01    139 5.1E+02   R
  1443      1  1.0E+00   1445 (1.3E-09) 6.8E-03  4.4664324E-01    139 5.1E+02 s
  1444      1  1.0E+00   1446 (2.9E-08) 1.2E-02  4.4664291E-01    139 5.1E+02
  1445      1  1.0E+00   1447 (5.9E-08) 2.1E-02  4.4664261E-01    139 5.1E+02
  1446      1  1.0E+00   1448 (8.5E-08) 2.2E-02  4.4664210E-01    139 5.1E+02
  1447      1  1.0E+00   1449 (1.5E-07) 2.8E-02  4.4664195E-01    139 5.1E+02
  1448      1  1.0E+00   1450 (2.0E-08) 2.0E-02  4.4664161E-01    139 5.1E+02
  1449      1  1.0E+00   1451 (1.0E-08) 2.7E-02  4.4664147E-01    139 5.1E+02

 Major Minors     Step   nCon Feasible  Optimal  MeritFunction     nS Penalty
  1450      2  1.0E+00   1452 (3.1E-09) 1.7E-02  4.4664128E-01    138 5.1E+02
  1451      1  1.0E+00   1453 (7.8E-07) 2.2E-02  4.4664097E-01    138 5.1E+02
  1452      1  1.0E+00   1454  5.0E-06  2.9E-02  4.4664038E-01    138 5.1E+02
  1453      2  1.0E+00   1455  2.9E-06  9.2E-02  4.4663920E-01    139 5.1E+02   R
  1454      2  1.0E+00   1456  8.9E-05  4.2E-02  4.4663878E-01    138 5.1E+02 s
  1455      1  1.0E+00   1457  6.1E-05  2.7E-02  4.4663810E-01    138 5.1E+02
  1456      3  1.0E+00   1458 (2.5E-07) 1.5E-02  4.4663783E-01    140 5.1E+02
  1457      3  1.0E+00   1459  2.4E-06  1.5E-02  4.4663752E-01    140 5.1E+02
  1458      5  1.0E+00   1460  4.2E-06  2.7E-02  4.4663724E-01    139 5.1E+02
  1459      2  1.0E+00   1461  8.6E-06  2.6E-02  4.4663696E-01    138 5.1E+02

 Major Minors     Step   nCon Feasible  Optimal  MeritFunction     nS Penalty
  1460      1  1.0E+00   1462  3.5E-06  1.9E-02  4.4663674E-01    138 5.1E+02
  1461      1  1.0E+00   1463  1.7E-06  1.1E-02  4.4663652E-01    138 5.1E+02
  1462      1  1.0E+00   1464  2.1E-06  1.5E-02  4.4663640E-01    138 5.1E+02
  1463      1  1.0E+00   1465 (7.2E-07) 1.8E-02  4.4663627E-01    138 5.1E+02
  1464      1  1.0E+00   1466  1.4E-06  2.0E-02  4.4663604E-01    138 5.1E+02   R
  1465      1  1.0E+00   1467  6.3E-06  1.2E-02  4.4663590E-01    138 5.1E+02 s
  1466      1  1.0E+00   1468  6.4E-06  1.6E-02  4.4663574E-01    138 5.1E+02
  1467      1  1.0E+00   1469  2.1E-05  2.4E-02  4.4663560E-01    138 5.1E+02
  1468      1  1.0E+00   1470  5.3E-05  2.5E-02  4.4663543E-01    138 5.1E+02
  1469      2  1.0E+00   1471  2.0E-05  1.9E-02  4.4663496E-01    139 5.1E+02

 Major Minors     Step   nCon Feasible  Optimal  MeritFunction     nS Penalty
  1470      2  4.2E-01   1472  4.5E-05  2.1E-02  4.4663484E-01    138 5.1E+02
  1471      2  1.0E+00   1473  2.7E-06  1.4E-02  4.4663460E-01    139 5.1E+02
  1472      1  1.0E+00   1474  8.9E-05  2.6E-02  4.4663428E-01    139 5.1E+02
  1473      4  1.0E+00   1475  6.2E-05  5.8E-02  4.4663399E-01    139 5.1E+02
  1474      1  1.0E+00   1476  1.0E-04  4.4E-02  4.4663351E-01    139 5.1E+02
  1475      1  1.0E+00   1477 (4.5E-07) 2.8E-02  4.4663258E-01    139 5.1E+02   R
  1476      1  1.0E+00   1478  3.2E-05  1.5E-02  4.4663210E-01    139 5.1E+02 s
  1477      1  1.0E+00   1479  3.4E-05  1.2E-02  4.4663186E-01    139 5.1E+02
  1478      2  4.3E-01   1480  2.1E-05  1.3E-02  4.4663174E-01    138 5.1E+02
  1479      1  1.0E+00   1481  2.0E-05  1.3E-02  4.4663164E-01    138 5.1E+02

 Major Minors     Step   nCon Feasible  Optimal  MeritFunction     nS Penalty
  1480      1  1.0E+00   1482  7.4E-06  1.3E-02  4.4663149E-01    138 5.1E+02
  1481      1  1.0E+00   1483  1.5E-05  2.4E-02  4.4663127E-01    138 5.1E+02
  1482      1  1.0E+00   1484  2.9E-05  2.0E-02  4.4663106E-01    138 5.1E+02
  1483      1  1.0E+00   1485  2.5E-06  4.2E-02  4.4663087E-01    138 5.1E+02
  1484      1  1.0E+00   1486  1.1E-05  1.5E-02  4.4663069E-01    138 5.1E+02
  1485      5  1.0E+00   1487  1.0E-06  3.5E-02  4.4663044E-01    142 5.1E+02
  1486      3  1.0E+00   1488  7.0E-06  8.7E-02  4.4663041E-01    140 5.1E+02   R
  1487      4  1.0E+00   1489  1.9E-05  3.0E-02  4.4663007E-01    138 5.1E+02 s
  1488      1  1.0E+00   1490  1.5E-05  1.1E-02  4.4662991E-01    138 5.1E+02
  1489      1  1.0E+00   1491  2.2E-06  8.8E-03  4.4662984E-01    138 5.1E+02

 Major Minors     Step   nCon Feasible  Optimal  MeritFunction     nS Penalty
  1490      2  1.0E+00   1492 (5.0E-07) 1.4E-02  4.4662974E-01    139 5.1E+02
  1491      2  1.0E+00   1493 (2.5E-07) 2.1E-02  4.4662967E-01    138 5.1E+02
  1492      3  1.0E+00   1494 (2.0E-07) 1.7E-02  4.4662947E-01    140 5.1E+02
  1493      3  1.0E+00   1495 (5.4E-08) 9.8E-03  4.4662922E-01    138 5.1E+02
  1494      3  1.0E+00   1496 (7.0E-07) 6.9E-03  4.4662905E-01    140 5.1E+02
  1495      4  1.0E+00   1497  2.4E-06  5.2E-03  4.4662884E-01    141 5.1E+02
  1496      4  1.0E+00   1498 (7.1E-08) 9.1E-03  4.4662862E-01    138 5.1E+02
  1497      1  1.0E+00   1499 (6.9E-08) 2.4E-02  4.4662825E-01    138 5.1E+02   R
  1498      3  1.0E+00   1500 (4.0E-07) 8.3E-03  4.4662800E-01    140 5.1E+02 s
  1499      2  1.0E+00   1501  6.3E-06  2.5E-02  4.4662785E-01    139 5.1E+02

 Major Minors     Step   nCon Feasible  Optimal  MeritFunction     nS Penalty
  1500      2  4.5E-01   1502  5.9E-06  3.3E-02  4.4662743E-01    138 5.1E+02
  1501      2  1.0E+00   1503  1.3E-04  3.4E-02  4.4662729E-01    139 5.1E+02
  1502      1  1.0E+00   1504  4.1E-04  1.9E-02  4.4662724E-01    139 5.1E+02
  1503      2  1.0E+00   1505  2.8E-04  3.6E-02  4.4662720E-01    138 5.1E+02
  1504      2  1.0E+00   1506  2.5E-05  2.4E-02  4.4662695E-01    139 5.1E+02
  1505      3  4.0E-01   1507  5.4E-05  1.4E-02  4.4662686E-01    139 5.1E+02
  1506      2  1.0E+00   1508  1.3E-06  2.2E-02  4.4662677E-01    138 5.1E+02
  1507      1  1.0E+00   1509  3.5E-05  2.3E-02  4.4662675E-01    138 5.1E+02
  1508      1  1.0E+00   1510  6.3E-06  2.7E-02  4.4662641E-01    138 5.1E+02   R
  1509      1  1.0E+00   1511  3.6E-05  3.3E-02  4.4662640E-01    138 5.1E+02 s

 Major Minors     Step   nCon Feasible  Optimal  MeritFunction     nS Penalty
  1510      1  1.0E+00   1512  2.0E-06  9.0E-03  4.4662623E-01    138 5.1E+02
  1511      1  1.0E+00   1513 (1.5E-07) 6.8E-03  4.4662618E-01    138 5.1E+02
  1512      1  1.0E+00   1514 (4.5E-09) 1.8E-02  4.4662608E-01    138 5.1E+02
  1513      2  1.0E+00   1515 (5.1E-08) 3.2E-02  4.4662589E-01    139 5.1E+02
  1514      2  4.4E-01   1516 (2.9E-08) 2.9E-02  4.4662576E-01    140 5.1E+02
  1515      5  1.0E+00   1517 (1.1E-08) 4.0E-02  4.4662548E-01    142 5.1E+02
  1516      6  4.3E-01   1518 (1.1E-07) 4.1E-02  4.4662543E-01    138 5.1E+02
  1517      2  1.0E+00   1519 (1.1E-08) 2.0E-02  4.4662513E-01    139 5.1E+02
  1518      4  1.0E+00   1520 (2.1E-07) 5.7E-02  4.4662468E-01    140 5.1E+02
  1519      2  1.0E+00   1521 (2.2E-07) 6.0E-02  4.4662416E-01    139 5.1E+02   R

 Major Minors     Step   nCon Feasible  Optimal  MeritFunction     nS Penalty
  1520      1  1.0E+00   1522  1.0E-06  1.3E-02  4.4662361E-01    139 5.1E+02 s
  1521      4  1.0E+00   1523 (7.3E-07) 6.9E-03  4.4662348E-01    139 5.1E+02
  1522      2  1.0E+00   1524 (3.8E-07) 9.8E-03  4.4662336E-01    138 5.1E+02
  1523      1  1.0E+00   1525 (2.2E-08) 1.2E-02  4.4662324E-01    138 5.1E+02
  1524      3  1.0E+00   1526 (5.8E-07) 5.7E-03  4.4662313E-01    140 5.1E+02
  1525      2  1.0E+00   1527 (2.0E-07) 1.3E-02  4.4662302E-01    139 5.1E+02
  1526      2  1.0E+00   1528 (3.0E-08) 1.8E-02  4.4662279E-01    138 5.1E+02
  1527      2  1.0E+00   1529  1.1E-06  5.1E-02  4.4662254E-01    139 5.1E+02
  1528      1  1.0E+00   1530 (1.1E-07) 3.5E-02  4.4662229E-01    139 5.1E+02
  1529      4  1.0E+00   1531  1.1E-06  3.5E-02  4.4662173E-01    137 5.1E+02

 Major Minors     Step   nCon Feasible  Optimal  MeritFunction     nS Penalty
  1530      1  1.0E+00   1532 (9.5E-08) 1.4E-02  4.4662077E-01    137 5.1E+02   R
  1531      1  1.0E+00   1533 (6.1E-07) 7.1E-03  4.4662062E-01    137 5.1E+02 s
  1532      1  1.0E+00   1534 (4.4E-07) 9.9E-03  4.4662048E-01    137 5.1E+02
  1533      1  1.0E+00   1535 (9.8E-08) 1.8E-02  4.4662032E-01    137 5.1E+02
  1534      1  1.0E+00   1536  1.3E-06  8.6E-03  4.4662023E-01    137 5.1E+02
  1535      1  1.0E+00   1537 (8.4E-07) 1.2E-02  4.4662016E-01    137 5.1E+02
  1536      2  1.0E+00   1538 (3.2E-07) 1.3E-02  4.4662009E-01    138 5.1E+02
  1537      2  1.0E+00   1539 (6.5E-07) 1.7E-02  4.4661994E-01    137 5.1E+02
  1538      1  1.0E+00   1540  1.8E-06  1.4E-02  4.4661984E-01    137 5.1E+02
  1539      1  1.0E+00   1541 (8.5E-07) 1.3E-02  4.4661972E-01    137 5.1E+02

 Major Minors     Step   nCon Feasible  Optimal  MeritFunction     nS Penalty
  1540      1  1.0E+00   1542 (7.9E-07) 1.3E-02  4.4661956E-01    137 5.1E+02
  1541      1  1.0E+00   1543  6.9E-06  4.4E-02  4.4661930E-01    137 5.1E+02   R
  1542      1  1.0E+00   1544  1.1E-05  4.2E-02  4.4661904E-01    137 5.1E+02 s
  1543      1  1.0E+00   1545 (3.8E-07) 1.9E-02  4.4661887E-01    137 5.1E+02
  1544      3  1.0E+00   1546  1.8E-06  1.1E-02  4.4661874E-01    139 5.1E+02
  1545      2  1.0E+00   1547 (1.3E-07) 8.9E-03  4.4661860E-01    138 5.1E+02
  1546      3  1.0E+00   1548 (1.9E-08) 4.6E-03  4.4661857E-01    137 5.1E+02
  1547      2  1.0E+00   1549 (1.4E-07) 1.1E-02  4.4661850E-01    138 5.1E+02
  1548      1  1.0E+00   1550 (3.0E-07) 1.8E-02  4.4661846E-01    138 5.1E+02
  1549      5  1.0E+00   1551 (3.7E-07) 1.6E-02  4.4661838E-01    139 5.1E+02

 Major Minors     Step   nCon Feasible  Optimal  MeritFunction     nS Penalty
  1550      2  1.0E+00   1552 (1.6E-07) 1.0E-02  4.4661818E-01    138 5.1E+02
  1551      1  1.0E+00   1553 (7.8E-07) 2.1E-02  4.4661796E-01    138 5.1E+02
  1552      2  1.0E+00   1554 (2.3E-07) 7.4E-02  4.4661785E-01    137 5.1E+02   R
  1553      2  1.0E+00   1555 (1.0E-08) 1.0E-02  4.4661757E-01    138 5.1E+02 s
  1554      2  1.0E+00   1556 (2.9E-09) 1.0E-02  4.4661748E-01    139 5.1E+02
  1555      2  1.0E+00   1557 (6.3E-09) 6.3E-03  4.4661743E-01    138 5.1E+02
  1556      3  1.0E+00   1558 (1.6E-09) 6.0E-03  4.4661740E-01    137 5.1E+02
  1557      2  1.0E+00   1559 (1.5E-09) 3.7E-03  4.4661737E-01    138 5.1E+02
  1558      1  1.0E+00   1560 (2.2E-09) 3.6E-03  4.4661734E-01    138 5.1E+02
  1559      2  1.0E+00   1561 (8.0E-09) 1.2E-02  4.4661731E-01    137 5.1E+02

 Major Minors     Step   nCon Feasible  Optimal  MeritFunction     nS Penalty
  1560      2  1.0E+00   1562 (9.3E-09) 1.5E-02  4.4661726E-01    138 5.1E+02
  1561      1  1.0E+00   1563 (5.4E-09) 1.2E-02  4.4661720E-01    138 5.1E+02
  1562      1  1.0E+00   1564 (2.2E-08) 1.5E-02  4.4661712E-01    138 5.1E+02
  1563      3  1.0E+00   1565 (2.5E-08) 1.1E-02  4.4661705E-01    137 5.1E+02   R
  1564      1  1.0E+00   1566 (1.6E-08) 3.5E-03  4.4661701E-01    137 5.1E+02 s
  1565      1  1.0E+00   1567 (1.1E-08) 5.4E-03  4.4661699E-01    137 5.1E+02
  1566      1  1.0E+00   1568 (3.2E-09) 5.1E-03  4.4661697E-01    137 5.1E+02
  1567      1  3.2E-01   1569 (2.9E-09) 6.8E-03  4.4661696E-01    137 5.1E+02
  1568      1  1.0E+00   1570 (1.2E-08) 9.4E-03  4.4661696E-01    137 5.1E+02
  1569      1  1.0E+00   1571 (2.0E-09) 4.4E-03  4.4661693E-01    137 5.1E+02

 Major Minors     Step   nCon Feasible  Optimal  MeritFunction     nS Penalty
  1570      1  1.0E+00   1572 (2.3E-08) 6.7E-03  4.4661692E-01    137 5.1E+02
  1571      3  1.0E+00   1573 (2.7E-08) 1.1E-02  4.4661689E-01    139 5.1E+02
  1572      4  2.5E-01   1574 (2.1E-08) 6.8E-03  4.4661687E-01    142 5.1E+02
  1573      3  1.4E-01   1575 (1.8E-08) 6.8E-03  4.4661687E-01    141 5.1E+02
  1574      4  1.9E-01   1576 (1.5E-08) 1.8E-03  4.4661686E-01    139 5.1E+02   R
  1575      2  1.0E+00   1577 (1.1E-08) 2.0E-03  4.4661686E-01    140 5.1E+02 s
  1576      1  4.5E-01   1578 (7.7E-09) 1.3E-03  4.4661686E-01    140 5.1E+02
  1577      1  1.0E+00   1579 (6.1E-09) 1.5E-03  4.4661685E-01    140 5.1E+02
  1578      3  1.0E+00   1580 (2.5E-10) 1.6E-03  4.4661685E-01    139 5.1E+02
  1579      5  1.0E+00   1581 (1.4E-08) 2.1E-03  4.4661683E-01    138 5.1E+02

 Major Minors     Step   nCon Feasible  Optimal  MeritFunction     nS Penalty
  1580      3  1.0E+00   1582 (1.7E-09) 3.0E-03  4.4661683E-01    140 5.1E+02
  1581      2  1.0E+00   1583 (1.4E-08) 3.9E-03  4.4661681E-01    141 5.1E+02
  1582      1  1.0E+00   1584 (2.2E-08) 3.4E-03  4.4661681E-01    141 5.1E+02
  1583      1  1.8E-01   1585 (1.8E-08) 3.7E-03  4.4661681E-01    141 5.1E+02
  1584      1  1.0E+00   1586 (6.6E-08) 2.9E-03  4.4661679E-01    141 5.1E+02
  1585      1  1.0E+00   1587 (6.2E-10) 2.6E-03  4.4661679E-01    141 5.1E+02   R
  1586      2  1.0E+00   1588 (4.0E-08) 1.9E-03  4.4661677E-01    142 5.1E+02 s
  1587      5  1.0E+00   1589 (1.5E-08) 1.3E-03  4.4661677E-01    143 5.1E+02
  1588      6  1.0E+00   1590 (4.0E-09) 1.4E-03  4.4661676E-01    143 5.1E+02
  1589      5  4.4E-01   1591 (3.2E-09) 2.0E-03  4.4661676E-01    142 5.1E+02

 Major Minors     Step   nCon Feasible  Optimal  MeritFunction     nS Penalty
  1590      1  4.8E-01   1592 (1.7E-09) 2.1E-03  4.4661676E-01    142 5.1E+02
  1591      2  1.0E+00   1593 (2.3E-08) 2.5E-03  4.4661674E-01    143 5.1E+02
  1592      4  1.0E+00   1594 (1.4E-09) 2.6E-03  4.4661674E-01    141 5.1E+02
  1593      3  1.0E+00   1595 (5.7E-09) 1.8E-03  4.4661673E-01    143 5.1E+02
  1594      3  1.0E+00   1596 (4.2E-08) 3.1E-03  4.4661673E-01    142 5.1E+02
  1595      3  1.0E+00   1597 (5.0E-09) 2.6E-03  4.4661671E-01    144 5.1E+02
  1596      1  1.0E+00   1598 (6.4E-08) 1.7E-03  4.4661669E-01    144 5.1E+02   R
  1597      3  1.0E+00   1599 (4.1E-08) 1.4E-03  4.4661668E-01    143 5.1E+02 s
  1598      6  1.0E+00   1600 (7.2E-09) 1.3E-03  4.4661668E-01    143 5.1E+02
  1599      4  1.0E+00   1601 (2.9E-09) 8.1E-04  4.4661667E-01    144 5.1E+02

 Major Minors     Step   nCon Feasible  Optimal  MeritFunction     nS Penalty
  1600      3  1.0E+00   1602 (4.3E-10) 8.2E-04  4.4661666E-01    143 5.1E+02
  1601      2  1.0E+00   1603 (3.0E-09) 3.2E-03  4.4661666E-01    144 5.1E+02
  1602      3  1.0E+00   1604 (2.1E-09) 3.1E-03  4.4661664E-01    143 5.1E+02
  1603      4  1.0E+00   1605 (1.5E-10) 3.1E-03  4.4661663E-01    143 5.1E+02
  1604      3  1.0E+00   1606 (2.0E-09) 5.0E-03  4.4661662E-01    142 5.1E+02
  1605      5  1.0E+00   1607 (4.5E-10) 4.4E-03  4.4661660E-01    141 5.1E+02
  1606      4  1.0E+00   1608 (2.8E-09) 8.4E-03  4.4661655E-01    141 5.1E+02
  1607      2  1.0E+00   1609 (6.7E-09) 1.0E-02  4.4661648E-01    142 5.1E+02   R
  1608      1  1.0E+00   1610 (2.3E-09) 5.7E-03  4.4661646E-01    142 5.1E+02 s
  1609      4  1.0E+00   1611 (6.6E-10) 3.5E-03  4.4661644E-01    140 5.1E+02

 Major Minors     Step   nCon Feasible  Optimal  MeritFunction     nS Penalty
  1610      2  1.0E+00   1612 (1.4E-09) 2.8E-03  4.4661643E-01    141 5.1E+02
  1611      4  1.0E+00   1613 (1.1E-08) 1.9E-03  4.4661641E-01    141 5.1E+02
  1612      6  1.0E+00   1614 (2.4E-08) 2.9E-03  4.4661641E-01    139 5.1E+02
  1613      2  1.0E+00   1615 (2.3E-10) 3.7E-03  4.4661640E-01    140 5.1E+02
  1614      1  1.0E+00   1616 (1.0E-08) 3.9E-03  4.4661639E-01    140 5.1E+02
  1615      3  1.0E+00   1617 (2.0E-09) 5.8E-03  4.4661637E-01    140 5.1E+02
  1616      4  1.0E+00   1618 (5.3E-09) 1.2E-02  4.4661637E-01    141 5.1E+02
  1617      3  1.0E+00   1619 (1.6E-09) 2.0E-03  4.4661634E-01    141 5.1E+02
  1618      3  1.0E+00   1620 (6.5E-09) 2.7E-03  4.4661629E-01    141 5.1E+02   R
  1619      3  1.0E+00   1621 (2.3E-08) 4.8E-03  4.4661627E-01    140 5.1E+02 s

 Major Minors     Step   nCon Feasible  Optimal  MeritFunction     nS Penalty
  1620      1  1.0E+00   1622 (2.3E-08) 6.1E-03  4.4661626E-01    140 5.1E+02
  1621      4  1.0E+00   1623 (1.1E-08) 5.9E-03  4.4661623E-01    138 5.1E+02
  1622      2  1.0E+00   1624 (8.2E-08) 1.1E-02  4.4661622E-01    139 5.1E+02
  1623      2  1.0E+00   1625 (5.8E-09) 7.5E-03  4.4661621E-01    140 5.1E+02
  1624      2  1.0E+00   1626 (6.5E-08) 4.8E-03  4.4661621E-01    141 5.1E+02
  1625      4  1.0E+00   1627 (6.6E-08) 1.5E-03  4.4661620E-01    139 5.1E+02
  1626      2  1.0E+00   1628 (2.1E-08) 2.6E-03  4.4661619E-01    140 5.1E+02
  1627      1  1.0E+00   1629 (2.6E-09) 3.8E-03  4.4661618E-01    140 5.1E+02
  1628      5  1.0E+00   1630 (2.0E-08) 1.2E-02  4.4661616E-01    141 5.1E+02
  1629      1  1.0E+00   1631 (2.0E-08) 2.2E-03  4.4661615E-01    141 5.1E+02   R

 Major Minors     Step   nCon Feasible  Optimal  MeritFunction     nS Penalty
  1630      6  1.0E+00   1632 (1.7E-08) 1.6E-03  4.4661614E-01    139 5.1E+02 s
  1631      2  1.0E+00   1633 (7.1E-11) 2.1E-03  4.4661613E-01    140 5.1E+02
  1632      2  1.0E+00   1634 (3.1E-09) 3.4E-03  4.4661613E-01    141 5.1E+02
  1633      4  1.0E+00   1635 (2.5E-09) 3.0E-03  4.4661612E-01    139 5.1E+02
  1634      2  1.0E+00   1636 (2.2E-09) 2.2E-03  4.4661612E-01    140 5.1E+02
  1635      1  1.0E+00   1637 (2.1E-09) 5.4E-03  4.4661611E-01    140 5.1E+02
  1636      2  1.0E+00   1638 (3.7E-10) 3.4E-03  4.4661610E-01    141 5.1E+02
  1637      4  1.0E+00   1639 (8.3E-09) 1.2E-02  4.4661606E-01    141 5.1E+02
  1638      6  1.0E+00   1640 (2.5E-09) 8.2E-03  4.4661602E-01    140 5.1E+02
  1639      4  1.0E+00   1641 (1.7E-09) 1.2E-02  4.4661595E-01    138 5.1E+02

 Major Minors     Step   nCon Feasible  Optimal  MeritFunction     nS Penalty
  1640      1  1.0E+00   1642 (1.1E-08) 5.1E-03  4.4661590E-01    138 5.1E+02   R
  1641      1  1.0E+00   1643 (2.5E-08) 9.6E-03  4.4661589E-01    138 5.1E+02 s
  1642      2  1.0E+00   1644 (3.7E-09) 3.7E-03  4.4661587E-01    139 5.1E+02
  1643      2  1.0E+00   1645 (2.7E-09) 4.8E-03  4.4661586E-01    140 5.1E+02
  1644      2  1.0E+00   1646 (1.2E-09) 3.0E-03  4.4661585E-01    141 5.1E+02
  1645      3  1.0E+00   1647 (1.1E-10) 3.4E-03  4.4661585E-01    140 5.1E+02
  1646      5  1.0E+00   1648 (1.8E-09) 5.0E-03  4.4661583E-01    139 5.1E+02
  1647      2  1.0E+00   1649 (5.0E-10) 2.6E-03  4.4661582E-01    140 5.1E+02
  1648      3  1.0E+00   1650 (7.8E-10) 6.4E-03  4.4661580E-01    139 5.1E+02
  1649      4  1.0E+00   1651 (5.2E-09) 4.2E-03  4.4661579E-01    139 5.1E+02

 Major Minors     Step   nCon Feasible  Optimal  MeritFunction     nS Penalty
  1650      1  1.0E+00   1652 (9.7E-10) 5.6E-03  4.4661578E-01    139 5.1E+02
  1651      1  1.0E+00   1653 (1.6E-09) 1.8E-03  4.4661577E-01    139 5.1E+02   R
  1652      3  1.0E+00   1654 (2.8E-10) 1.5E-03  4.4661577E-01    138 5.1E+02 s
  1653      2  1.0E+00   1655 (1.1E-09) 1.2E-03  4.4661576E-01    139 5.1E+02
  1654      1  1.0E+00   1656 (4.1E-10) 2.2E-03  4.4661576E-01    139 5.1E+02
  1655      1  1.0E+00   1657 (1.1E-09) 2.1E-03  4.4661575E-01    139 5.1E+02
  1656      1  1.0E+00   1658 (2.2E-09) 2.7E-03  4.4661574E-01    139 5.1E+02
  1657      4  1.0E+00   1659 (6.6E-10) 5.8E-03  4.4661573E-01    139 5.1E+02
  1658      1  1.0E+00   1660 (2.8E-09) 4.2E-03  4.4661572E-01    139 5.1E+02
  1659      5  1.0E+00   1661 (2.5E-09) 2.3E-03  4.4661570E-01    140 5.1E+02

 Major Minors     Step   nCon Feasible  Optimal  MeritFunction     nS Penalty
  1660      1  1.0E+00   1662 (1.5E-09) 3.8E-03  4.4661568E-01    140 5.1E+02
  1661      3  1.0E+00   1663 (7.3E-09) 6.7E-03  4.4661564E-01    139 5.1E+02
  1662      3  1.0E+00   1664 (8.7E-09) 5.5E-03  4.4661558E-01    138 5.1E+02   R
  1663      2  1.0E+00   1665 (1.4E-08) 7.1E-03  4.4661556E-01    139 5.1E+02 s
  1664      2  1.0E+00   1666 (2.3E-09) 3.5E-03  4.4661553E-01    140 5.1E+02
  1665      1  1.0E+00   1667 (1.1E-08) 7.0E-03  4.4661552E-01    140 5.1E+02
  1666      2  1.0E+00   1668 (7.1E-09) 1.9E-03  4.4661551E-01    139 5.1E+02
  1667      1  1.0E+00   1669 (2.9E-09) 4.8E-03  4.4661551E-01    139 5.1E+02
  1668      4  1.0E+00   1670 (1.4E-09) 2.8E-03  4.4661550E-01    139 5.1E+02
  1669      2  1.0E+00   1671 (4.8E-09) 3.1E-03  4.4661550E-01    140 5.1E+02

 Major Minors     Step   nCon Feasible  Optimal  MeritFunction     nS Penalty
  1670      1  1.0E+00   1672 (2.0E-10) 3.6E-03  4.4661549E-01    140 5.1E+02
  1671      2  1.0E+00   1673 (2.7E-09) 2.1E-03  4.4661548E-01    139 5.1E+02
  1672      2  1.0E+00   1674 (5.4E-10) 2.4E-03  4.4661547E-01    140 5.1E+02
  1673      2  1.0E+00   1675 (9.8E-10) 1.8E-03  4.4661547E-01    141 5.1E+02   R
  1674      1  1.0E+00   1676 (5.6E-11) 2.0E-03  4.4661546E-01    141 5.1E+02 s
  1675      1  1.0E+00   1677 (3.1E-11) 7.1E-04  4.4661546E-01    141 5.1E+02
  1676      3  1.0E+00   1678 (5.0E-11) 4.3E-04  4.4661546E-01    140 5.1E+02
  1677      1  1.0E+00   1679 (2.4E-10) 1.3E-03  4.4661545E-01    140 5.1E+02
  1678      2  1.0E+00   1680 (1.6E-10) 1.7E-03  4.4661544E-01    141 5.1E+02
  1679      4  1.0E+00   1681 (4.7E-10) 2.1E-03  4.4661544E-01    141 5.1E+02

 Major Minors     Step   nCon Feasible  Optimal  MeritFunction     nS Penalty
  1680      2  1.0E+00   1682 (4.9E-10) 2.2E-03  4.4661542E-01    142 5.1E+02
  1681      2  1.0E+00   1683 (7.7E-10) 2.4E-03  4.4661541E-01    141 5.1E+02
  1682      2  1.0E+00   1684 (7.0E-10) 4.5E-03  4.4661538E-01    142 5.1E+02
  1683      5  1.0E+00   1685 (2.9E-09) 6.9E-03  4.4661535E-01    141 5.1E+02
  1684      1  1.0E+00   1686 (2.0E-09) 3.4E-03  4.4661532E-01    141 5.1E+02   R
  1685      3  1.0E+00   1687 (2.0E-09) 5.3E-03  4.4661530E-01    140 5.1E+02 s
  1686      6  1.0E+00   1688 (4.1E-10) 2.5E-03  4.4661529E-01    142 5.1E+02
  1687      2  1.0E+00   1689 (1.2E-10) 2.3E-03  4.4661529E-01    143 5.1E+02
  1688      3  1.0E+00   1690 (1.5E-10) 2.3E-03  4.4661528E-01    142 5.1E+02
  1689      4  1.0E+00   1691 (5.7E-10) 2.2E-03  4.4661526E-01    142 5.1E+02

 Major Minors     Step   nCon Feasible  Optimal  MeritFunction     nS Penalty
  1690      5  1.0E+00   1692 (1.4E-09) 2.4E-03  4.4661524E-01    141 5.1E+02
  1691      2  1.0E+00   1693 (2.5E-10) 4.4E-03  4.4661523E-01    142 5.1E+02
  1692      2  1.0E+00   1694 (5.2E-10) 1.3E-03  4.4661522E-01    143 5.1E+02
  1693      4  1.0E+00   1695 (3.3E-10) 8.1E-04  4.4661521E-01    141 5.1E+02
  1694      2  1.0E+00   1696 (4.2E-10) 1.4E-03  4.4661521E-01    142 5.1E+02
  1695      4  1.0E+00   1697 (2.5E-10) 2.3E-03  4.4661520E-01    140 5.1E+02   R
  1696      4  1.0E+00   1698 (1.0E-10) 2.5E-03  4.4661520E-01    140 5.1E+02 s
  1697      1  3.6E-01   1699 (2.4E-09) 4.8E-03  4.4661519E-01    140 5.1E+02
  1698      4  1.0E+00   1700 (1.8E-09) 3.1E-03  4.4661519E-01    141 5.1E+02
  1699      1  1.0E+00   1701 (1.4E-09) 7.5E-03  4.4661518E-01    141 5.1E+02

 Major Minors     Step   nCon Feasible  Optimal  MeritFunction     nS Penalty
  1700      3  1.0E+00   1702 (2.8E-09) 5.8E-03  4.4661515E-01    140 5.1E+02
  1701      2  4.5E-01   1703 (2.1E-09) 3.8E-03  4.4661514E-01    139 5.1E+02
  1702      1  1.0E+00   1704 (3.7E-09) 9.1E-03  4.4661513E-01    139 5.1E+02
  1703      1  1.0E+00   1705 (2.9E-08) 9.8E-03  4.4661512E-01    139 5.1E+02
  1704      1  1.0E+00   1706 (1.0E-08) 1.7E-02  4.4661509E-01    139 5.1E+02
  1705      1  4.5E-01   1707 (1.4E-08) 1.9E-02  4.4661505E-01    139 5.1E+02
  1706      1  1.0E+00   1708 (5.8E-08) 3.6E-03  4.4661500E-01    139 5.1E+02   R
  1707      1  4.7E-01   1709 (6.2E-08) 4.6E-03  4.4661497E-01    139 5.1E+02 s
  1708      1  1.0E+00   1710 (6.8E-10) 4.3E-03  4.4661497E-01    139 5.1E+02
  1709      3  1.0E+00   1711 (1.9E-09) 2.0E-03  4.4661496E-01    141 5.1E+02

 Major Minors     Step   nCon Feasible  Optimal  MeritFunction     nS Penalty
  1710      1  1.0E+00   1712 (1.0E-08) 5.1E-03  4.4661495E-01    141 5.1E+02
  1711      1  1.0E+00   1713 (4.5E-08) 1.1E-02  4.4661493E-01    141 5.1E+02
  1712      1  1.0E+00   1714 (4.8E-08) 1.7E-02  4.4661493E-01    141 5.1E+02
  1713      1  1.0E+00   1715 (2.4E-08) 5.0E-03  4.4661489E-01    141 5.1E+02
  1714      1  1.0E+00   1716 (1.8E-08) 2.5E-03  4.4661487E-01    141 5.1E+02
  1715      4  1.0E+00   1717 (2.5E-09) 5.8E-03  4.4661486E-01    141 5.1E+02
  1716      4  1.0E+00   1718 (1.5E-08) 4.4E-03  4.4661485E-01    144 5.1E+02
  1717      3  1.0E+00   1719 (8.4E-08) 1.3E-02  4.4661483E-01    142 5.1E+02   R
  1718      4  1.0E+00   1720 (2.2E-09) 4.2E-03  4.4661482E-01    142 5.1E+02 s
  1719      3  1.0E+00   1721 (2.6E-09) 2.5E-03  4.4661481E-01    144 5.1E+02

 Major Minors     Step   nCon Feasible  Optimal  MeritFunction     nS Penalty
  1720      2  1.0E+00   1722 (9.3E-09) 5.3E-03  4.4661479E-01    143 5.1E+02
  1721      3  1.0E+00   1723 (1.2E-08) 1.0E-02  4.4661478E-01    143 5.1E+02
  1722      6  1.0E+00   1724 (6.3E-09) 3.1E-03  4.4661476E-01    141 5.1E+02
  1723      3  1.0E+00   1725 (3.6E-08) 1.1E-02  4.4661471E-01    141 5.1E+02
  1724      2  1.0E+00   1726 (5.3E-08) 1.1E-02  4.4661465E-01    142 5.1E+02
  1725      2  1.0E+00   1727 (3.6E-08) 1.1E-02  4.4661459E-01    141 5.1E+02
  1726      2  3.6E-01   1728 (8.7E-08) 8.0E-03  4.4661458E-01    140 5.1E+02
  1727      3  1.0E+00   1729  3.5E-06  5.0E-02  4.4661444E-01    138 5.1E+02
  1728      1  1.0E+00   1730 (9.2E-07) 2.8E-02  4.4661425E-01    138 5.1E+02   R
  1729      1  1.0E+00   1731 (1.4E-08) 1.4E-02  4.4661402E-01    138 5.1E+02 s

 Major Minors     Step   nCon Feasible  Optimal  MeritFunction     nS Penalty
  1730      1  1.0E+00   1732 (6.5E-10) 7.9E-03  4.4661397E-01    138 5.1E+02
  1731      2  1.0E+00   1733 (6.4E-10) 7.7E-03  4.4661393E-01    139 5.1E+02
  1732      1  1.0E+00   1734 (6.4E-09) 1.5E-02  4.4661392E-01    139 5.1E+02
  1733      3  1.0E+00   1735 (1.1E-09) 5.1E-03  4.4661387E-01    138 5.1E+02
  1734      1  1.0E+00   1736 (1.4E-09) 6.6E-03  4.4661384E-01    138 5.1E+02
  1735      2  1.0E+00   1737 (1.3E-08) 1.3E-02  4.4661375E-01    137 5.1E+02
  1736      1  1.0E+00   1738 (2.0E-07) 2.0E-02  4.4661350E-01    137 5.1E+02
  1737      1  1.0E+00   1739 (9.9E-08) 1.4E-02  4.4661334E-01    137 5.1E+02
  1738      2  1.0E+00   1740 (7.0E-08) 4.4E-02  4.4661329E-01    138 5.1E+02
  1739      1  1.0E+00   1741 (8.1E-08) 1.6E-02  4.4661323E-01    138 5.1E+02   R

 Major Minors     Step   nCon Feasible  Optimal  MeritFunction     nS Penalty
  1740      1  1.0E+00   1742 (9.8E-10) 9.7E-03  4.4661317E-01    138 5.1E+02 s
  1741      2  1.0E+00   1743 (3.4E-10) 4.7E-03  4.4661315E-01    137 5.1E+02
  1742      1  1.0E+00   1744 (2.6E-09) 6.9E-03  4.4661311E-01    137 5.1E+02
  1743      2  1.0E+00   1745 (6.0E-09) 8.5E-03  4.4661307E-01    138 5.1E+02
  1744      1  1.0E+00   1746 (8.7E-09) 7.5E-03  4.4661304E-01    138 5.1E+02
  1745      3  1.0E+00   1747 (1.4E-08) 4.7E-03  4.4661301E-01    137 5.1E+02
  1746      1  1.0E+00   1748 (3.3E-08) 1.6E-02  4.4661297E-01    137 5.1E+02
  1747      1  1.0E+00   1749 (7.6E-08) 4.4E-02  4.4661291E-01    137 5.1E+02
  1748      2  1.0E+00   1750 (5.0E-08) 4.1E-02  4.4661284E-01    138 5.1E+02
  1749      2  1.0E+00   1751 (3.9E-08) 3.8E-03  4.4661276E-01    137 5.1E+02

 Major Minors     Step   nCon Feasible  Optimal  MeritFunction     nS Penalty
  1750      1  1.0E+00   1752 (2.0E-08) 3.5E-03  4.4661272E-01    137 5.1E+02   R
  1751      3  1.0E+00   1753 (9.1E-11) 3.4E-03  4.4661270E-01    139 5.1E+02 s
  1752      1  1.8E-01   1754 (5.2E-09) 8.2E-03  4.4661263E-01    139 5.1E+02
  1753      1  3.5E-01   1755 (1.1E-08) 4.0E-03  4.4661260E-01    139 5.1E+02
  1754      1  3.7E-01   1756 (1.2E-08) 1.0E-02  4.4661257E-01    139 5.1E+02
  1755      3  1.0E+00   1757 (6.1E-08) 1.6E-02  4.4661249E-01    137 5.1E+02
  1756      1  3.8E-01   1758 (8.5E-08) 1.1E-02  4.4661240E-01    137 5.1E+02
  1757      1  3.0E-01   1759 (7.2E-08) 1.0E-02  4.4661236E-01    137 5.1E+02
  1758      1  1.0E+00   1760 (3.5E-08) 1.6E-02  4.4661232E-01    137 5.1E+02
  1759      1  2.6E-01   1761 (4.3E-08) 1.5E-02  4.4661227E-01    137 5.1E+02

 Major Minors     Step   nCon Feasible  Optimal  MeritFunction     nS Penalty
  1760      2  1.0E+00   1762 (1.6E-07) 3.3E-02  4.4661221E-01    138 5.1E+02
  1761      2  4.3E-01   1763 (1.8E-07) 2.3E-02  4.4661213E-01    137 5.1E+02   R
  1762      1  3.7E-01   1764 (1.1E-07) 1.4E-02  4.4661207E-01    137 5.1E+02 s
  1763      1  1.0E+00   1765 (7.1E-10) 1.2E-02  4.4661203E-01    137 5.1E+02
  1764      1  1.0E+00   1766 (6.2E-10) 1.2E-02  4.4661199E-01    137 5.1E+02
  1765      1  1.0E+00   1767 (1.1E-09) 1.1E-02  4.4661196E-01    137 5.1E+02
  1766      1  1.0E+00   1768 (2.5E-09) 9.7E-03  4.4661191E-01    137 5.1E+02
  1767      1  1.0E+00   1769 (1.3E-08) 2.3E-02  4.4661188E-01    137 5.1E+02
  1768      1  1.0E+00   1770 (4.0E-10) 1.8E-02  4.4661182E-01    137 5.1E+02
  1769      1  1.0E+00   1771 (4.0E-09) 7.2E-03  4.4661177E-01    137 5.1E+02

 Major Minors     Step   nCon Feasible  Optimal  MeritFunction     nS Penalty
  1770      1  1.0E+00   1772 (2.6E-08) 9.0E-03  4.4661172E-01    137 5.1E+02
  1771      1  1.0E+00   1773 (4.6E-09) 6.8E-03  4.4661169E-01    137 5.1E+02
  1772      1  1.0E+00   1774 (1.1E-08) 5.1E-03  4.4661165E-01    137 5.1E+02   R
  1773      1  1.0E+00   1775 (1.0E-10) 4.6E-03  4.4661163E-01    137 5.1E+02 s
  1774      1  1.0E+00   1776 (1.0E-09) 1.3E-02  4.4661161E-01    137 5.1E+02
  1775      1  1.0E+00   1777 (1.3E-09) 1.2E-02  4.4661158E-01    137 5.1E+02
  1776      1  1.0E+00   1778 (5.8E-10) 9.6E-03  4.4661156E-01    137 5.1E+02
  1777      1  1.0E+00   1779 (2.6E-10) 7.9E-03  4.4661153E-01    137 5.1E+02
  1778      1  1.0E+00   1780 (1.7E-09) 9.1E-03  4.4661151E-01    137 5.1E+02
  1779      1  1.0E+00   1781 (5.6E-09) 7.6E-03  4.4661147E-01    137 5.1E+02

 Major Minors     Step   nCon Feasible  Optimal  MeritFunction     nS Penalty
  1780      1  1.0E+00   1782 (7.8E-09) 9.2E-03  4.4661143E-01    137 5.1E+02
  1781      1  1.0E+00   1783 (6.3E-09) 1.6E-02  4.4661141E-01    137 5.1E+02
  1782      1  1.0E+00   1784 (4.2E-10) 5.1E-03  4.4661136E-01    137 5.1E+02
  1783      1  1.0E+00   1785 (2.0E-09) 9.3E-03  4.4661134E-01    137 5.1E+02   R
  1784      1  4.8E-01   1786 (9.4E-10) 6.5E-03  4.4661131E-01    137 5.1E+02 s
  1785      2  1.0E+00   1787 (2.7E-11) 4.9E-03  4.4661130E-01    138 5.1E+02
  1786      1  1.0E+00   1788 (3.1E-10) 4.8E-03  4.4661128E-01    138 5.1E+02
  1787      3  1.0E+00   1789 (4.7E-10) 7.5E-03  4.4661126E-01    137 5.1E+02
  1788      1  1.0E+00   1790 (1.8E-09) 8.5E-03  4.4661124E-01    137 5.1E+02
  1789      3  1.0E+00   1791 (9.0E-10) 4.7E-03  4.4661122E-01    139 5.1E+02

 Major Minors     Step   nCon Feasible  Optimal  MeritFunction     nS Penalty
  1790      1  1.0E+00   1792 (2.2E-09) 1.3E-02  4.4661120E-01    139 5.1E+02
  1791      5  1.0E+00   1793 (8.2E-11) 1.5E-02  4.4661119E-01    138 5.1E+02
  1792      2  1.0E+00   1794 (1.3E-09) 6.4E-03  4.4661116E-01    139 5.1E+02
  1793      1  1.0E+00   1795 (1.0E-08) 5.2E-03  4.4661113E-01    139 5.1E+02
  1794      3  1.0E+00   1796 (1.1E-09) 5.0E-03  4.4661111E-01    138 5.1E+02   R
  1795      1  1.0E+00   1797 (5.4E-11) 2.7E-03  4.4661110E-01    138 5.1E+02 s
  1796      1  1.0E+00   1798 (1.3E-09) 5.0E-03  4.4661107E-01    138 5.1E+02
  1797      3  1.0E+00   1799 (1.4E-09) 6.6E-03  4.4661105E-01    137 5.1E+02
  1798      2  1.0E+00   1800 (1.1E-09) 4.4E-03  4.4661103E-01    138 5.1E+02
  1799      2  1.0E+00   1801 (1.5E-09) 6.3E-03  4.4661101E-01    137 5.1E+02

 Major Minors     Step   nCon Feasible  Optimal  MeritFunction     nS Penalty
  1800      1  1.0E+00   1802 (5.6E-09) 5.2E-03  4.4661099E-01    137 5.1E+02
  1801      1  1.0E+00   1803 (3.7E-09) 9.9E-03  4.4661097E-01    137 5.1E+02
  1802      1  1.0E+00   1804 (8.0E-09) 6.8E-03  4.4661094E-01    137 5.1E+02
  1803      1  1.0E+00   1805 (2.6E-08) 1.2E-02  4.4661090E-01    137 5.1E+02
  1804      1  1.0E+00   1806 (6.3E-08) 1.5E-02  4.4661081E-01    137 5.1E+02
  1805      1  1.0E+00   1807 (4.5E-07) 2.1E-02  4.4661067E-01    137 5.1E+02   R
  1806      1  1.0E+00   1808 (4.3E-09) 2.6E-02  4.4661065E-01    137 5.1E+02 s
  1807      1  1.0E+00   1809 (5.4E-10) 5.8E-03  4.4661054E-01    137 5.1E+02
  1808      2  1.0E+00   1810 (3.7E-10) 4.6E-03  4.4661050E-01    138 5.1E+02
  1809      1  1.0E+00   1811 (1.8E-10) 3.5E-03  4.4661047E-01    138 5.1E+02

 Major Minors     Step   nCon Feasible  Optimal  MeritFunction     nS Penalty
  1810      3  1.0E+00   1812 (8.2E-11) 3.1E-03  4.4661045E-01    137 5.1E+02
  1811      1  1.0E+00   1813 (6.5E-10) 2.2E-03  4.4661043E-01    137 5.1E+02
  1812      1  1.0E+00   1814 (1.2E-10) 6.3E-03  4.4661042E-01    137 5.1E+02
  1813      1  1.0E+00   1815 (5.2E-10) 4.2E-03  4.4661040E-01    137 5.1E+02
  1814      1  1.0E+00   1816 (7.6E-10) 6.5E-03  4.4661039E-01    137 5.1E+02
  1815      1  1.0E+00   1817 (7.0E-10) 5.0E-03  4.4661038E-01    137 5.1E+02
  1816      2  1.0E+00   1818 (2.6E-09) 2.9E-03  4.4661036E-01    138 5.1E+02   R
  1817      2  1.0E+00   1819 (2.8E-11) 2.1E-03  4.4661035E-01    139 5.1E+02 s
  1818      3  1.0E+00   1820 (6.0E-10) 4.9E-03  4.4661034E-01    137 5.1E+02
  1819      1  1.0E+00   1821 (1.0E-09) 3.8E-03  4.4661032E-01    137 5.1E+02

 Major Minors     Step   nCon Feasible  Optimal  MeritFunction     nS Penalty
  1820      1  1.0E+00   1822 (2.2E-10) 1.2E-02  4.4661031E-01    137 5.1E+02
  1821      1  1.0E+00   1823 (3.8E-10) 3.8E-03  4.4661030E-01    137 5.1E+02
  1822      1  1.0E+00   1824 (5.3E-10) 1.1E-02  4.4661029E-01    137 5.1E+02
  1823      2  1.0E+00   1825 (7.6E-10) 4.6E-03  4.4661027E-01    138 5.1E+02
  1824      1  1.0E+00   1826 (3.6E-09) 1.2E-02  4.4661026E-01    138 5.1E+02
  1825      4  1.0E+00   1827 (3.0E-09) 1.3E-02  4.4661022E-01    138 5.1E+02
  1826      2  1.0E+00   1828 (1.1E-08) 8.5E-03  4.4661015E-01    139 5.1E+02
  1827      1  1.0E+00   1829 (6.6E-08) 1.1E-02  4.4661007E-01    139 5.1E+02   R
  1828      1  1.0E+00   1830 (5.6E-10) 1.3E-02  4.4661002E-01    139 5.1E+02 s
  1829      4  1.0E+00   1831 (1.8E-10) 5.2E-03  4.4660998E-01    137 5.1E+02

 Major Minors     Step   nCon Feasible  Optimal  MeritFunction     nS Penalty
  1830      2  1.0E+00   1832 (2.1E-10) 5.9E-03  4.4660997E-01    138 5.1E+02
  1831      3  1.0E+00   1833 (1.3E-10) 2.5E-03  4.4660996E-01    140 5.1E+02
  1832      2  1.0E+00   1834 (7.7E-10) 2.3E-03  4.4660995E-01    139 5.1E+02
  1833      4  1.0E+00   1835 (5.4E-10) 2.9E-03  4.4660994E-01    137 5.1E+02
  1834      2  1.0E+00   1836 (3.3E-09) 3.7E-03  4.4660992E-01    138 5.1E+02
  1835      3  1.0E+00   1837 (2.8E-09) 3.7E-03  4.4660990E-01    140 5.1E+02
  1836      4  1.0E+00   1838 (1.9E-08) 3.7E-03  4.4660989E-01    138 5.1E+02
  1837      4  1.0E+00   1839 (1.8E-10) 3.8E-03  4.4660984E-01    139 5.1E+02
  1838      1  1.0E+00   1840 (3.3E-09) 5.1E-03  4.4660982E-01    139 5.1E+02   R
  1839      1  1.0E+00   1841 (1.1E-10) 5.0E-03  4.4660980E-01    139 5.1E+02 s

 Major Minors     Step   nCon Feasible  Optimal  MeritFunction     nS Penalty
  1840      2  1.0E+00   1842 (1.3E-10) 1.2E-03  4.4660979E-01    138 5.1E+02
  1841      2  1.0E+00   1843 (5.8E-10) 1.2E-03  4.4660977E-01    139 5.1E+02
  1842      4  1.0E+00   1844 (2.4E-09) 2.0E-03  4.4660976E-01    139 5.1E+02
  1843      4  1.0E+00   1845 (2.3E-08) 3.3E-03  4.4660973E-01    140 5.1E+02
  1844      3  4.9E-01   1846 (2.4E-08) 4.9E-03  4.4660971E-01    140 5.1E+02
  1845      2  1.0E+00   1847 (7.3E-09) 2.9E-03  4.4660968E-01    141 5.1E+02
  1846      5  1.0E+00   1848 (2.5E-08) 9.0E-03  4.4660964E-01    138 5.1E+02
  1847      2  1.0E+00   1849 (1.7E-08) 8.1E-03  4.4660958E-01    139 5.1E+02
  1848      2  1.0E+00   1850 (2.6E-07) 8.1E-03  4.4660949E-01    138 5.1E+02
  1849      3  1.0E+00   1851 (2.7E-07) 6.1E-03  4.4660940E-01    137 5.1E+02   R

 Major Minors     Step   nCon Feasible  Optimal  MeritFunction     nS Penalty
  1850      1  1.0E+00   1852 (5.1E-10) 5.2E-03  4.4660937E-01    137 5.1E+02 s
  1851      1  1.0E+00   1853 (1.4E-10) 5.3E-03  4.4660934E-01    137 5.1E+02
  1852      3  1.0E+00   1854 (1.2E-09) 1.7E-03  4.4660931E-01    139 5.1E+02
  1853      3  1.0E+00   1855 (1.9E-09) 1.5E-02  4.4660927E-01    139 5.1E+02
  1854      2  3.0E-01   1856 (8.2E-09) 1.8E-02  4.4660926E-01    138 5.1E+02
  1855      1  1.0E+00   1857 (2.9E-10) 6.3E-03  4.4660924E-01    138 5.1E+02
  1856      2  1.0E+00   1858 (5.4E-11) 9.3E-04  4.4660922E-01    139 5.1E+02
  1857      1  1.0E+00   1859 (6.2E-10) 5.0E-03  4.4660922E-01    139 5.1E+02
  1858      3  1.0E+00   1860 (2.1E-09) 1.2E-03  4.4660921E-01    138 5.1E+02
  1859      1  1.0E+00   1861 (3.5E-08) 1.2E-02  4.4660919E-01    138 5.1E+02

 Major Minors     Step   nCon Feasible  Optimal  MeritFunction     nS Penalty
  1860      1  1.0E+00   1862 (1.8E-08) 1.5E-03  4.4660917E-01    138 5.1E+02   R
  1861      3  1.0E+00   1863 (1.2E-10) 2.1E-03  4.4660916E-01    140 5.1E+02 s
  1862      2  1.0E+00   1864 (1.0E-09) 1.4E-03  4.4660914E-01    139 5.1E+02
  1863      1  1.0E+00   1865 (4.0E-10) 3.7E-03  4.4660913E-01    139 5.1E+02
  1864      3  1.0E+00   1866 (1.8E-10) 2.5E-03  4.4660912E-01    138 5.1E+02
  1865      4  1.0E+00   1867 (1.3E-09) 3.5E-03  4.4660911E-01    138 5.1E+02
  1866      2  4.5E-01   1868 (2.4E-09) 2.9E-03  4.4660910E-01    139 5.1E+02
  1867      1  1.0E+00   1869 (2.3E-10) 1.7E-03  4.4660909E-01    139 5.1E+02
  1868      1  1.0E+00   1870 (1.2E-09) 1.1E-03  4.4660907E-01    139 5.1E+02
  1869      1  1.0E+00   1871 (9.3E-09) 7.8E-03  4.4660905E-01    139 5.1E+02

 Major Minors     Step   nCon Feasible  Optimal  MeritFunction     nS Penalty
  1870      2  1.0E+00   1872 (1.5E-09) 2.6E-03  4.4660903E-01    140 5.1E+02
  1871      1  1.0E+00   1873 (5.1E-09) 5.8E-03  4.4660901E-01    140 5.1E+02   R
  1872      3  1.0E+00   1874 (2.4E-10) 6.4E-03  4.4660899E-01    140 5.1E+02 s
  1873      1  1.0E+00   1875 (3.2E-10) 1.4E-03  4.4660898E-01    140 5.1E+02
  1874      1  1.0E+00   1876 (2.3E-10) 2.2E-03  4.4660897E-01    140 5.1E+02
  1875      1  1.0E+00   1877 (8.6E-10) 1.9E-03  4.4660896E-01    140 5.1E+02
  1876      4  1.0E+00   1878 (1.3E-09) 1.5E-03  4.4660896E-01    140 5.1E+02
  1877      3  1.0E+00   1879 (9.1E-10) 6.1E-04  4.4660895E-01    142 5.1E+02
  1878      2  3.7E-01   1880 (3.9E-09) 1.9E-03  4.4660894E-01    141 5.1E+02
  1879      3  4.6E-01   1881 (5.7E-09) 2.6E-03  4.4660893E-01    140 5.1E+02

 Major Minors     Step   nCon Feasible  Optimal  MeritFunction     nS Penalty
  1880      2  3.8E-01   1882 (9.3E-09) 3.3E-03  4.4660893E-01    139 5.1E+02
  1881      3  1.0E+00   1883 (5.3E-10) 3.1E-03  4.4660892E-01    138 5.1E+02
  1882      1  1.0E+00   1884 (4.2E-09) 1.5E-03  4.4660891E-01    138 5.1E+02   R
  1883      2  1.0E+00   1885 (9.8E-11) 1.4E-03  4.4660890E-01    139 5.1E+02 s
  1884      1  1.0E+00   1886 (3.1E-10) 1.6E-03  4.4660890E-01    139 5.1E+02
  1885      5  1.0E+00   1887 (1.8E-10) 1.4E-03  4.4660889E-01    140 5.1E+02
  1886      6  1.0E+00   1888 (3.0E-09) 1.1E-03  4.4660888E-01    142 5.1E+02
  1887      3  1.0E+00   1889 (1.8E-09) 2.1E-03  4.4660887E-01    141 5.1E+02
  1888      3  1.0E+00   1890 (9.5E-09) 2.4E-03  4.4660886E-01    139 5.1E+02
  1889      3  1.0E+00   1891 (2.7E-09) 7.1E-04  4.4660884E-01    139 5.1E+02

 Major Minors     Step   nCon Feasible  Optimal  MeritFunction     nS Penalty
  1890      2  1.0E+00   1892 (8.6E-09) 2.0E-03  4.4660883E-01    140 5.1E+02
  1891      1  1.0E+00   1893 (6.5E-10) 1.6E-03  4.4660883E-01    140 5.1E+02
  1892      6  1.0E+00   1894 (8.8E-10) 1.5E-03  4.4660882E-01    140 5.1E+02
  1893      3  1.0E+00   1895 (2.0E-08) 3.1E-03  4.4660880E-01    138 5.1E+02   R
  1894      2  1.0E+00   1896 (1.0E-10) 2.2E-03  4.4660878E-01    139 5.1E+02 s
  1895      3  1.0E+00   1897 (1.5E-10) 1.3E-03  4.4660878E-01    139 5.1E+02
  1896      2  1.0E+00   1898 (1.3E-09) 1.3E-03  4.4660877E-01    140 5.1E+02
  1897      3  1.0E+00   1899 (8.4E-09) 2.0E-03  4.4660876E-01    139 5.1E+02
  1898      2  4.7E-01   1900 (5.1E-09) 1.5E-03  4.4660876E-01    140 5.1E+02
  1899      4  1.0E+00   1901 (2.0E-10) 3.3E-03  4.4660875E-01    138 5.1E+02

 Major Minors     Step   nCon Feasible  Optimal  MeritFunction     nS Penalty
  1900      4  1.0E+00   1902 (2.1E-10) 1.7E-03  4.4660874E-01    138 5.1E+02
  1901      4  1.0E+00   1903 (2.5E-09) 1.4E-03  4.4660874E-01    141 5.1E+02
  1902      3  1.0E+00   1904 (5.1E-09) 2.5E-03  4.4660873E-01    140 5.1E+02
  1903      2  1.0E+00   1905 (1.1E-08) 2.0E-03  4.4660872E-01    141 5.1E+02
  1904      1  1.0E+00   1906 (9.7E-10) 1.2E-03  4.4660871E-01    141 5.1E+02   R
  1905      2  1.0E+00   1907 (5.7E-11) 1.6E-03  4.4660870E-01    142 5.1E+02 s
  1906      2  1.0E+00   1908 (4.7E-10) 1.3E-03  4.4660869E-01    143 5.1E+02
  1907      8  1.0E+00   1909 (2.6E-10) 1.8E-03  4.4660869E-01    138 5.1E+02
  1908      5  1.0E+00   1910 (4.0E-09) 1.2E-03  4.4660867E-01    139 5.1E+02
  1909      2  1.0E+00   1911 (7.8E-09) 2.4E-03  4.4660866E-01    140 5.1E+02

 Major Minors     Step   nCon Feasible  Optimal  MeritFunction     nS Penalty
  1910      2  1.0E+00   1912 (5.7E-09) 3.0E-03  4.4660865E-01    141 5.1E+02
  1911      2  1.0E+00   1913 (5.4E-10) 1.8E-03  4.4660864E-01    142 5.1E+02
  1912      2  1.0E+00   1914 (1.1E-09) 2.5E-03  4.4660864E-01    141 5.1E+02
  1913      5  1.0E+00   1915 (1.0E-08) 3.3E-03  4.4660862E-01    138 5.1E+02
  1914      3  1.0E+00   1916 (2.7E-08) 7.3E-03  4.4660861E-01    140 5.1E+02
  1915      2  1.0E+00   1917 (2.9E-08) 6.0E-03  4.4660859E-01    139 5.1E+02   R
  1916      1  1.0E+00   1918 (2.5E-10) 6.1E-03  4.4660857E-01    139 5.1E+02 s
  1917      2  1.0E+00   1919 (5.4E-11) 3.3E-03  4.4660856E-01    140 5.1E+02
  1918      3  1.0E+00   1920 (7.9E-11) 2.8E-03  4.4660855E-01    142 5.1E+02
  1919      1  1.0E+00   1921 (9.9E-11) 8.3E-04  4.4660855E-01    142 5.1E+02

 Major Minors     Step   nCon Feasible  Optimal  MeritFunction     nS Penalty
  1920      4  1.0E+00   1922 (6.6E-11) 6.9E-04  4.4660854E-01    140 5.1E+02
  1921      4  1.0E+00   1923 (3.5E-10) 1.1E-03  4.4660854E-01    143 5.1E+02
  1922      1  1.0E+00   1924 (1.4E-09) 1.5E-03  4.4660854E-01    143 5.1E+02
  1923      5  1.0E+00   1925 (7.2E-10) 1.2E-03  4.4660853E-01    142 5.1E+02
  1924      4  1.0E+00   1926 (9.3E-10) 6.6E-04  4.4660853E-01    143 5.1E+02
  1925      3  1.0E+00   1927 (9.2E-10) 1.4E-03  4.4660853E-01    142 5.1E+02
  1926      1  3.2E-01   1928 (9.7E-10) 1.5E-03  4.4660852E-01    142 5.1E+02   R
  1927      3  1.0E+00   1929 (5.3E-11) 8.2E-04  4.4660852E-01    144 5.1E+02 s
  1928      1  1.0E+00   1930 (1.0E-11) 7.3E-04  4.4660852E-01    144 5.1E+02
  1929      1  1.0E+00   1931 (1.3E-11) 7.1E-04  4.4660852E-01    144 5.1E+02

 Major Minors     Step   nCon Feasible  Optimal  MeritFunction     nS Penalty
  1930      1  1.0E+00   1932 (6.6E-11) 6.1E-04  4.4660852E-01    144 5.1E+02
  1931      3  1.0E+00   1933 (2.3E-10) 4.9E-04  4.4660851E-01    143 5.1E+02
  1932      2  1.0E+00   1934 (1.2E-10) 4.8E-04  4.4660851E-01    144 5.1E+02
  1933      2  1.0E+00   1935 (1.0E-10) 4.6E-04  4.4660851E-01    145 5.1E+02
  1934      1  1.0E+00   1936 (1.2E-11) 3.1E-04  4.4660851E-01    145 5.1E+02
  1935      1  1.0E+00   1937 (4.5E-10) 5.8E-04  4.4660850E-01    145 5.1E+02
  1936      4  1.0E+00   1938 (1.7E-10) 6.2E-04  4.4660850E-01    143 5.1E+02
  1937      1  1.0E+00   1939 (2.4E-09) 8.7E-04  4.4660849E-01    143 5.1E+02   R
  1938      3  1.0E+00   1940 (3.7E-11) 6.5E-04  4.4660849E-01    142 5.1E+02 s
  1939      1  1.0E+00   1941 (2.0E-10) 4.8E-04  4.4660848E-01    142 5.1E+02

 Major Minors     Step   nCon Feasible  Optimal  MeritFunction     nS Penalty
  1940      1  1.0E+00   1942 (5.5E-11) 5.7E-04  4.4660848E-01    142 5.1E+02
  1941      3  1.0E+00   1943 (1.7E-10) 4.1E-04  4.4660848E-01    141 5.1E+02
  1942      3  1.0E+00   1944 (3.1E-10) 5.9E-04  4.4660847E-01    143 5.1E+02
  1943      1  1.0E+00   1945 (1.0E-09) 4.3E-04  4.4660847E-01    143 5.1E+02
  1944      3  1.0E+00   1946 (5.9E-10) 5.8E-04  4.4660847E-01    142 5.1E+02
  1945      4  1.0E+00   1947 (4.7E-09) 1.9E-03  4.4660847E-01    142 5.1E+02
  1946      3  1.0E+00   1948 (4.3E-10) 1.3E-03  4.4660846E-01    142 5.1E+02
  1947      4  1.0E+00   1949 (2.7E-09) 1.4E-03  4.4660845E-01    140 5.1E+02
  1948      3  1.0E+00   1950 (1.8E-08) 3.4E-03  4.4660845E-01    140 5.1E+02   R
  1949      2  1.0E+00   1951 (1.9E-10) 2.5E-03  4.4660844E-01    141 5.1E+02 s

 Major Minors     Step   nCon Feasible  Optimal  MeritFunction     nS Penalty
  1950      3  1.0E+00   1952 (3.6E-11) 3.0E-03  4.4660843E-01    143 5.1E+02
  1951      1  1.0E+00   1953 (2.3E-10) 9.3E-04  4.4660843E-01    143 5.1E+02
  1952      1  1.0E+00   1954 (1.3E-10) 9.2E-04  4.4660843E-01    143 5.1E+02
  1953      3  1.0E+00   1955 (1.1E-09) 8.1E-04  4.4660842E-01    143 5.1E+02
  1954      4  1.0E+00   1956 (7.4E-10) 7.1E-04  4.4660842E-01    143 5.1E+02
  1955      2  1.0E+00   1957 (9.6E-10) 1.4E-03  4.4660842E-01    144 5.1E+02
  1956      1  1.0E+00   1958 (2.5E-09) 9.9E-04  4.4660842E-01    144 5.1E+02
  1957      2  1.0E+00   1959 (2.4E-11) 1.4E-03  4.4660841E-01    145 5.1E+02
  1958      3  1.0E+00   1960 (1.1E-09) 1.5E-03  4.4660841E-01    144 5.1E+02
  1959      1  1.0E+00   1961 (1.5E-08) 1.6E-03  4.4660841E-01    144 5.1E+02   R

 Major Minors     Step   nCon Feasible  Optimal  MeritFunction     nS Penalty
  1960      2  1.0E+00   1962 (7.7E-11) 1.2E-03  4.4660840E-01    145 5.1E+02 s
  1961      1  1.0E+00   1963 (9.8E-11) 1.0E-03  4.4660840E-01    145 5.1E+02
  1962      3  1.0E+00   1964 (4.8E-10) 9.2E-04  4.4660839E-01    145 5.1E+02
  1963      1  4.3E-01   1965 (1.7E-09) 8.0E-04  4.4660839E-01    145 5.1E+02
  1964      1  1.0E+00   1966 (7.4E-09) 5.3E-04  4.4660839E-01    145 5.1E+02
  1965      1  1.0E+00   1967 (1.9E-09) 4.3E-04  4.4660838E-01    145 5.1E+02
  1966      3  1.0E+00   1968 (3.6E-10) 5.1E-04  4.4660838E-01    144 5.1E+02
  1967      4  1.0E+00   1969 (2.6E-10) 4.9E-04  4.4660838E-01    144 5.1E+02
  1968      2  1.0E+00   1970 (2.9E-09) 4.1E-04  4.4660838E-01    145 5.1E+02
  1969      1  1.0E+00   1971 (2.7E-09) 1.1E-03  4.4660837E-01    145 5.1E+02

 Major Minors     Step   nCon Feasible  Optimal  MeritFunction     nS Penalty
  1970      1  1.0E+00   1972 (2.8E-10) 1.2E-03  4.4660837E-01    145 5.1E+02   R
  1971      1  1.0E+00   1973 (5.3E-11) 8.8E-04  4.4660837E-01    145 5.1E+02 s
  1972      1  1.0E+00   1974 (7.8E-10) 6.4E-04  4.4660837E-01    145 5.1E+02
  1973      3  1.0E+00   1975 (6.0E-10) 8.1E-04  4.4660837E-01    144 5.1E+02
  1974      2  4.3E-01   1976 (7.7E-10) 5.2E-04  4.4660836E-01    145 5.1E+02
  1975      1  4.9E-01   1977 (1.1E-09) 4.1E-04  4.4660836E-01    145 5.1E+02
  1976      1  1.0E+00   1978 (1.5E-09) 8.3E-04  4.4660836E-01    145 5.1E+02
  1977      3  1.0E+00   1979 (7.0E-10) 6.7E-04  4.4660836E-01    144 5.1E+02
  1978      2  1.0E+00   1980 (9.5E-10) 6.9E-04  4.4660836E-01    145 5.1E+02
  1979      1  1.0E+00   1981 (1.1E-09) 6.8E-04  4.4660835E-01    145 5.1E+02

 Major Minors     Step   nCon Feasible  Optimal  MeritFunction     nS Penalty
  1980      1  1.0E+00   1982 (4.3E-09) 1.2E-03  4.4660835E-01    145 5.1E+02
  1981      1  1.0E+00   1983 (2.2E-08) 9.3E-04  4.4660834E-01    145 5.1E+02   R
  1982      1  1.0E+00   1984 (2.4E-10) 1.3E-03  4.4660833E-01    145 5.1E+02 s
  1983      1  1.0E+00   1985 (3.3E-10) 1.1E-03  4.4660833E-01    145 5.1E+02
  1984      1  1.0E+00   1986 (2.0E-09) 7.8E-04  4.4660833E-01    145 5.1E+02
  1985      1  1.0E+00   1987 (2.7E-09) 1.5E-03  4.4660832E-01    145 5.1E+02
  1986      1  4.8E-01   1988 (1.7E-09) 4.9E-04  4.4660832E-01    145 5.1E+02
  1987      1  2.8E-01   1989 (1.3E-09) 1.2E-03  4.4660832E-01    145 5.1E+02
  1988      1  4.3E-01   1990 (7.4E-10) 1.6E-03  4.4660832E-01    145 5.1E+02
  1989      1  1.0E+00   1991 (1.3E-10) 1.0E-03  4.4660832E-01    145 5.1E+02

 Major Minors     Step   nCon Feasible  Optimal  MeritFunction     nS Penalty
  1990      1  4.8E-01   1992 (1.4E-10) 4.5E-04  4.4660831E-01    145 5.1E+02
  1991      1  4.5E-01   1993 (2.3E-10) 7.1E-04  4.4660831E-01    145 5.1E+02
  1992      1  3.7E-01   1994 (3.3E-10) 9.5E-04  4.4660831E-01    145 5.1E+02   R
  1993      1  1.0E+00   1995 (2.2E-11) 8.7E-04  4.4660831E-01    145 5.1E+02 s
  1994      1  1.0E+00   1996 (9.4E-12) 5.0E-04  4.4660831E-01    145 5.1E+02
  1995      1  3.8E-01   1997 (2.1E-11) 6.7E-04  4.4660831E-01    145 5.1E+02
  1996      1  1.0E+00   1998 (6.3E-11) 6.6E-04  4.4660831E-01    145 5.1E+02
  1997      1  1.0E+00   1999 (3.2E-10) 4.8E-04  4.4660831E-01    145 5.1E+02
  1998      1  1.0E+00   2000 (8.7E-10) 2.0E-03  4.4660831E-01    145 5.1E+02
  1999      1  1.0E+00   2001 (3.4E-11) 5.8E-04  4.4660831E-01    145 5.1E+02

 Major Minors     Step   nCon Feasible  Optimal  MeritFunction     nS Penalty
  2000      1  4.4E-01   2002 (1.8E-10) 4.8E-04  4.4660831E-01    145 5.1E+02
  2001      1  1.0E+00   2003 (7.2E-11) 6.7E-04  4.4660831E-01    145 5.1E+02
  2002      1  1.0E+00   2004 (3.9E-10) 6.3E-04  4.4660830E-01    145 5.1E+02
  2003      1  1.0E+00   2005 (2.9E-09) 4.4E-04  4.4660830E-01    145 5.1E+02   R
  2004      1  1.0E+00   2006 (2.5E-11) 4.6E-04  4.4660830E-01    145 5.1E+02 s
  2005      1  1.0E+00   2007 (6.1E-11) 4.5E-04  4.4660830E-01    145 5.1E+02
  2006      1  1.0E+00   2008 (1.2E-10) 4.9E-04  4.4660830E-01    145 5.1E+02
  2007      1  1.0E+00   2009 (1.2E-09) 3.6E-04  4.4660829E-01    145 5.1E+02
  2008      1  3.0E-01   2010 (8.6E-10) 3.7E-04  4.4660829E-01    145 5.1E+02
  2009      1  4.9E-01   2011 (4.7E-10) 4.2E-04  4.4660829E-01    145 5.1E+02

 Major Minors     Step   nCon Feasible  Optimal  MeritFunction     nS Penalty
  2010      1  4.5E-01   2012 (2.6E-10) 4.8E-04  4.4660829E-01    145 5.1E+02
  2011      1  1.0E+00   2013 (3.4E-10) 4.6E-04  4.4660829E-01    145 5.1E+02
  2012      1  1.6E-01   2014 (6.5E-10) 4.5E-04  4.4660829E-01    145 5.1E+02
  2013      1  3.7E-01   2015 (6.4E-10) 4.5E-04  4.4660829E-01    145 5.1E+02
  2014      1  4.4E-01   2016 (5.5E-10) 4.3E-04  4.4660829E-01    145 5.1E+02   R
  2015      1  1.0E+00   2017 (2.0E-11) 4.2E-04  4.4660829E-01    145 5.1E+02 s
  2016      1  1.0E+00   2018 (3.3E-11) 4.3E-04  4.4660829E-01    145 5.1E+02
  2017      1  1.0E+00   2019 (3.5E-11) 4.2E-04  4.4660829E-01    145 5.1E+02
  2018      1  1.0E+00   2020 (1.6E-10) 4.3E-04  4.4660829E-01    145 5.1E+02
  2019      1  1.0E+00   2021 (7.0E-10) 4.8E-04  4.4660829E-01    145 5.1E+02

 Major Minors     Step   nCon Feasible  Optimal  MeritFunction     nS Penalty
  2020      1  1.0E+00   2022 (9.9E-10) 5.0E-04  4.4660828E-01    145 5.1E+02
  2021      1  1.0E+00   2023 (5.6E-10) 4.4E-04  4.4660828E-01    145 5.1E+02
  2022      1  1.0E+00   2024 (9.4E-12) 4.2E-04  4.4660828E-01    145 5.1E+02
  2023      1  1.0E+00   2025 (1.7E-10) 4.4E-04  4.4660828E-01    145 5.1E+02
  2024      1  4.9E-01   2026 (4.7E-10) 4.4E-04  4.4660828E-01    145 5.1E+02
  2025      1  1.0E+00   2027 (6.4E-10) 4.6E-04  4.4660828E-01    145 5.1E+02   R
  2026      1  1.0E+00   2028 (5.2E-11) 4.7E-04  4.4660828E-01    145 5.1E+02 s
  2027      1  1.0E+00   2029 (1.0E-09) 4.4E-04  4.4660828E-01    145 5.1E+02
  2028      1  1.0E+00   2030 (5.6E-11) 4.3E-04  4.4660827E-01    145 5.1E+02
  2029      1  1.0E+00   2031 (1.1E-09) 4.6E-04  4.4660827E-01    145 5.1E+02

 Major Minors     Step   nCon Feasible  Optimal  MeritFunction     nS Penalty
  2030      1  1.0E+00   2032 (4.2E-10) 4.5E-04  4.4660827E-01    145 5.1E+02
  2031      1  1.0E+00   2033 (9.0E-10) 4.4E-04  4.4660827E-01    145 5.1E+02
  2032      1  4.7E-01   2034 (5.4E-10) 4.2E-04  4.4660827E-01    145 5.1E+02
  2033      1  1.0E+00   2035 (5.3E-11) 4.2E-04  4.4660827E-01    145 5.1E+02
  2034      1  1.0E+00   2036 (7.4E-11) 4.2E-04  4.4660827E-01    145 5.1E+02
  2035      1  1.0E+00   2037 (2.7E-10) 4.3E-04  4.4660827E-01    145 5.1E+02
  2036      1  1.0E+00   2038 (8.6E-10) 4.2E-04  4.4660826E-01    145 5.1E+02   R
  2037      1  1.0E+00   2039 (8.3E-11) 4.3E-04  4.4660826E-01    145 5.1E+02 s
  2038      1  1.0E+00   2040 (7.9E-11) 4.1E-04  4.4660826E-01    145 5.1E+02
  2039      1  1.0E+00   2041 (3.5E-10) 4.5E-04  4.4660826E-01    145 5.1E+02

 Major Minors     Step   nCon Feasible  Optimal  MeritFunction     nS Penalty
  2040      1  4.0E-01   2042 (3.7E-10) 4.6E-04  4.4660826E-01    145 5.1E+02
  2041      1  3.4E-01   2043 (3.4E-10) 4.2E-04  4.4660826E-01    145 5.1E+02
  2042      2  3.0E-01   2044 (3.9E-10) 4.6E-04  4.4660826E-01    146 5.1E+02
  2043      1  3.2E-01   2045 (5.1E-10) 4.6E-04  4.4660826E-01    146 5.1E+02
  2044      1  1.0E+00   2046 (1.1E-10) 4.6E-04  4.4660825E-01    146 5.1E+02
  2045      1  1.0E+00   2047 (4.1E-11) 5.4E-04  4.4660825E-01    146 5.1E+02
  2046      1  1.0E+00   2048 (3.3E-11) 3.8E-04  4.4660825E-01    146 5.1E+02
  2047      1  1.0E+00   2049 (1.4E-09) 4.6E-04  4.4660825E-01    146 5.1E+02   R
  2048      1  1.0E+00   2050 (1.5E-10) 5.0E-04  4.4660824E-01    146 5.1E+02 s
  2049      1  1.0E+00   2051 (5.1E-10) 5.7E-04  4.4660824E-01    146 5.1E+02

 Major Minors     Step   nCon Feasible  Optimal  MeritFunction     nS Penalty
  2050      1  1.0E+00   2052 (2.7E-10) 4.6E-04  4.4660824E-01    146 5.1E+02
  2051      1  1.0E+00   2053 (6.7E-10) 1.2E-03  4.4660824E-01    146 5.1E+02
  2052      1  1.0E+00   2054 (9.0E-11) 9.6E-04  4.4660824E-01    146 5.1E+02
  2053      1  1.0E+00   2055 (6.4E-11) 4.4E-04  4.4660824E-01    146 5.1E+02
  2054      3  1.0E+00   2056 (4.8E-11) 8.0E-04  4.4660824E-01    145 5.1E+02
  2055      2  4.6E-01   2057 (4.6E-11) 8.5E-04  4.4660823E-01    146 5.1E+02
  2056      1  1.0E+00   2058 (1.0E-10) 9.6E-04  4.4660823E-01    146 5.1E+02
  2057      2  1.0E+00   2059 (9.6E-11) 1.2E-03  4.4660823E-01    145 5.1E+02
  2058      1  1.0E+00   2060 (1.2E-09) 1.0E-03  4.4660822E-01    145 5.1E+02   R
  2059      1  1.0E+00   2061 (7.2E-11) 1.2E-03  4.4660822E-01    145 5.1E+02 s

 Major Minors     Step   nCon Feasible  Optimal  MeritFunction     nS Penalty
  2060      1  1.0E+00   2062 (1.8E-11) 4.8E-04  4.4660821E-01    145 5.1E+02
  2061      1  1.0E+00   2063 (5.7E-12) 5.0E-04  4.4660821E-01    145 5.1E+02
  2062      1  1.0E+00   2064 (1.3E-11) 4.7E-04  4.4660821E-01    145 5.1E+02
  2063      1  1.0E+00   2065 (2.7E-11) 4.1E-04  4.4660821E-01    145 5.1E+02
  2064      1  1.0E+00   2066 (2.4E-11) 4.5E-04  4.4660821E-01    145 5.1E+02
  2065      1  1.0E+00   2067 (2.2E-11) 4.9E-04  4.4660821E-01    145 5.1E+02
  2066      1  1.0E+00   2068 (9.1E-12) 4.7E-04  4.4660821E-01    145 5.1E+02
  2067      1  1.0E+00   2069 (1.7E-11) 4.1E-04  4.4660820E-01    145 5.1E+02
  2068      1  1.0E+00   2070 (1.4E-09) 9.9E-04  4.4660820E-01    145 5.1E+02
  2069      1  1.0E+00   2071 (2.4E-10) 6.5E-04  4.4660819E-01    145 5.1E+02   R

 Major Minors     Step   nCon Feasible  Optimal  MeritFunction     nS Penalty
  2070      1  1.0E+00   2072 (3.2E-12) 6.8E-04  4.4660819E-01    145 5.1E+02 s
  2071      1  1.0E+00   2073 (4.0E-11) 4.5E-04  4.4660819E-01    145 5.1E+02
  2072      1  1.0E+00   2074 (2.0E-11) 4.4E-04  4.4660819E-01    145 5.1E+02
  2073      1  1.0E+00   2075 (4.6E-11) 1.5E-03  4.4660819E-01    145 5.1E+02
  2074      1  1.0E+00   2076 (5.8E-11) 5.2E-04  4.4660819E-01    145 5.1E+02
  2075      2  1.0E+00   2077 (4.9E-11) 1.4E-03  4.4660818E-01    146 5.1E+02
  2076      1  1.0E+00   2078 (4.1E-11) 9.3E-04  4.4660818E-01    146 5.1E+02
  2077      1  1.0E+00   2079 (4.8E-11) 1.7E-03  4.4660818E-01    146 5.1E+02
  2078      1  1.0E+00   2080 (1.0E-10) 7.6E-04  4.4660817E-01    146 5.1E+02
  2079      1  1.0E+00   2081 (7.6E-10) 3.1E-03  4.4660816E-01    146 5.1E+02

 Major Minors     Step   nCon Feasible  Optimal  MeritFunction     nS Penalty
  2080      2  1.8E-01   2082 (2.0E-09) 1.4E-03  4.4660816E-01    145 5.1E+02   R
  2081      1  1.0E+00   2083 (4.9E-10) 2.3E-03  4.4660815E-01    145 5.1E+02 s
  2082      1  1.0E+00   2084 (5.1E-11) 1.8E-03  4.4660814E-01    145 5.1E+02
  2083      1  1.0E+00   2085 (7.7E-11) 4.3E-03  4.4660814E-01    145 5.1E+02
  2084      1  1.0E+00   2086 (2.9E-11) 1.0E-03  4.4660814E-01    145 5.1E+02
  2085      1  1.0E+00   2087 (2.0E-11) 8.4E-04  4.4660814E-01    145 5.1E+02
  2086      1  1.0E+00   2088 (1.9E-11) 1.2E-03  4.4660814E-01    145 5.1E+02
  2087      2  1.0E+00   2089 (7.9E-11) 1.4E-03  4.4660814E-01    146 5.1E+02
  2088      1  1.0E+00   2090 (7.1E-11) 2.5E-03  4.4660813E-01    146 5.1E+02
  2089      1  1.0E+00   2091 (1.0E-10) 2.7E-03  4.4660813E-01    146 5.1E+02

 Major Minors     Step   nCon Feasible  Optimal  MeritFunction     nS Penalty
  2090      1  1.0E+00   2092 (6.1E-11) 2.0E-03  4.4660813E-01    146 5.1E+02
  2091      1  4.6E-01   2093 (5.1E-11) 1.6E-03  4.4660813E-01    146 5.1E+02   R
  2092      1  1.0E+00   2094 (6.7E-11) 1.5E-03  4.4660813E-01    146 5.1E+02 s
  2093      1  1.0E+00   2095 (3.0E-11) 7.7E-04  4.4660812E-01    146 5.1E+02
  2094      1  1.0E+00   2096 (2.5E-12) 6.3E-04  4.4660812E-01    146 5.1E+02
  2095      1  4.1E-01   2097 (7.5E-12) 9.6E-04  4.4660812E-01    146 5.1E+02
  2096      1  1.0E+00   2098 (3.1E-11) 1.1E-03  4.4660812E-01    146 5.1E+02
  2097      1  1.0E+00   2099 (7.9E-11) 1.3E-03  4.4660812E-01    146 5.1E+02
  2098      1  1.0E+00   2100 (6.4E-11) 1.2E-03  4.4660811E-01    146 5.1E+02
  2099      1  3.5E-01   2101 (4.9E-11) 1.2E-03  4.4660811E-01    146 5.1E+02

 Major Minors     Step   nCon Feasible  Optimal  MeritFunction     nS Penalty
  2100      1  4.6E-01   2102 (8.1E-11) 1.9E-03  4.4660811E-01    146 5.1E+02
  2101      3  1.0E+00   2103 (7.3E-11) 2.3E-03  4.4660811E-01    145 5.1E+02
  2102      1  1.0E+00   2104 (4.9E-10) 3.4E-03  4.4660810E-01    145 5.1E+02   R
  2103      1  1.0E+00   2105 (9.6E-11) 3.7E-03  4.4660809E-01    145 5.1E+02 s
  2104      1  1.0E+00   2106 (4.9E-11) 1.8E-03  4.4660809E-01    145 5.1E+02
  2105      1  1.0E+00   2107 (7.1E-12) 7.3E-04  4.4660808E-01    145 5.1E+02
  2106      1  1.0E+00   2108 (3.2E-11) 1.7E-03  4.4660808E-01    145 5.1E+02
  2107      1  1.0E+00   2109 (3.2E-11) 2.4E-03  4.4660808E-01    145 5.1E+02
  2108      1  1.0E+00   2110 (2.3E-11) 5.7E-04  4.4660808E-01    145 5.1E+02
  2109      1  1.0E+00   2111 (3.1E-11) 8.7E-04  4.4660807E-01    145 5.1E+02

 Major Minors     Step   nCon Feasible  Optimal  MeritFunction     nS Penalty
  2110      1  1.0E+00   2112 (1.1E-11) 1.0E-03  4.4660807E-01    145 5.1E+02
  2111      1  1.0E+00   2113 (1.8E-11) 6.6E-04  4.4660807E-01    145 5.1E+02
  2112      1  1.0E+00   2114 (1.5E-10) 8.4E-04  4.4660807E-01    145 5.1E+02
  2113      1  1.0E+00   2115 (4.5E-11) 8.9E-04  4.4660807E-01    145 5.1E+02   R
  2114      2  1.0E+00   2116 (6.8E-11) 8.0E-04  4.4660806E-01    145 5.1E+02 s
  2115      1  1.0E+00   2117 (1.5E-11) 7.8E-04  4.4660806E-01    145 5.1E+02
  2116      1  1.0E+00   2118 (1.8E-11) 7.3E-04  4.4660806E-01    145 5.1E+02
  2117      1  1.0E+00   2119 (6.7E-12) 6.1E-04  4.4660806E-01    145 5.1E+02
  2118      1  4.9E-01   2120 (1.9E-11) 5.4E-04  4.4660806E-01    145 5.1E+02
  2119      1  1.0E+00   2121 (2.4E-11) 4.9E-04  4.4660805E-01    145 5.1E+02

 Major Minors     Step   nCon Feasible  Optimal  MeritFunction     nS Penalty
  2120      1  1.0E+00   2122 (2.0E-10) 1.3E-03  4.4660805E-01    145 5.1E+02
  2121      1  1.0E+00   2123 (2.4E-11) 1.4E-03  4.4660805E-01    145 5.1E+02
  2122      1  1.0E+00   2124 (2.1E-11) 1.5E-03  4.4660804E-01    145 5.1E+02
  2123      2  1.0E+00   2125 (5.2E-11) 1.9E-03  4.4660804E-01    146 5.1E+02
  2124      1  1.0E+00   2126 (1.6E-09) 3.0E-03  4.4660803E-01    146 5.1E+02   R
  2125      1  1.0E+00   2127 (3.9E-10) 1.9E-03  4.4660802E-01    146 5.1E+02 s
  2126      1  1.0E+00   2128 (5.1E-11) 1.6E-03  4.4660802E-01    146 5.1E+02
  2127      1  1.0E+00   2129 (1.3E-11) 9.5E-04  4.4660802E-01    146 5.1E+02
  2128      1  1.0E+00   2130 (2.5E-11) 7.8E-04  4.4660802E-01    146 5.1E+02
  2129      1  1.0E+00   2131 (5.1E-11) 4.2E-04  4.4660801E-01    146 5.1E+02

 Major Minors     Step   nCon Feasible  Optimal  MeritFunction     nS Penalty
  2130      1  1.0E+00   2132 (2.7E-11) 8.0E-04  4.4660801E-01    146 5.1E+02
  2131      1  1.0E+00   2133 (4.5E-11) 9.7E-04  4.4660801E-01    146 5.1E+02
  2132      1  1.0E+00   2134 (1.3E-11) 9.2E-04  4.4660801E-01    146 5.1E+02
  2133      1  1.0E+00   2135 (1.1E-11) 8.4E-04  4.4660801E-01    146 5.1E+02
  2134      1  1.0E+00   2136 (5.7E-11) 1.0E-03  4.4660801E-01    146 5.1E+02
  2135      1  3.7E-01   2137 (8.3E-10) 1.4E-03  4.4660800E-01    146 5.1E+02   R
  2136      1  1.0E+00   2138 (3.0E-11) 9.8E-04  4.4660799E-01    146 5.1E+02 s
  2137      1  1.0E+00   2139 (7.3E-11) 1.1E-03  4.4660799E-01    146 5.1E+02
  2138      1  1.0E+00   2140 (1.3E-11) 1.0E-03  4.4660799E-01    146 5.1E+02
  2139      1  1.0E+00   2141 (1.7E-11) 8.0E-04  4.4660799E-01    146 5.1E+02

 Major Minors     Step   nCon Feasible  Optimal  MeritFunction     nS Penalty
  2140      1  1.0E+00   2142 (5.5E-11) 8.6E-04  4.4660798E-01    146 5.1E+02
  2141      1  1.0E+00   2143 (7.8E-11) 1.1E-03  4.4660798E-01    146 5.1E+02
  2142      1  1.0E+00   2144 (1.3E-11) 1.2E-03  4.4660798E-01    146 5.1E+02
  2143      1  1.0E+00   2145 (1.1E-11) 8.6E-04  4.4660798E-01    146 5.1E+02
  2144      1  1.0E+00   2146 (1.8E-10) 3.7E-03  4.4660798E-01    146 5.1E+02
  2145      1  1.0E+00   2147 (1.5E-10) 1.4E-03  4.4660798E-01    146 5.1E+02
  2146      1  1.0E+00   2148 (3.0E-10) 5.6E-03  4.4660797E-01    146 5.1E+02   R
  2147      1  1.0E+00   2149 (1.6E-10) 4.5E-03  4.4660797E-01    146 5.1E+02 s
  2148      1  1.0E+00   2150 (3.1E-11) 8.8E-04  4.4660796E-01    146 5.1E+02
  2149      1  1.0E+00   2151 (5.4E-12) 1.1E-03  4.4660796E-01    146 5.1E+02

 Major Minors     Step   nCon Feasible  Optimal  MeritFunction     nS Penalty
  2150      1  1.0E+00   2152 (2.2E-11) 1.9E-03  4.4660796E-01    146 5.1E+02
  2151      1  1.0E+00   2153 (3.4E-11) 1.5E-03  4.4660796E-01    146 5.1E+02
  2152      1  1.0E+00   2154 (2.4E-11) 4.5E-04  4.4660796E-01    146 5.1E+02
  2153      1  1.0E+00   2155 (8.0E-11) 1.7E-03  4.4660796E-01    146 5.1E+02
  2154      1  1.0E+00   2156 (1.9E-11) 2.9E-03  4.4660795E-01    146 5.1E+02
  2155      1  3.7E-01   2157 (5.1E-11) 3.8E-03  4.4660795E-01    146 5.1E+02
  2156      1  1.0E+00   2158 (8.4E-11) 2.2E-03  4.4660795E-01    146 5.1E+02
  2157      1  1.0E+00   2159 (1.4E-10) 1.2E-03  4.4660795E-01    146 5.1E+02   R
  2158      1  1.0E+00   2160 (2.1E-11) 1.2E-03  4.4660794E-01    146 5.1E+02 s
  2159      1  1.0E+00   2161 (4.5E-11) 5.8E-04  4.4660794E-01    146 5.1E+02

 Major Minors     Step   nCon Feasible  Optimal  MeritFunction     nS Penalty
  2160      1  1.0E+00   2162 (2.8E-12) 5.1E-04  4.4660794E-01    146 5.1E+02
  2161      1  1.0E+00   2163 (2.2E-11) 5.4E-04  4.4660794E-01    146 5.1E+02
  2162      1  1.0E+00   2164 (9.1E-12) 5.9E-04  4.4660793E-01    146 5.1E+02
  2163      1  1.0E+00   2165 (3.2E-11) 8.1E-04  4.4660793E-01    146 5.1E+02
  2164      1  1.0E+00   2166 (2.4E-10) 8.6E-04  4.4660793E-01    146 5.1E+02
  2165      1  1.0E+00   2167 (2.7E-10) 9.0E-04  4.4660793E-01    146 5.1E+02
  2166      1  1.0E+00   2168 (6.0E-10) 1.2E-03  4.4660792E-01    146 5.1E+02
  2167      1  1.0E+00   2169 (4.9E-10) 1.9E-03  4.4660791E-01    146 5.1E+02
  2168      1  1.0E+00   2170 (2.2E-09) 2.0E-03  4.4660791E-01    146 5.1E+02   R
  2169      1  1.0E+00   2171 (3.7E-11) 1.5E-03  4.4660790E-01    146 5.1E+02 s

 Major Minors     Step   nCon Feasible  Optimal  MeritFunction     nS Penalty
  2170      1  1.0E+00   2172 (2.3E-10) 1.8E-03  4.4660789E-01    146 5.1E+02
  2171      1  1.0E+00   2173 (5.3E-11) 1.5E-03  4.4660789E-01    146 5.1E+02
  2172      1  1.0E+00   2174 (6.8E-12) 1.4E-03  4.4660788E-01    146 5.1E+02
  2173      1  1.0E+00   2175 (6.8E-11) 2.7E-03  4.4660788E-01    146 5.1E+02
  2174      1  1.0E+00   2176 (3.5E-11) 2.1E-03  4.4660787E-01    146 5.1E+02
  2175      1  3.4E-01   2177 (5.5E-11) 4.5E-03  4.4660787E-01    146 5.1E+02
  2176      1  4.7E-01   2178 (5.9E-11) 2.1E-03  4.4660786E-01    146 5.1E+02
  2177      1  4.9E-01   2179 (6.0E-11) 5.5E-04  4.4660786E-01    146 5.1E+02
  2178      1  1.0E+00   2180 (2.9E-11) 1.1E-03  4.4660786E-01    146 5.1E+02
  2179      1  1.0E+00   2181 (1.4E-11) 6.2E-04  4.4660785E-01    146 5.1E+02   R

 Major Minors     Step   nCon Feasible  Optimal  MeritFunction     nS Penalty
  2180      1  1.0E+00   2182 (1.2E-11) 1.1E-03  4.4660785E-01    146 5.1E+02 s
  2181      1  1.0E+00   2183 (6.0E-12) 5.1E-04  4.4660785E-01    146 5.1E+02
  2182      1  1.0E+00   2184 (2.3E-11) 8.1E-04  4.4660785E-01    146 5.1E+02
  2183      1  1.0E+00   2185 (1.8E-11) 4.6E-04  4.4660785E-01    146 5.1E+02
  2184      1  1.0E+00   2186 (3.9E-11) 5.2E-04  4.4660785E-01    146 5.1E+02
  2185      1  1.0E+00   2187 (4.1E-11) 5.6E-04  4.4660784E-01    146 5.1E+02
  2186      1  1.0E+00   2188 (2.3E-11) 5.1E-04  4.4660784E-01    146 5.1E+02
  2187      1  1.0E+00   2189 (1.3E-10) 8.8E-04  4.4660783E-01    146 5.1E+02
  2188      1  6.6E-02   2190 (1.2E-10) 9.2E-04  4.4660783E-01    146 5.1E+02
  2189      1  4.5E-01   2191 (6.7E-11) 1.0E-03  4.4660783E-01    146 5.1E+02

 Major Minors     Step   nCon Feasible  Optimal  MeritFunction     nS Penalty
  2190      1  4.4E-01   2192 (4.8E-11) 9.6E-04  4.4660782E-01    146 5.1E+02   R
  2191      1  1.0E+00   2193 (4.2E-11) 1.2E-03  4.4660782E-01    146 5.1E+02 s
  2192      1  1.0E+00   2194 (7.8E-12) 6.9E-04  4.4660782E-01    146 5.1E+02
  2193      1  1.0E+00   2195 (2.8E-12) 6.7E-04  4.4660782E-01    146 5.1E+02
  2194      1  1.0E+00   2196 (8.2E-12) 6.1E-04  4.4660782E-01    146 5.1E+02
  2195      1  1.0E+00   2197 (6.9E-11) 7.3E-04  4.4660781E-01    146 5.1E+02
  2196      1  1.0E+00   2198 (2.4E-11) 1.2E-03  4.4660781E-01    146 5.1E+02
  2197      1  1.0E+00   2199 (7.0E-11) 2.5E-03  4.4660781E-01    146 5.1E+02
  2198      1  1.0E+00   2200 (1.1E-11) 5.3E-04  4.4660781E-01    146 5.1E+02
  2199      1  1.0E+00   2201 (2.9E-11) 1.5E-03  4.4660781E-01    146 5.1E+02

 Major Minors     Step   nCon Feasible  Optimal  MeritFunction     nS Penalty
  2200      1  1.0E+00   2202 (5.1E-12) 8.1E-04  4.4660780E-01    146 5.1E+02
  2201      1  1.0E+00   2203 (4.2E-11) 1.1E-03  4.4660780E-01    146 5.1E+02   R
  2202      1  1.0E+00   2204 (1.4E-11) 7.5E-04  4.4660780E-01    146 5.1E+02 s
  2203      1  1.0E+00   2205 (4.0E-12) 1.9E-03  4.4660780E-01    146 5.1E+02
  2204      1  1.0E+00   2206 (1.3E-11) 1.1E-03  4.4660780E-01    146 5.1E+02
  2205      1  1.0E+00   2207 (4.3E-12) 4.6E-04  4.4660779E-01    146 5.1E+02
  2206      1  1.0E+00   2208 (5.4E-11) 1.6E-03  4.4660779E-01    146 5.1E+02
  2207      1  1.0E+00   2209 (1.8E-11) 8.5E-04  4.4660779E-01    146 5.1E+02
  2208      1  1.0E+00   2210 (2.2E-11) 2.2E-03  4.4660779E-01    146 5.1E+02
  2209      1  1.0E+00   2211 (3.3E-11) 3.6E-03  4.4660778E-01    146 5.1E+02

 Major Minors     Step   nCon Feasible  Optimal  MeritFunction     nS Penalty
  2210      1  4.5E-01   2212 (7.7E-11) 3.5E-03  4.4660778E-01    146 5.1E+02
  2211      1  1.0E+00   2213 (6.7E-11) 1.1E-03  4.4660777E-01    146 5.1E+02
  2212      1  1.0E+00   2214 (1.1E-09) 3.3E-03  4.4660775E-01    146 5.1E+02   R
  2213      1  1.0E+00   2215 (2.5E-11) 3.0E-03  4.4660774E-01    146 5.1E+02 s
  2214      1  1.0E+00   2216 (5.2E-11) 4.6E-03  4.4660774E-01    146 5.1E+02
  2215      1  1.0E+00   2217 (4.3E-11) 3.6E-03  4.4660773E-01    146 5.1E+02
  2216      1  1.0E+00   2218 (1.9E-11) 2.1E-03  4.4660773E-01    146 5.1E+02
  2217      1  1.0E+00   2219 (2.7E-11) 2.4E-03  4.4660773E-01    146 5.1E+02
  2218      1  1.0E+00   2220 (6.0E-11) 2.2E-03  4.4660772E-01    146 5.1E+02
  2219      1  3.9E-01   2221 (6.3E-11) 8.7E-04  4.4660772E-01    146 5.1E+02

 Major Minors     Step   nCon Feasible  Optimal  MeritFunction     nS Penalty
  2220      1  1.0E+00   2222 (4.4E-11) 4.1E-03  4.4660771E-01    146 5.1E+02
  2221      1  1.0E+00   2223 (2.1E-11) 1.1E-03  4.4660771E-01    146 5.1E+02
  2222      1  1.0E+00   2224 (4.1E-11) 7.4E-03  4.4660771E-01    146 5.1E+02
  2223      1  1.0E+00   2225 (1.7E-11) 2.8E-03  4.4660770E-01    146 5.1E+02   R
  2224      1  1.0E+00   2226 (2.1E-11) 2.6E-03  4.4660770E-01    146 5.1E+02 s
  2225      1  1.0E+00   2227 (9.4E-12) 1.5E-03  4.4660770E-01    146 5.1E+02
  2226      1  1.0E+00   2228 (9.6E-12) 1.3E-03  4.4660769E-01    146 5.1E+02
  2227      1  1.0E+00   2229 (5.9E-11) 1.4E-03  4.4660769E-01    146 5.1E+02
  2228      1  1.0E+00   2230 (4.1E-11) 1.5E-03  4.4660769E-01    146 5.1E+02
  2229      1  1.0E+00   2231 (3.2E-10) 1.8E-03  4.4660768E-01    146 5.1E+02

 Major Minors     Step   nCon Feasible  Optimal  MeritFunction     nS Penalty
  2230      1  1.0E+00   2232 (3.6E-11) 2.1E-03  4.4660767E-01    146 5.1E+02
  2231      1  1.0E+00   2233 (1.7E-11) 1.8E-03  4.4660767E-01    146 5.1E+02
  2232      1  1.0E+00   2234 (1.1E-10) 2.8E-03  4.4660767E-01    146 5.1E+02
  2233      1  4.6E-01   2235 (1.7E-10) 4.4E-03  4.4660766E-01    146 5.1E+02
  2234      1  1.0E+00   2236 (3.8E-10) 4.5E-03  4.4660765E-01    146 5.1E+02   R
  2235      1  1.0E+00   2237 (2.0E-10) 4.1E-03  4.4660764E-01    146 5.1E+02 s
  2236      1  1.0E+00   2238 (4.5E-11) 5.2E-03  4.4660764E-01    146 5.1E+02
  2237      1  1.0E+00   2239 (9.7E-12) 1.8E-03  4.4660763E-01    146 5.1E+02
  2238      1  1.0E+00   2240 (3.1E-11) 1.9E-03  4.4660763E-01    146 5.1E+02
  2239      1  1.0E+00   2241 (6.2E-11) 5.0E-03  4.4660762E-01    146 5.1E+02

 Major Minors     Step   nCon Feasible  Optimal  MeritFunction     nS Penalty
  2240      1  1.0E+00   2242 (9.6E-11) 4.1E-03  4.4660762E-01    146 5.1E+02
  2241      1  1.0E+00   2243 (2.0E-10) 1.3E-03  4.4660761E-01    146 5.1E+02
  2242      1  1.0E+00   2244 (6.2E-11) 3.7E-03  4.4660760E-01    146 5.1E+02
  2243      1  1.0E+00   2245 (7.7E-11) 1.8E-03  4.4660760E-01    146 5.1E+02
  2244      1  1.0E+00   2246 (8.3E-12) 1.3E-03  4.4660760E-01    146 5.1E+02
  2245      1  1.0E+00   2247 (2.3E-11) 4.4E-03  4.4660759E-01    146 5.1E+02   R
  2246      1  1.0E+00   2248 (5.9E-11) 3.1E-03  4.4660759E-01    146 5.1E+02 s
  2247      1  1.0E+00   2249 (5.3E-11) 2.0E-03  4.4660759E-01    146 5.1E+02
  2248      1  1.0E+00   2250 (3.2E-11) 2.7E-03  4.4660758E-01    146 5.1E+02
  2249      1  1.0E+00   2251 (5.7E-10) 2.1E-03  4.4660757E-01    146 5.1E+02

 Major Minors     Step   nCon Feasible  Optimal  MeritFunction     nS Penalty
  2250      1  1.0E+00   2252 (6.3E-10) 2.9E-03  4.4660757E-01    146 5.1E+02
  2251      1  1.0E+00   2253 (7.9E-11) 1.9E-03  4.4660756E-01    146 5.1E+02
  2252      1  1.0E+00   2254 (2.7E-11) 1.5E-03  4.4660756E-01    146 5.1E+02
  2253      1  1.0E+00   2255 (2.9E-11) 2.2E-03  4.4660755E-01    146 5.1E+02
  2254      1  1.0E+00   2256 (2.5E-10) 5.0E-03  4.4660754E-01    146 5.1E+02
  2255      1  1.0E+00   2257 (8.2E-10) 5.5E-03  4.4660753E-01    146 5.1E+02
  2256      1  1.0E+00   2258 (1.5E-09) 4.1E-03  4.4660749E-01    146 5.1E+02   R
  2257      1  1.0E+00   2259 (2.4E-10) 3.2E-03  4.4660749E-01    146 5.1E+02 s
  2258      1  1.0E+00   2260 (2.2E-09) 6.4E-03  4.4660747E-01    146 5.1E+02
  2259      1  4.5E-01   2261 (2.1E-09) 4.1E-03  4.4660747E-01    146 5.1E+02

 Major Minors     Step   nCon Feasible  Optimal  MeritFunction     nS Penalty
  2260      1  1.0E+00   2262 (6.4E-11) 4.2E-03  4.4660746E-01    146 5.1E+02
  2261      1  1.0E+00   2263 (1.4E-10) 4.4E-03  4.4660745E-01    146 5.1E+02
  2262      1  1.0E+00   2264 (1.4E-10) 2.8E-03  4.4660745E-01    146 5.1E+02
  2263      1  1.0E+00   2265 (2.0E-11) 2.9E-03  4.4660744E-01    146 5.1E+02
  2264      1  1.0E+00   2266 (4.4E-11) 2.4E-03  4.4660744E-01    146 5.1E+02
  2265      1  1.0E+00   2267 (2.4E-10) 7.1E-03  4.4660743E-01    146 5.1E+02
  2266      1  1.0E+00   2268 (9.2E-10) 6.6E-03  4.4660742E-01    146 5.1E+02
  2267      1  1.0E+00   2269 (6.3E-11) 3.9E-03  4.4660739E-01    146 5.1E+02   R
  2268      1  1.0E+00   2270 (7.7E-11) 3.8E-03  4.4660738E-01    146 5.1E+02 s
  2269      1  1.0E+00   2271 (9.0E-11) 4.5E-03  4.4660737E-01    146 5.1E+02

 Major Minors     Step   nCon Feasible  Optimal  MeritFunction     nS Penalty
  2270      1  1.0E+00   2272 (1.5E-10) 6.2E-03  4.4660736E-01    146 5.1E+02
  2271      1  1.0E+00   2273 (9.6E-11) 2.6E-03  4.4660736E-01    146 5.1E+02
  2272      1  1.0E+00   2274 (4.3E-10) 9.8E-03  4.4660735E-01    146 5.1E+02
  2273      1  1.0E+00   2275 (9.0E-10) 9.9E-03  4.4660733E-01    146 5.1E+02
  2274      1  1.0E+00   2276 (2.0E-09) 5.5E-03  4.4660728E-01    146 5.1E+02
  2275      1  1.0E+00   2277 (3.0E-08) 2.0E-02  4.4660716E-01    146 5.1E+02
  2276      1  1.0E+00   2278 (1.8E-07) 1.9E-02  4.4660701E-01    146 5.1E+02
  2277      1  1.0E+00   2279 (2.4E-07) 1.6E-02  4.4660698E-01    146 5.1E+02
  2278      2  1.0E+00   2280 (1.1E-08) 1.6E-02  4.4660677E-01    145 5.1E+02   R
  2279      1  1.0E+00   2281 (2.5E-09) 1.7E-02  4.4660670E-01    145 5.1E+02 s

 Major Minors     Step   nCon Feasible  Optimal  MeritFunction     nS Penalty
  2280      1  1.0E+00   2282 (8.7E-10) 9.4E-03  4.4660659E-01    145 5.1E+02
  2281      1  1.0E+00   2283 (3.4E-09) 8.8E-03  4.4660643E-01    145 5.1E+02
  2282      1  1.0E+00   2284 (3.6E-09) 1.1E-02  4.4660637E-01    145 5.1E+02
  2283      1  1.0E+00   2285 (5.0E-10) 7.3E-03  4.4660627E-01    145 5.1E+02
  2284      1  1.3E-01   2286 (9.2E-10) 6.9E-03  4.4660622E-01    145 5.1E+02
  2285      1  7.2E-02   2287 (1.2E-09) 7.4E-03  4.4660619E-01    145 5.1E+02
  2286      1  5.5E-02   2288 (1.4E-09) 7.7E-03  4.4660616E-01    145 5.1E+02
  2287      1  5.2E-02   2289 (1.4E-09) 7.7E-03  4.4660614E-01    145 5.1E+02
  2288      1  5.8E-02   2290 (1.4E-09) 7.3E-03  4.4660613E-01    145 5.1E+02
  2289      1  9.1E-02   2291 (1.3E-09) 6.5E-03  4.4660613E-01    145 5.1E+02   R

 Major Minors     Step   nCon Feasible  Optimal  MeritFunction     nS Penalty
  2290      1  1.0E+00   2292 (1.7E-10) 3.1E-03  4.4660612E-01    145 5.1E+02 s
  2291      1  1.0E+00   2293 (1.8E-10) 1.2E-02  4.4660611E-01    145 5.1E+02
  2292      1  1.0E+00   2294 (2.1E-10) 1.4E-02  4.4660608E-01    145 5.1E+02
  2293      1  1.0E+00   2295 (4.7E-09) 7.6E-03  4.4660605E-01    145 5.1E+02
  2294      2  1.0E+00   2296 (3.6E-10) 4.2E-03  4.4660600E-01    146 5.1E+02
  2295      1  1.0E+00   2297 (5.1E-10) 9.1E-03  4.4660597E-01    146 5.1E+02
  2296      2  1.0E+00   2298 (2.0E-09) 9.9E-03  4.4660589E-01    145 5.1E+02
  2297      1  1.0E+00   2299 (5.4E-09) 6.9E-03  4.4660572E-01    145 5.1E+02
  2298      1  1.0E+00   2300 (5.4E-09) 1.1E-02  4.4660557E-01    145 5.1E+02
  2299      1  1.0E+00   2301 (4.3E-08) 5.4E-02  4.4660549E-01    145 5.1E+02

 Major Minors     Step   nCon Feasible  Optimal  MeritFunction     nS Penalty
  2300      1  4.4E-02   2302 (4.0E-08) 5.0E-02  4.4660544E-01    145 5.1E+02   R
  2301      1  1.0E+00   2303 (4.3E-09) 1.3E-02  4.4660528E-01    145 5.1E+02 s
  2302      1  1.0E+00   2304 (1.1E-09) 1.3E-02  4.4660520E-01    145 5.1E+02
  2303      1  1.0E+00   2305 (5.2E-10) 9.3E-03  4.4660510E-01    145 5.1E+02
  2304      3  1.0E+00   2306 (2.7E-10) 6.9E-03  4.4660506E-01    144 5.1E+02
  2305      1  1.0E+00   2307 (3.9E-10) 8.0E-03  4.4660503E-01    144 5.1E+02
  2306      1  1.0E+00   2308 (4.4E-09) 3.5E-02  4.4660500E-01    144 5.1E+02
  2307      1  1.0E+00   2309 (1.1E-09) 4.3E-03  4.4660494E-01    144 5.1E+02
  2308      1  1.0E+00   2310 (1.7E-10) 4.1E-03  4.4660492E-01    144 5.1E+02
  2309      1  1.0E+00   2311 (1.2E-09) 5.2E-03  4.4660490E-01    144 5.1E+02

 Major Minors     Step   nCon Feasible  Optimal  MeritFunction     nS Penalty
  2310      1  1.0E+00   2312 (3.3E-10) 9.7E-03  4.4660490E-01    144 5.1E+02
  2311      1  1.0E+00   2313 (1.6E-10) 1.5E-03  4.4660488E-01    144 5.1E+02   R
  2312      1  1.0E+00   2314 (1.1E-11) 1.6E-03  4.4660488E-01    144 5.1E+02 s
  2313      1  2.9E-01   2315 (3.0E-10) 3.4E-03  4.4660487E-01    144 5.1E+02
  2314      1  1.0E+00   2316 (4.5E-10) 3.9E-03  4.4660485E-01    144 5.1E+02
  2315      1  3.0E-01   2317 (3.7E-10) 3.6E-03  4.4660484E-01    144 5.1E+02
  2316      1  3.0E-01   2318 (3.4E-10) 7.0E-03  4.4660483E-01    144 5.1E+02
  2317      1  1.3E-01   2319 (3.1E-10) 5.5E-03  4.4660482E-01    144 5.1E+02
  2318      1  1.6E-01   2320 (2.6E-10) 4.1E-03  4.4660482E-01    144 5.1E+02
  2319      1  4.9E-02   2321 (2.5E-10) 3.5E-03  4.4660481E-01    144 5.1E+02

 Major Minors     Step   nCon Feasible  Optimal  MeritFunction     nS Penalty
  2320      1  6.6E-02   2322 (2.3E-10) 2.1E-03  4.4660480E-01    144 5.1E+02
  2321      1  1.5E-01   2323 (2.1E-10) 2.2E-03  4.4660480E-01    144 5.1E+02
  2322      1  2.7E-01   2324 (3.1E-10) 2.2E-03  4.4660479E-01    144 5.1E+02   R
  2323      1  4.2E-01   2325 (2.0E-10) 1.7E-03  4.4660479E-01    144 5.1E+02 s
  2324      1  1.0E+00   2326 (1.5E-11) 2.3E-03  4.4660479E-01    144 5.1E+02
  2325      1  1.0E+00   2327 (3.8E-11) 1.3E-03  4.4660479E-01    144 5.1E+02
  2326      1  1.0E+00   2328 (1.9E-11) 4.9E-04  4.4660478E-01    144 5.1E+02
  2327      1  1.0E+00   2329 (5.2E-12) 1.2E-03  4.4660478E-01    144 5.1E+02
  2328      1  1.0E+00   2330 (1.2E-10) 2.1E-03  4.4660477E-01    144 5.1E+02
  2329      1  4.2E-01   2331 (7.9E-11) 3.5E-03  4.4660477E-01    144 5.1E+02

 Major Minors     Step   nCon Feasible  Optimal  MeritFunction     nS Penalty
  2330      1  1.8E-01   2332 (6.3E-11) 1.9E-03  4.4660477E-01    144 5.1E+02
  2331      1  1.0E+00   2333 (5.0E-11) 1.5E-03  4.4660476E-01    144 5.1E+02
  2332      1  1.0E+00   2334 (1.3E-11) 9.4E-04  4.4660476E-01    144 5.1E+02
  2333      1  1.0E+00   2335 (3.2E-11) 9.0E-04  4.4660476E-01    144 5.1E+02   R
  2334      1  1.0E+00   2336 (7.6E-12) 1.4E-03  4.4660476E-01    144 5.1E+02 s
  2335      1  1.0E+00   2337 (2.7E-12) 8.2E-04  4.4660476E-01    144 5.1E+02
  2336      1  1.0E+00   2338 (3.8E-12) 9.9E-04  4.4660476E-01    144 5.1E+02
  2337      1  3.1E-01   2339 (7.7E-12) 1.6E-03  4.4660475E-01    144 5.1E+02
  2338      1  1.9E-01   2340 (1.0E-11) 2.0E-03  4.4660475E-01    144 5.1E+02
  2339      1  1.7E-01   2341 (9.4E-12) 2.1E-03  4.4660475E-01    144 5.1E+02

 Major Minors     Step   nCon Feasible  Optimal  MeritFunction     nS Penalty
  2340      1  1.0E+00   2342 (2.2E-10) 2.2E-03  4.4660475E-01    144 5.1E+02
  2341      1  1.0E+00   2343 (7.6E-12) 1.2E-03  4.4660475E-01    144 5.1E+02
  2342      1  1.0E+00   2344 (3.5E-11) 2.2E-03  4.4660475E-01    144 5.1E+02
  2343      1  1.0E+00   2345 (6.4E-12) 1.6E-03  4.4660474E-01    144 5.1E+02
  2344      1  1.0E+00   2346 (5.6E-11) 1.8E-03  4.4660474E-01    144 5.1E+02   R
  2345      1  1.0E+00   2347 (9.5E-12) 1.8E-03  4.4660474E-01    144 5.1E+02 s
  2346      1  1.0E+00   2348 (1.8E-11) 8.0E-04  4.4660473E-01    144 5.1E+02
  2347      1  1.0E+00   2349 (1.5E-11) 7.5E-04  4.4660473E-01    144 5.1E+02
  2348      1  1.0E+00   2350 (7.0E-12) 8.3E-04  4.4660473E-01    144 5.1E+02
  2349      1  1.0E+00   2351 (2.0E-11) 1.6E-03  4.4660473E-01    144 5.1E+02

 Major Minors     Step   nCon Feasible  Optimal  MeritFunction     nS Penalty
  2350      1  1.0E+00   2352 (6.0E-12) 6.6E-04  4.4660473E-01    144 5.1E+02
  2351      1  1.0E+00   2353 (4.2E-11) 1.4E-03  4.4660473E-01    144 5.1E+02
  2352      1  1.0E+00   2354 (3.7E-10) 2.0E-03  4.4660472E-01    144 5.1E+02
  2353      1  1.0E+00   2355 (7.6E-10) 2.1E-03  4.4660471E-01    144 5.1E+02
  2354      1  9.9E-03   2356 (7.6E-10) 2.1E-03  4.4660471E-01    144 5.1E+02
  2355      1  4.9E-01   2357 (4.4E-10) 1.8E-03  4.4660470E-01    144 5.1E+02   R
  2356      1  1.0E+00   2358 (1.4E-11) 1.1E-03  4.4660470E-01    144 5.1E+02 s
  2357      1  1.0E+00   2359 (1.7E-11) 1.7E-03  4.4660470E-01    144 5.1E+02
  2358      1  1.0E+00   2360 (1.3E-11) 1.1E-03  4.4660469E-01    144 5.1E+02
  2359      1  1.0E+00   2361 (2.6E-10) 4.5E-03  4.4660469E-01    144 5.1E+02

 Major Minors     Step   nCon Feasible  Optimal  MeritFunction     nS Penalty
  2360      1  1.0E+00   2362 (6.3E-11) 2.4E-03  4.4660469E-01    144 5.1E+02
  2361      1  1.0E+00   2363 (2.0E-11) 1.9E-03  4.4660469E-01    144 5.1E+02
  2362      1  1.0E+00   2364 (1.8E-11) 1.6E-03  4.4660468E-01    144 5.1E+02
  2363      1  1.0E+00   2365 (1.3E-10) 3.6E-03  4.4660468E-01    144 5.1E+02
  2364      1  1.0E+00   2366 (8.3E-11) 2.0E-03  4.4660468E-01    144 5.1E+02
  2365      1  1.0E+00   2367 (1.2E-10) 2.7E-03  4.4660468E-01    144 5.1E+02
  2366      1  1.0E+00   2368 (6.4E-11) 1.4E-03  4.4660467E-01    144 5.1E+02   R
  2367      1  1.0E+00   2369 (3.4E-11) 1.2E-03  4.4660467E-01    144 5.1E+02 s
  2368      1  1.0E+00   2370 (1.2E-11) 6.3E-04  4.4660467E-01    144 5.1E+02
  2369      1  1.0E+00   2371 (5.9E-12) 7.2E-04  4.4660467E-01    144 5.1E+02

 Major Minors     Step   nCon Feasible  Optimal  MeritFunction     nS Penalty
  2370      1  1.0E+00   2372 (4.2E-11) 6.1E-04  4.4660466E-01    144 5.1E+02
  2371      1  1.0E+00   2373 (8.1E-11) 1.9E-03  4.4660466E-01    144 5.1E+02
  2372      1  1.0E+00   2374 (8.1E-11) 1.3E-03  4.4660466E-01    144 5.1E+02
  2373      1  1.0E+00   2375 (2.0E-10) 3.1E-03  4.4660465E-01    144 5.1E+02
  2374      1  1.0E+00   2376 (2.8E-09) 4.0E-03  4.4660463E-01    144 5.1E+02
  2375      1  1.0E+00   2377 (3.7E-09) 4.7E-03  4.4660461E-01    144 5.1E+02
  2376      1  1.0E+00   2378 (8.1E-09) 4.6E-03  4.4660458E-01    144 5.1E+02
  2377      1  1.0E+00   2379 (6.7E-08) 1.0E-02  4.4660454E-01    144 5.1E+02   R
  2378      1  1.0E+00   2380 (8.2E-10) 1.1E-02  4.4660450E-01    144 5.1E+02 s
  2379      1  1.0E+00   2381 (2.7E-10) 5.3E-03  4.4660446E-01    144 5.1E+02

 Major Minors     Step   nCon Feasible  Optimal  MeritFunction     nS Penalty
  2380      1  1.0E+00   2382 (1.2E-09) 4.4E-03  4.4660443E-01    144 5.1E+02
  2381      1  1.0E+00   2383 (2.0E-10) 3.1E-03  4.4660442E-01    144 5.1E+02
  2382      1  1.0E+00   2384 (8.5E-10) 3.9E-03  4.4660440E-01    144 5.1E+02
  2383      1  1.0E+00   2385 (1.3E-10) 2.9E-03  4.4660440E-01    144 5.1E+02
  2384      1  1.0E+00   2386 (1.3E-10) 2.3E-03  4.4660439E-01    144 5.1E+02
  2385      1  1.0E+00   2387 (1.1E-10) 1.7E-03  4.4660438E-01    144 5.1E+02
  2386      1  1.0E+00   2388 (4.1E-11) 3.6E-03  4.4660438E-01    144 5.1E+02
  2387      2  1.0E+00   2389 (2.0E-11) 3.0E-03  4.4660437E-01    145 5.1E+02
  2388      1  1.0E+00   2390 (1.3E-10) 2.5E-03  4.4660437E-01    145 5.1E+02   R
  2389      1  1.0E+00   2391 (2.3E-11) 1.4E-03  4.4660436E-01    145 5.1E+02 s

 Major Minors     Step   nCon Feasible  Optimal  MeritFunction     nS Penalty
  2390      2  1.0E+00   2392 (6.0E-11) 2.2E-03  4.4660436E-01    144 5.1E+02
  2391      1  1.0E+00   2393 (2.8E-11) 1.2E-03  4.4660435E-01    144 5.1E+02
  2392      1  1.0E+00   2394 (2.5E-11) 1.1E-03  4.4660435E-01    144 5.1E+02
  2393      1  1.0E+00   2395 (1.2E-10) 1.5E-03  4.4660434E-01    144 5.1E+02
  2394      1  1.0E+00   2396 (9.6E-11) 2.0E-03  4.4660434E-01    144 5.1E+02
  2395      1  1.0E+00   2397 (2.1E-11) 1.7E-03  4.4660433E-01    144 5.1E+02
  2396      1  1.0E+00   2398 (2.4E-10) 2.7E-03  4.4660433E-01    144 5.1E+02
  2397      1  1.0E+00   2399 (5.4E-11) 8.5E-04  4.4660432E-01    144 5.1E+02
  2398      1  1.0E+00   2400 (1.1E-10) 1.1E-03  4.4660432E-01    144 5.1E+02
  2399      1  1.0E+00   2401 (2.4E-11) 1.4E-03  4.4660431E-01    144 5.1E+02   R

 Major Minors     Step   nCon Feasible  Optimal  MeritFunction     nS Penalty
  2400      1  1.0E+00   2402 (1.6E-11) 1.4E-03  4.4660431E-01    144 5.1E+02 s
  2401      1  1.0E+00   2403 (6.4E-12) 1.1E-03  4.4660431E-01    144 5.1E+02
  2402      1  1.0E+00   2404 (3.8E-11) 4.6E-04  4.4660430E-01    144 5.1E+02
  2403      1  4.5E-01   2405 (8.1E-11) 3.6E-04  4.4660430E-01    144 5.1E+02
  2404      1  1.0E+00   2406 (2.1E-10) 1.2E-03  4.4660430E-01    144 5.1E+02
  2405      1  1.0E+00   2407 (1.9E-10) 2.7E-03  4.4660430E-01    144 5.1E+02
  2406      1  1.0E+00   2408 (1.4E-10) 1.2E-03  4.4660429E-01    144 5.1E+02
  2407      1  1.0E+00   2409 (1.0E-11) 1.1E-03  4.4660429E-01    144 5.1E+02
  2408      1  1.6E-01   2410 (3.0E-11) 9.1E-04  4.4660429E-01    144 5.1E+02
  2409      1  3.2E-01   2411 (6.4E-11) 8.5E-04  4.4660429E-01    144 5.1E+02

 Major Minors     Step   nCon Feasible  Optimal  MeritFunction     nS Penalty
  2410      1  1.0E+00   2412 (4.3E-10) 9.4E-04  4.4660428E-01    144 5.1E+02   R
  2411      1  1.0E+00   2413 (1.9E-11) 7.6E-04  4.4660428E-01    144 5.1E+02 s
  2412      1  1.0E+00   2414 (1.3E-11) 6.5E-04  4.4660428E-01    144 5.1E+02
  2413      1  1.0E+00   2415 (5.2E-12) 6.8E-04  4.4660428E-01    144 5.1E+02
  2414      1  1.0E+00   2416 (3.3E-11) 6.3E-04  4.4660427E-01    144 5.1E+02
  2415      1  1.0E+00   2417 (7.1E-11) 1.0E-03  4.4660427E-01    144 5.1E+02
  2416      1  1.0E+00   2418 (5.7E-11) 1.4E-03  4.4660427E-01    144 5.1E+02
  2417      1  1.0E+00   2419 (1.1E-10) 1.9E-03  4.4660426E-01    144 5.1E+02
  2418      1  1.0E+00   2420 (2.9E-10) 3.6E-03  4.4660425E-01    144 5.1E+02
  2419      1  1.0E+00   2421 (1.1E-10) 3.6E-03  4.4660424E-01    144 5.1E+02

 Major Minors     Step   nCon Feasible  Optimal  MeritFunction     nS Penalty
  2420      1  1.0E+00   2422 (2.3E-09) 3.1E-03  4.4660423E-01    144 5.1E+02
  2421      1  1.0E+00   2423 (2.2E-09) 3.7E-03  4.4660420E-01    144 5.1E+02   R
  2422      1  1.0E+00   2424 (7.6E-11) 2.6E-03  4.4660419E-01    144 5.1E+02 s
  2423      1  1.0E+00   2425 (5.6E-11) 5.5E-03  4.4660418E-01    144 5.1E+02
  2424      1  1.0E+00   2426 (1.1E-10) 1.0E-03  4.4660417E-01    144 5.1E+02
  2425      1  1.0E+00   2427 (1.6E-11) 1.1E-03  4.4660417E-01    144 5.1E+02
  2426      1  1.0E+00   2428 (2.8E-10) 1.5E-03  4.4660416E-01    144 5.1E+02
  2427      1  1.0E+00   2429 (4.0E-11) 1.1E-03  4.4660416E-01    144 5.1E+02
  2428      1  1.0E+00   2430 (5.1E-11) 1.8E-03  4.4660415E-01    144 5.1E+02
  2429      1  1.0E+00   2431 (6.7E-11) 2.3E-03  4.4660415E-01    144 5.1E+02

 Major Minors     Step   nCon Feasible  Optimal  MeritFunction     nS Penalty
  2430      1  1.0E+00   2432 (1.1E-10) 2.3E-03  4.4660414E-01    144 5.1E+02
  2431      1  1.0E+00   2433 (2.3E-10) 3.0E-03  4.4660412E-01    144 5.1E+02
  2432      1  1.0E+00   2434 (1.3E-09) 6.7E-03  4.4660409E-01    144 5.1E+02   R
  2433      1  1.0E+00   2435 (5.9E-11) 6.0E-03  4.4660408E-01    144 5.1E+02 s
  2434      1  1.0E+00   2436 (1.7E-10) 9.0E-03  4.4660407E-01    144 5.1E+02
  2435      1  1.0E+00   2437 (5.4E-11) 4.3E-03  4.4660406E-01    144 5.1E+02
  2436      1  1.0E+00   2438 (3.6E-11) 4.4E-03  4.4660406E-01    144 5.1E+02
  2437      1  1.0E+00   2439 (5.4E-11) 1.1E-03  4.4660405E-01    144 5.1E+02
  2438      1  1.0E+00   2440 (5.2E-10) 3.0E-03  4.4660404E-01    144 5.1E+02
  2439      1  4.8E-01   2441 (3.3E-10) 3.4E-03  4.4660403E-01    144 5.1E+02

 Major Minors     Step   nCon Feasible  Optimal  MeritFunction     nS Penalty
  2440      1  1.0E+00   2442 (1.3E-10) 3.0E-03  4.4660402E-01    144 5.1E+02
  2441      1  3.0E-01   2443 (1.6E-10) 3.8E-03  4.4660400E-01    144 5.1E+02
  2442      1  1.0E+00   2444 (6.7E-10) 1.7E-02  4.4660399E-01    144 5.1E+02
  2443      1  1.0E+00   2445 (5.8E-10) 8.2E-03  4.4660395E-01    144 5.1E+02   R
  2444      1  1.0E+00   2446 (7.9E-11) 4.7E-03  4.4660394E-01    144 5.1E+02 s
  2445      1  1.0E+00   2447 (1.1E-10) 4.3E-03  4.4660392E-01    144 5.1E+02
  2446      2  1.0E+00   2448 (1.9E-10) 2.0E-03  4.4660390E-01    145 5.1E+02
  2447      1  1.0E+00   2449 (6.1E-10) 4.0E-03  4.4660388E-01    145 5.1E+02
  2448      2  1.0E+00   2450 (4.9E-10) 4.2E-03  4.4660387E-01    144 5.1E+02
  2449      1  1.0E+00   2451 (7.7E-10) 5.1E-03  4.4660384E-01    144 5.1E+02

 Major Minors     Step   nCon Feasible  Optimal  MeritFunction     nS Penalty
  2450      1  1.0E+00   2452 (7.5E-09) 6.0E-03  4.4660381E-01    144 5.1E+02
  2451      1  1.0E+00   2453 (9.1E-10) 6.3E-03  4.4660377E-01    144 5.1E+02
  2452      1  1.0E+00   2454 (9.4E-10) 8.9E-03  4.4660370E-01    144 5.1E+02
  2453      1  1.0E+00   2455 (3.5E-09) 1.7E-02  4.4660361E-01    144 5.1E+02
  2454      1  1.0E+00   2456 (1.3E-08) 1.5E-02  4.4660339E-01    144 5.1E+02   R
  2455      1  1.0E+00   2457 (7.9E-10) 9.0E-03  4.4660333E-01    144 5.1E+02 s
  2456      1  1.0E+00   2458 (3.0E-10) 8.9E-03  4.4660329E-01    144 5.1E+02
  2457      1  1.0E+00   2459 (8.7E-10) 6.0E-03  4.4660325E-01    144 5.1E+02
  2458      1  1.0E+00   2460 (3.0E-09) 1.5E-02  4.4660318E-01    144 5.1E+02
  2459      1  4.3E-01   2461 (2.5E-09) 1.3E-02  4.4660315E-01    144 5.1E+02

 Major Minors     Step   nCon Feasible  Optimal  MeritFunction     nS Penalty
  2460      1  1.0E+00   2462 (2.9E-09) 1.6E-02  4.4660304E-01    144 5.1E+02
  2461      1  1.0E+00   2463 (1.2E-09) 1.4E-02  4.4660300E-01    144 5.1E+02
  2462      1  1.0E+00   2464 (3.3E-10) 7.6E-03  4.4660294E-01    144 5.1E+02
  2463      1  1.0E+00   2465 (9.5E-10) 6.4E-03  4.4660282E-01    144 5.1E+02
  2464      1  3.1E-01   2466 (8.1E-10) 8.0E-03  4.4660274E-01    144 5.1E+02
  2465      1  8.8E-02   2467 (7.9E-10) 7.3E-03  4.4660270E-01    144 5.1E+02   R
  2466      1  1.0E+00   2468 (1.1E-09) 3.9E-03  4.4660263E-01    144 5.1E+02 s
  2467      1  1.0E+00   2469 (2.4E-09) 7.2E-03  4.4660253E-01    144 5.1E+02
  2468      2  1.0E+00   2470 (6.4E-09) 6.7E-03  4.4660230E-01    145 5.1E+02
  2469      2  1.0E+00   2471 (1.5E-08) 1.2E-01  4.4660215E-01    144 5.1E+02

 Major Minors     Step   nCon Feasible  Optimal  MeritFunction     nS Penalty
  2470      1  1.0E+00   2472 (3.3E-09) 1.9E-02  4.4660167E-01    144 5.1E+02
  2471      1  1.0E+00   2473 (1.4E-08) 2.3E-02  4.4660121E-01    144 5.1E+02
  2472      1  1.0E+00   2474 (5.1E-08) 2.0E-02  4.4660064E-01    144 5.1E+02
  2473      1  1.0E+00   2475 (2.2E-08) 1.5E-02  4.4660046E-01    144 5.1E+02
  2474      1  1.0E+00   2476 (3.7E-09) 1.6E-02  4.4660028E-01    144 5.1E+02
  2475      1  3.0E-01   2477 (2.7E-09) 1.7E-02  4.4660021E-01    144 5.1E+02
  2476      1  2.1E-01   2478 (2.1E-09) 8.7E-03  4.4660014E-01    144 5.1E+02   R
  2477      1  1.0E+00   2479 (7.6E-10) 1.5E-02  4.4660008E-01    144 5.1E+02 s
  2478      1  1.0E+00   2480 (3.5E-09) 1.1E-02  4.4659994E-01    144 5.1E+02
  2479      1  1.0E+00   2481 (5.5E-09) 4.8E-02  4.4659989E-01    144 5.1E+02

 Major Minors     Step   nCon Feasible  Optimal  MeritFunction     nS Penalty
  2480      1  1.0E+00   2482 (1.4E-08) 2.9E-02  4.4659986E-01    144 5.1E+02
  2481      1  1.0E+00   2483 (4.3E-09) 1.5E-02  4.4659974E-01    144 5.1E+02
  2482      1  1.0E+00   2484 (2.1E-09) 1.3E-02  4.4659970E-01    144 5.1E+02
  2483      1  1.0E+00   2485 (1.1E-09) 7.7E-03  4.4659963E-01    144 5.1E+02
  2484      1  1.0E+00   2486 (1.8E-09) 6.4E-03  4.4659961E-01    144 5.1E+02
  2485      1  1.0E+00   2487 (4.9E-10) 4.5E-03  4.4659957E-01    144 5.1E+02
  2486      1  3.7E-01   2488 (2.1E-10) 3.1E-03  4.4659955E-01    144 5.1E+02
  2487      1  1.0E+00   2489 (2.9E-09) 1.3E-02  4.4659953E-01    144 5.1E+02   R
  2488      1  1.0E+00   2490 (6.0E-10) 1.4E-02  4.4659951E-01    144 5.1E+02 s
  2489      1  1.0E+00   2491 (8.5E-11) 4.0E-03  4.4659949E-01    144 5.1E+02

 Major Minors     Step   nCon Feasible  Optimal  MeritFunction     nS Penalty
  2490      1  1.0E+00   2492 (6.3E-10) 4.4E-03  4.4659948E-01    144 5.1E+02
  2491      1  1.0E+00   2493 (4.5E-09) 9.4E-03  4.4659944E-01    144 5.1E+02
  2492      1  1.0E+00   2494 (5.9E-08) 1.4E-02  4.4659938E-01    144 5.1E+02
  2493      1  3.8E-01   2495 (3.8E-08) 1.4E-02  4.4659937E-01    144 5.1E+02
  2494      1  1.0E+00   2496 (1.0E-09) 1.1E-02  4.4659935E-01    144 5.1E+02
  2495      1  1.0E+00   2497 (1.5E-09) 4.9E-03  4.4659933E-01    144 5.1E+02
  2496      1  1.0E+00   2498 (3.7E-10) 5.7E-03  4.4659931E-01    144 5.1E+02
  2497      1  1.0E+00   2499 (1.2E-10) 7.2E-03  4.4659930E-01    144 5.1E+02
  2498      1  1.0E+00   2500 (2.2E-10) 1.4E-02  4.4659928E-01    144 5.1E+02   R
  2499      1  1.0E+00   2501 (1.6E-10) 8.0E-03  4.4659928E-01    144 5.1E+02 s

 Major Minors     Step   nCon Feasible  Optimal  MeritFunction     nS Penalty
  2500      1  1.0E+00   2502 (3.6E-11) 2.6E-03  4.4659927E-01    144 5.1E+02
  2501      1  1.0E+00   2503 (1.7E-11) 1.2E-03  4.4659927E-01    144 5.1E+02
  2502      1  1.0E+00   2504 (2.6E-11) 2.1E-03  4.4659926E-01    144 5.1E+02
  2503      1  1.0E+00   2505 (4.0E-11) 2.4E-03  4.4659926E-01    144 5.1E+02
  2504      1  1.0E+00   2506 (3.4E-10) 2.5E-03  4.4659925E-01    144 5.1E+02
  2505      1  1.0E+00   2507 (6.4E-10) 3.1E-03  4.4659924E-01    144 5.1E+02
  2506      1  1.0E+00   2508 (1.4E-09) 6.2E-03  4.4659923E-01    144 5.1E+02
  2507      1  1.0E+00   2509 (1.8E-10) 5.5E-03  4.4659921E-01    144 5.1E+02
  2508      1  4.7E-01   2510 (2.6E-10) 3.1E-03  4.4659920E-01    144 5.1E+02
  2509      1  4.2E-01   2511 (5.0E-10) 1.8E-03  4.4659920E-01    144 5.1E+02   R

 Major Minors     Step   nCon Feasible  Optimal  MeritFunction     nS Penalty
  2510      1  1.0E+00   2512 (1.3E-11) 1.2E-03  4.4659919E-01    144 5.1E+02 s
  2511      1  1.0E+00   2513 (2.0E-10) 3.6E-03  4.4659919E-01    144 5.1E+02
  2512      1  1.0E+00   2514 (7.6E-11) 7.2E-03  4.4659918E-01    144 5.1E+02
  2513      1  1.0E+00   2515 (7.5E-11) 4.1E-03  4.4659918E-01    144 5.1E+02
  2514      1  1.0E+00   2516 (7.4E-11) 7.2E-03  4.4659917E-01    144 5.1E+02
  2515      1  1.0E+00   2517 (2.7E-10) 6.7E-03  4.4659916E-01    144 5.1E+02
  2516      1  1.0E+00   2518 (7.1E-10) 9.9E-03  4.4659915E-01    144 5.1E+02
  2517      1  1.0E+00   2519 (6.2E-10) 9.9E-03  4.4659912E-01    144 5.1E+02
  2518      1  1.0E+00   2520 (4.9E-09) 9.2E-03  4.4659907E-01    144 5.1E+02
  2519      1  4.5E-01   2521 (6.3E-09) 1.2E-02  4.4659903E-01    144 5.1E+02

 Major Minors     Step   nCon Feasible  Optimal  MeritFunction     nS Penalty
  2520      1  1.0E+00   2522 (1.1E-09) 8.5E-03  4.4659899E-01    144 5.1E+02   R
  2521      1  1.0E+00   2523 (8.8E-10) 6.6E-03  4.4659897E-01    144 5.1E+02 s
  2522      1  1.0E+00   2524 (7.3E-11) 6.4E-03  4.4659896E-01    144 5.1E+02
  2523      1  1.0E+00   2525 (7.9E-11) 6.0E-03  4.4659895E-01    144 5.1E+02
  2524      1  1.0E+00   2526 (7.4E-11) 6.2E-03  4.4659894E-01    144 5.1E+02
  2525      1  1.0E+00   2527 (7.7E-11) 5.4E-03  4.4659893E-01    144 5.1E+02
  2526      1  1.0E+00   2528 (2.7E-10) 1.0E-02  4.4659891E-01    144 5.1E+02
  2527      1  1.0E+00   2529 (8.4E-11) 1.6E-02  4.4659888E-01    144 5.1E+02
  2528      1  1.0E+00   2530 (2.5E-09) 1.0E-02  4.4659887E-01    144 5.1E+02
  2529      2  1.0E+00   2531 (3.6E-10) 6.6E-03  4.4659875E-01    145 5.1E+02

 Major Minors     Step   nCon Feasible  Optimal  MeritFunction     nS Penalty
  2530      1  1.0E+00   2532 (6.7E-09) 2.9E-02  4.4659853E-01    145 5.1E+02
  2531      3  1.0E+00   2533 (5.7E-09) 2.1E-02  4.4659836E-01    144 5.1E+02   R
  2532      1  1.0E+00   2534 (2.9E-09) 1.3E-02  4.4659828E-01    144 5.1E+02 s
  2533      1  1.0E+00   2535 (5.2E-10) 3.6E-03  4.4659820E-01    144 5.1E+02
  2534      1  1.0E+00   2536 (3.1E-10) 3.5E-03  4.4659814E-01    144 5.1E+02
  2535      1  1.0E+00   2537 (3.2E-09) 7.1E-03  4.4659802E-01    144 5.1E+02
  2536      1  1.0E+00   2538 (8.9E-10) 7.0E-03  4.4659796E-01    144 5.1E+02
  2537      1  1.0E+00   2539 (2.4E-10) 5.1E-03  4.4659793E-01    144 5.1E+02
  2538      1  1.0E+00   2540 (4.4E-10) 6.7E-03  4.4659788E-01    144 5.1E+02
  2539      1  1.0E+00   2541 (1.0E-10) 6.4E-03  4.4659785E-01    144 5.1E+02

 Major Minors     Step   nCon Feasible  Optimal  MeritFunction     nS Penalty
  2540      1  1.0E+00   2542 (4.8E-10) 9.5E-03  4.4659775E-01    144 5.1E+02
  2541      2  1.0E+00   2543 (1.0E-09) 9.1E-03  4.4659760E-01    145 5.1E+02
  2542      1  1.0E+00   2544 (7.5E-09) 1.4E-02  4.4659740E-01    145 5.1E+02   R
  2543      1  1.0E+00   2545 (1.2E-09) 1.2E-02  4.4659713E-01    145 5.1E+02 s
  2544      1  1.0E+00   2546 (4.4E-09) 1.8E-02  4.4659675E-01    145 5.1E+02
  2545      2  1.0E+00   2547 (1.8E-09) 6.6E-03  4.4659650E-01    146 5.1E+02
  2546      2  1.0E+00   2548 (9.1E-09) 2.9E-02  4.4659642E-01    145 5.1E+02
  2547      1  1.0E+00   2549 (3.5E-09) 2.0E-02  4.4659589E-01    145 5.1E+02
  2548      1  3.9E-01   2550 (1.1E-08) 1.1E-02  4.4659538E-01    145 5.1E+02
  2549      1  4.1E-01   2551 (7.1E-09) 5.7E-02  4.4659522E-01    145 5.1E+02

 Major Minors     Step   nCon Feasible  Optimal  MeritFunction     nS Penalty
  2550      1  1.0E+00   2552 (6.2E-09) 6.1E-02  4.4659462E-01    145 5.1E+02
  2551      1  1.0E+00   2553 (2.7E-08) 6.9E-02  4.4659387E-01    145 5.1E+02
  2552      1  1.0E+00   2554 (8.7E-09) 1.8E-02  4.4659353E-01    145 5.1E+02
  2553      1  1.0E+00   2555 (1.9E-09) 3.0E-02  4.4659342E-01    145 5.1E+02   R
  2554      1  3.3E-01   2556 (1.5E-09) 1.5E-02  4.4659330E-01    145 5.1E+02 s
  2555      1  1.0E+00   2557 (3.6E-10) 3.0E-02  4.4659329E-01    145 5.1E+02
  2556      1  1.0E+00   2558 (2.2E-10) 5.1E-03  4.4659326E-01    145 5.1E+02
  2557      1  1.0E+00   2559 (5.3E-11) 7.2E-03  4.4659324E-01    145 5.1E+02
  2558      1  1.0E+00   2560 (3.9E-10) 2.8E-02  4.4659320E-01    145 5.1E+02
  2559      1  1.0E+00   2561 (6.7E-10) 1.2E-02  4.4659316E-01    145 5.1E+02

 Major Minors     Step   nCon Feasible  Optimal  MeritFunction     nS Penalty
  2560      1  1.0E+00   2562 (4.5E-10) 1.1E-02  4.4659313E-01    145 5.1E+02
  2561      1  1.0E+00   2563 (5.8E-10) 9.8E-03  4.4659309E-01    145 5.1E+02
  2562      1  1.0E+00   2564 (8.0E-10) 1.2E-02  4.4659306E-01    145 5.1E+02
  2563      1  1.0E+00   2565 (1.9E-10) 1.2E-02  4.4659303E-01    145 5.1E+02
  2564      1  1.0E+00   2566 (4.8E-10) 1.4E-02  4.4659299E-01    145 5.1E+02   R
  2565      1  1.0E+00   2567 (4.2E-11) 8.5E-03  4.4659298E-01    145 5.1E+02 s
  2566      1  1.0E+00   2568 (8.9E-10) 9.0E-03  4.4659298E-01    145 5.1E+02
  2567      1  1.0E+00   2569 (2.4E-10) 7.0E-03  4.4659296E-01    145 5.1E+02
  2568      1  1.0E+00   2570 (6.9E-11) 1.0E-02  4.4659296E-01    145 5.1E+02
  2569      1  1.0E+00   2571 (1.1E-10) 6.5E-03  4.4659295E-01    145 5.1E+02

 Major Minors     Step   nCon Feasible  Optimal  MeritFunction     nS Penalty
  2570      1  1.0E+00   2572 (7.3E-11) 7.3E-03  4.4659294E-01    145 5.1E+02
  2571      1  1.0E+00   2573 (9.5E-10) 9.4E-03  4.4659293E-01    145 5.1E+02
  2572      1  1.0E+00   2574 (3.4E-10) 7.3E-03  4.4659293E-01    145 5.1E+02
  2573      1  1.0E+00   2575 (5.8E-10) 5.2E-03  4.4659291E-01    145 5.1E+02
  2574      1  1.0E+00   2576 (1.6E-10) 1.8E-03  4.4659291E-01    145 5.1E+02
  2575      1  1.0E+00   2577 (6.9E-10) 6.2E-03  4.4659290E-01    145 5.1E+02   R
  2576      1  1.0E+00   2578 (3.6E-10) 2.7E-03  4.4659290E-01    145 5.1E+02 s
  2577      1  1.0E+00   2579 (7.5E-11) 2.0E-03  4.4659289E-01    145 5.1E+02
  2578      1  1.0E+00   2580 (1.1E-10) 2.0E-03  4.4659289E-01    145 5.1E+02
  2579      1  1.0E+00   2581 (2.3E-11) 1.2E-03  4.4659289E-01    145 5.1E+02

 Major Minors     Step   nCon Feasible  Optimal  MeritFunction     nS Penalty
  2580      1  1.0E+00   2582 (3.2E-10) 2.4E-03  4.4659288E-01    145 5.1E+02
  2581      1  1.0E+00   2583 (2.2E-10) 2.0E-03  4.4659287E-01    145 5.1E+02
  2582      1  1.0E+00   2584 (1.8E-10) 2.1E-03  4.4659287E-01    145 5.1E+02
  2583      1  1.0E+00   2585 (9.8E-10) 3.3E-03  4.4659286E-01    145 5.1E+02
  2584      1  3.4E-01   2586 (7.4E-10) 4.2E-03  4.4659286E-01    145 5.1E+02
  2585      1  1.0E+00   2587 (1.0E-09) 8.2E-03  4.4659285E-01    145 5.1E+02
  2586      1  1.0E+00   2588 (8.2E-11) 4.0E-03  4.4659283E-01    145 5.1E+02   R
  2587      1  1.0E+00   2589 (6.2E-11) 3.9E-03  4.4659283E-01    145 5.1E+02 s
  2588      1  1.0E+00   2590 (4.1E-11) 2.1E-03  4.4659282E-01    145 5.1E+02
  2589      1  1.0E+00   2591 (3.7E-10) 3.3E-03  4.4659281E-01    145 5.1E+02

 Major Minors     Step   nCon Feasible  Optimal  MeritFunction     nS Penalty
  2590      1  1.0E+00   2592 (1.5E-11) 2.6E-03  4.4659281E-01    145 5.1E+02
  2591      1  1.0E+00   2593 (3.8E-11) 3.7E-03  4.4659280E-01    145 5.1E+02
  2592      1  1.0E+00   2594 (1.1E-10) 3.1E-03  4.4659280E-01    145 5.1E+02
  2593      1  1.0E+00   2595 (3.9E-11) 3.5E-03  4.4659279E-01    145 5.1E+02
  2594      1  1.0E+00   2596 (2.1E-10) 3.0E-03  4.4659278E-01    145 5.1E+02
  2595      1  1.0E+00   2597 (7.1E-10) 6.9E-03  4.4659277E-01    145 5.1E+02
  2596      1  1.0E+00   2598 (1.1E-09) 5.7E-03  4.4659276E-01    145 5.1E+02
  2597      1  1.0E+00   2599 (2.3E-09) 5.9E-03  4.4659274E-01    145 5.1E+02   R
  2598      1  1.0E+00   2600 (8.9E-11) 2.8E-03  4.4659272E-01    145 5.1E+02 s
  2599      1  1.0E+00   2601 (3.2E-10) 1.7E-03  4.4659270E-01    145 5.1E+02

 Major Minors     Step   nCon Feasible  Optimal  MeritFunction     nS Penalty
  2600      1  1.0E+00   2602 (2.6E-10) 4.4E-03  4.4659269E-01    145 5.1E+02
  2601      1  1.0E+00   2603 (1.2E-10) 3.5E-03  4.4659268E-01    145 5.1E+02
  2602      1  1.0E+00   2604 (2.0E-11) 1.8E-03  4.4659267E-01    145 5.1E+02
  2603      1  1.0E+00   2605 (2.0E-10) 2.4E-03  4.4659267E-01    145 5.1E+02
  2604      1  1.0E+00   2606 (4.7E-10) 3.5E-03  4.4659267E-01    145 5.1E+02
  2605      1  1.0E+00   2607 (4.3E-11) 2.0E-03  4.4659266E-01    145 5.1E+02
  2606      1  1.0E+00   2608 (2.1E-10) 2.1E-03  4.4659266E-01    145 5.1E+02
  2607      1  1.0E+00   2609 (6.5E-10) 5.0E-03  4.4659265E-01    145 5.1E+02
  2608      1  4.3E-02   2610 (6.3E-10) 5.2E-03  4.4659264E-01    145 5.1E+02   R
  2609      1  1.0E+00   2611 (9.8E-11) 4.1E-03  4.4659264E-01    145 5.1E+02 s

 Major Minors     Step   nCon Feasible  Optimal  MeritFunction     nS Penalty
  2610      1  1.0E+00   2612 (2.2E-11) 2.9E-03  4.4659263E-01    145 5.1E+02
  2611      1  1.0E+00   2613 (2.4E-11) 2.3E-03  4.4659263E-01    145 5.1E+02
  2612      1  1.0E+00   2614 (7.3E-11) 2.1E-03  4.4659262E-01    145 5.1E+02
  2613      1  1.0E+00   2615 (9.0E-11) 8.8E-04  4.4659262E-01    145 5.1E+02
  2614      1  3.9E-01   2616 (6.0E-11) 8.5E-04  4.4659262E-01    145 5.1E+02
  2615      1  3.2E-01   2617 (1.3E-10) 3.8E-03  4.4659262E-01    145 5.1E+02
  2616      1  1.0E+00   2618 (2.0E-11) 1.3E-03  4.4659261E-01    145 5.1E+02
  2617      1  8.3E-02   2619 (2.0E-11) 8.8E-04  4.4659261E-01    145 5.1E+02
  2618      1  8.5E-02   2620 (2.1E-11) 5.9E-04  4.4659261E-01    145 5.1E+02
  2619      1  7.7E-02   2621 (2.3E-11) 5.4E-04  4.4659261E-01    145 5.1E+02   R

 Major Minors     Step   nCon Feasible  Optimal  MeritFunction     nS Penalty
  2620      1  1.0E+00   2622 (1.2E-11) 6.0E-04  4.4659261E-01    145 5.1E+02 s
  2621      1  1.0E+00   2623 (3.1E-12) 4.7E-04  4.4659261E-01    145 5.1E+02
  2622      1  1.0E+00   2624 (3.4E-11) 4.8E-04  4.4659260E-01    145 5.1E+02
  2623      1  1.0E+00   2625 (1.2E-10) 8.8E-04  4.4659260E-01    145 5.1E+02
  2624      1  1.0E+00   2626 (7.6E-10) 1.2E-03  4.4659259E-01    145 5.1E+02
  2625      1  1.0E+00   2627 (3.7E-09) 2.5E-03  4.4659258E-01    145 5.1E+02
  2626      1  1.0E+00   2628 (5.0E-10) 2.4E-03  4.4659256E-01    145 5.1E+02
  2627      1  4.7E-01   2629 (4.4E-10) 1.7E-03  4.4659255E-01    145 5.1E+02
  2628      1  1.0E+00   2630 (2.6E-10) 1.2E-03  4.4659254E-01    145 5.1E+02
  2629      1  4.8E-01   2631 (2.4E-10) 9.9E-04  4.4659254E-01    145 5.1E+02

 Major Minors     Step   nCon Feasible  Optimal  MeritFunction     nS Penalty
  2630      1  1.0E+00   2632 (1.1E-10) 1.4E-03  4.4659254E-01    145 5.1E+02   R
  2631      1  1.0E+00   2633 (1.1E-11) 1.4E-03  4.4659253E-01    145 5.1E+02 s
  2632      1  1.0E+00   2634 (5.5E-11) 5.1E-03  4.4659253E-01    145 5.1E+02
  2633      1  1.0E+00   2635 (3.3E-11) 4.1E-03  4.4659253E-01    145 5.1E+02
  2634      1  1.0E+00   2636 (4.2E-11) 2.4E-03  4.4659252E-01    145 5.1E+02
  2635      1  1.0E+00   2637 (1.0E-10) 4.2E-03  4.4659252E-01    145 5.1E+02
  2636      1  1.9E-01   2638 (8.4E-10) 4.9E-03  4.4659251E-01    145 5.1E+02
  2637      1  1.0E+00   2639 (2.1E-09) 4.2E-03  4.4659249E-01    145 5.1E+02
  2638      1  1.9E-01   2640 (2.1E-09) 3.5E-03  4.4659249E-01    145 5.1E+02
  2639      1  1.0E+00   2641 (1.1E-09) 4.3E-03  4.4659247E-01    145 5.1E+02

 Major Minors     Step   nCon Feasible  Optimal  MeritFunction     nS Penalty
  2640      1  1.0E+00   2642 (3.0E-09) 2.4E-03  4.4659244E-01    145 5.1E+02
  2641      1  1.0E+00   2643 (3.3E-08) 5.2E-03  4.4659237E-01    145 5.1E+02   R
  2642      1  1.0E+00   2644 (3.4E-10) 5.3E-03  4.4659237E-01    145 5.1E+02 s
  2643      1  1.0E+00   2645 (9.3E-11) 2.2E-03  4.4659234E-01    145 5.1E+02
  2644      1  1.0E+00   2646 (5.0E-11) 1.7E-03  4.4659234E-01    145 5.1E+02
  2645      1  1.0E+00   2647 (2.3E-10) 1.4E-03  4.4659233E-01    145 5.1E+02
  2646      1  1.0E+00   2648 (1.8E-10) 1.1E-03  4.4659232E-01    145 5.1E+02
  2647      1  1.0E+00   2649 (8.8E-11) 1.5E-03  4.4659232E-01    145 5.1E+02
  2648      1  1.0E+00   2650 (4.0E-10) 3.3E-03  4.4659230E-01    145 5.1E+02
  2649      1  1.0E+00   2651 (3.6E-10) 5.6E-03  4.4659229E-01    145 5.1E+02

 Major Minors     Step   nCon Feasible  Optimal  MeritFunction     nS Penalty
  2650      1  1.0E+00   2652 (2.9E-09) 1.0E-02  4.4659225E-01    145 5.1E+02
  2651      1  1.0E+00   2653 (3.3E-09) 5.7E-03  4.4659223E-01    145 5.1E+02
  2652      1  1.0E+00   2654 (9.2E-10) 2.3E-03  4.4659223E-01    145 5.1E+02   R
  2653      1  1.0E+00   2655 (1.3E-10) 1.5E-03  4.4659218E-01    145 5.1E+02 s
  2654      1  1.0E+00   2656 (1.3E-09) 2.1E-03  4.4659216E-01    145 5.1E+02
  2655      1  1.0E+00   2657 (1.2E-09) 1.4E-03  4.4659213E-01    145 5.1E+02
  2656      1  1.0E+00   2658 (4.0E-09) 2.2E-03  4.4659209E-01    145 5.1E+02
  2657      1  1.0E+00   2659 (7.7E-09) 3.9E-03  4.4659205E-01    145 5.1E+02
  2658      1  1.0E+00   2660 (2.0E-08) 5.1E-03  4.4659202E-01    145 5.1E+02
  2659      1  1.0E+00   2661 (7.4E-09) 1.2E-02  4.4659193E-01    145 5.1E+02

 Major Minors     Step   nCon Feasible  Optimal  MeritFunction     nS Penalty
  2660      1  1.0E+00   2662 (8.4E-08) 1.4E-02  4.4659184E-01    145 5.1E+02
  2661      1  1.0E+00   2663 (4.4E-07) 9.9E-03  4.4659153E-01    145 5.1E+02
  2662      1  1.0E+00   2664  1.6E-06  7.9E-03  4.4659108E-01    145 5.1E+02
  2663      1  1.0E+00   2665 (8.0E-07) 1.6E-02  4.4659104E-01    145 5.1E+02   R
  2664      1  4.5E-01   2666 (4.4E-07) 9.2E-03  4.4659090E-01    145 5.1E+02 s
  2665      1  1.0E+00   2667 (1.3E-09) 4.9E-02  4.4659086E-01    145 5.1E+02
  2666      1  1.0E+00   2668 (7.8E-08) 8.4E-02  4.4659085E-01    145 5.1E+02
  2667      1  1.0E+00   2669 (1.3E-08) 7.0E-03  4.4659067E-01    145 5.1E+02
  2668      1  1.0E+00   2670 (2.0E-09) 2.4E-02  4.4659063E-01    145 5.1E+02
  2669      1  1.0E+00   2671 (1.2E-07) 9.5E-03  4.4659049E-01    145 5.1E+02

 Major Minors     Step   nCon Feasible  Optimal  MeritFunction     nS Penalty
  2670      1  1.0E+00   2672 (3.0E-08) 1.0E-02  4.4659043E-01    145 5.1E+02
  2671      1  1.0E+00   2673 (4.2E-08) 4.7E-03  4.4659038E-01    145 5.1E+02
  2672      1  1.0E+00   2674 (2.1E-08) 5.9E-03  4.4659035E-01    145 5.1E+02
  2673      1  1.0E+00   2675 (8.2E-08) 1.2E-02  4.4659029E-01    145 5.1E+02
  2674      1  1.0E+00   2676 (6.7E-08) 8.8E-03  4.4659024E-01    145 5.1E+02   R
  2675      1  1.0E+00   2677 (1.4E-09) 5.8E-03  4.4659021E-01    145 5.1E+02 s
  2676      1  1.0E+00   2678 (7.0E-09) 7.7E-03  4.4659018E-01    145 5.1E+02
  2677      1  1.0E+00   2679 (1.8E-09) 5.5E-03  4.4659015E-01    145 5.1E+02
  2678      1  1.0E+00   2680 (1.1E-08) 2.0E-03  4.4659012E-01    145 5.1E+02
  2679      1  1.0E+00   2681 (9.1E-08) 6.3E-03  4.4659005E-01    145 5.1E+02

 Major Minors     Step   nCon Feasible  Optimal  MeritFunction     nS Penalty
  2680      1  1.0E+00   2682 (1.2E-07) 1.1E-02  4.4659004E-01    145 5.1E+02
  2681      1  1.0E+00   2683 (1.4E-08) 5.6E-03  4.4659002E-01    145 5.1E+02
  2682      1  2.0E-01   2684 (1.3E-08) 4.9E-03  4.4659001E-01    145 5.1E+02
  2683      1  1.0E+00   2685 (2.8E-10) 5.8E-03  4.4658999E-01    145 5.1E+02
  2684      1  1.0E+00   2686 (6.2E-08) 8.0E-03  4.4658996E-01    145 5.1E+02
  2685      1  1.0E+00   2687 (2.8E-10) 3.5E-03  4.4658994E-01    145 5.1E+02   R
  2686      1  1.0E+00   2688 (1.3E-10) 1.9E-03  4.4658993E-01    145 5.1E+02 s
  2687      1  1.0E+00   2689 (1.1E-09) 5.0E-03  4.4658991E-01    145 5.1E+02
  2688      1  1.0E+00   2690 (2.9E-09) 1.2E-02  4.4658990E-01    145 5.1E+02
  2689      1  1.0E+00   2691 (1.1E-09) 8.6E-03  4.4658990E-01    145 5.1E+02

 Major Minors     Step   nCon Feasible  Optimal  MeritFunction     nS Penalty
  2690      1  4.4E-01   2692 (1.2E-09) 5.8E-03  4.4658988E-01    145 5.1E+02
  2691      1  1.0E+00   2693 (2.3E-10) 4.3E-03  4.4658987E-01    145 5.1E+02
  2692      1  1.0E+00   2694 (4.8E-10) 5.7E-03  4.4658986E-01    145 5.1E+02
  2693      1  1.0E+00   2695 (4.1E-09) 4.4E-03  4.4658984E-01    145 5.1E+02
  2694      1  1.0E+00   2696 (6.5E-09) 7.7E-03  4.4658981E-01    145 5.1E+02
  2695      1  1.0E+00   2697 (3.1E-09) 1.1E-02  4.4658980E-01    145 5.1E+02
  2696      1  1.0E+00   2698 (9.0E-10) 5.8E-03  4.4658979E-01    145 5.1E+02   R
  2697      1  1.0E+00   2699 (4.3E-10) 7.6E-03  4.4658978E-01    145 5.1E+02 s
  2698      1  1.0E+00   2700 (1.4E-10) 2.5E-03  4.4658977E-01    145 5.1E+02
  2699      1  1.0E+00   2701 (1.2E-11) 9.0E-04  4.4658977E-01    145 5.1E+02

 Major Minors     Step   nCon Feasible  Optimal  MeritFunction     nS Penalty
  2700      1  1.0E+00   2702 (3.4E-11) 2.6E-03  4.4658976E-01    145 5.1E+02
  2701      1  1.0E+00   2703 (5.3E-10) 3.7E-03  4.4658975E-01    145 5.1E+02
  2702      1  1.0E+00   2704 (8.6E-11) 2.1E-03  4.4658974E-01    145 5.1E+02
  2703      1  1.0E+00   2705 (2.0E-10) 3.1E-03  4.4658973E-01    145 5.1E+02
  2704      1  1.0E+00   2706 (4.3E-09) 1.5E-03  4.4658972E-01    145 5.1E+02
  2705      1  1.0E+00   2707 (1.8E-10) 9.5E-04  4.4658971E-01    145 5.1E+02
  2706      1  1.0E+00   2708 (5.4E-11) 7.2E-04  4.4658971E-01    145 5.1E+02
  2707      1  1.0E+00   2709 (2.1E-10) 1.2E-03  4.4658970E-01    145 5.1E+02   R
  2708      1  1.0E+00   2710 (3.5E-11) 1.2E-03  4.4658970E-01    145 5.1E+02 s
  2709      1  1.0E+00   2711 (3.7E-10) 2.4E-03  4.4658969E-01    145 5.1E+02

 Major Minors     Step   nCon Feasible  Optimal  MeritFunction     nS Penalty
  2710      1  1.0E+00   2712 (3.6E-11) 2.8E-03  4.4658969E-01    145 5.1E+02
  2711      1  1.0E+00   2713 (9.0E-12) 1.3E-03  4.4658969E-01    145 5.1E+02
  2712      1  1.0E+00   2714 (3.2E-11) 2.7E-03  4.4658968E-01    145 5.1E+02
  2713      2  1.0E+00   2715 (1.6E-10) 3.3E-03  4.4658968E-01    144 5.1E+02
  2714      1  1.0E+00   2716 (1.0E-09) 5.3E-03  4.4658967E-01    144 5.1E+02
  2715      1  1.0E+00   2717 (8.7E-11) 3.1E-03  4.4658966E-01    144 5.1E+02
  2716      1  1.0E+00   2718 (8.6E-11) 3.0E-03  4.4658966E-01    144 5.1E+02
  2717      1  1.0E+00   2719 (5.2E-11) 2.6E-03  4.4658965E-01    144 5.1E+02
  2718      1  1.0E+00   2720 (1.0E-10) 4.9E-03  4.4658965E-01    144 5.1E+02   R
  2719      1  1.0E+00   2721 (1.5E-10) 3.9E-03  4.4658965E-01    144 5.1E+02 s

 Major Minors     Step   nCon Feasible  Optimal  MeritFunction     nS Penalty
  2720      1  1.0E+00   2722 (3.3E-11) 5.9E-04  4.4658964E-01    144 5.1E+02
  2721      1  1.0E+00   2723 (1.9E-12) 3.6E-04  4.4658964E-01    144 5.1E+02
  2722      1  1.0E+00   2724 (2.0E-11) 1.5E-03  4.4658964E-01    144 5.1E+02
  2723      1  1.0E+00   2725 (5.8E-11) 1.9E-03  4.4658963E-01    144 5.1E+02
  2724      1  1.0E+00   2726 (1.6E-10) 1.9E-03  4.4658963E-01    144 5.1E+02
  2725      1  4.5E-01   2727 (3.0E-10) 2.2E-03  4.4658962E-01    144 5.1E+02
  2726      1  3.7E-02   2728 (2.9E-10) 2.2E-03  4.4658962E-01    144 5.1E+02
  2727      1  2.2E-02   2729 (2.9E-10) 2.1E-03  4.4658962E-01    144 5.1E+02
  2728      1  2.3E-02   2730 (3.0E-10) 2.1E-03  4.4658961E-01    144 5.1E+02
  2729      1  2.9E-02   2731 (2.9E-10) 2.1E-03  4.4658961E-01    144 5.1E+02   R

 Major Minors     Step   nCon Feasible  Optimal  MeritFunction     nS Penalty
  2730      1  1.0E+00   2732 (5.1E-11) 1.4E-03  4.4658960E-01    144 5.1E+02 s
  2731      1  1.0E+00   2733 (1.7E-11) 8.6E-04  4.4658960E-01    144 5.1E+02
  2732      1  1.0E+00   2734 (1.4E-11) 6.1E-04  4.4658960E-01    144 5.1E+02
  2733      1  1.0E+00   2735 (1.1E-11) 1.0E-03  4.4658960E-01    144 5.1E+02
  2734      1  1.0E+00   2736 (1.1E-11) 1.3E-03  4.4658960E-01    144 5.1E+02
  2735      1  1.0E+00   2737 (8.0E-12) 8.6E-04  4.4658960E-01    144 5.1E+02
  2736      1  1.0E+00   2738 (4.1E-11) 1.6E-03  4.4658959E-01    144 5.1E+02
  2737      1  5.3E-02   2739 (3.9E-11) 2.3E-03  4.4658959E-01    144 5.1E+02
  2738      1  3.9E-02   2740 (4.0E-11) 2.7E-03  4.4658959E-01    144 5.1E+02
  2739      1  3.8E-02   2741 (4.1E-11) 1.8E-03  4.4658959E-01    144 5.1E+02

 Major Minors     Step   nCon Feasible  Optimal  MeritFunction     nS Penalty
  2740      1  5.9E-02   2742 (3.9E-11) 1.8E-03  4.4658959E-01    144 5.1E+02   R
  2741      1  1.0E+00   2743 (2.1E-11) 1.3E-03  4.4658958E-01    144 5.1E+02 s
  2742      1  1.0E+00   2744 (5.9E-12) 1.0E-03  4.4658958E-01    144 5.1E+02
  2743      1  1.0E+00   2745 (3.6E-11) 2.0E-03  4.4658958E-01    144 5.1E+02
  2744      1  1.0E+00   2746 (9.0E-12) 1.2E-03  4.4658958E-01    144 5.1E+02
  2745      1  1.0E+00   2747 (1.5E-11) 1.0E-03  4.4658958E-01    144 5.1E+02
  2746      1  1.0E+00   2748 (1.1E-11) 1.6E-03  4.4658958E-01    144 5.1E+02
  2747      1  4.4E-01   2749 (5.7E-11) 1.6E-03  4.4658957E-01    144 5.1E+02
  2748      1  1.0E+00   2750 (6.5E-11) 2.4E-03  4.4658957E-01    144 5.1E+02
  2749      1  1.0E+00   2751 (2.8E-09) 8.9E-03  4.4658954E-01    144 5.1E+02

 Major Minors     Step   nCon Feasible  Optimal  MeritFunction     nS Penalty
  2750      1  1.0E+00   2752 (1.8E-09) 1.5E-02  4.4658950E-01    144 5.1E+02
  2751      1  2.8E-01   2753 (1.8E-08) 7.9E-03  4.4658939E-01    144 5.1E+02   R
  2752      1  1.0E+00   2754 (1.2E-10) 3.7E-03  4.4658937E-01    144 5.1E+02 s
  2753      1  1.0E+00   2755 (4.4E-10) 6.6E-03  4.4658935E-01    144 5.1E+02
  2754      1  1.0E+00   2756 (3.1E-10) 6.4E-03  4.4658935E-01    144 5.1E+02
  2755      1  4.2E-01   2757 (2.1E-10) 6.0E-03  4.4658934E-01    144 5.1E+02
  2756      1  1.0E+00   2758 (2.2E-10) 8.6E-03  4.4658933E-01    144 5.1E+02
  2757      2  1.0E+00   2759 (2.1E-10) 1.3E-02  4.4658932E-01    144 5.1E+02
  2758      1  1.0E+00   2760 (7.2E-10) 8.4E-03  4.4658929E-01    144 5.1E+02
  2759      1  1.0E+00   2761 (2.6E-09) 8.6E-03  4.4658926E-01    144 5.1E+02

 Major Minors     Step   nCon Feasible  Optimal  MeritFunction     nS Penalty
  2760      1  1.0E+00   2762 (7.2E-09) 1.1E-02  4.4658917E-01    144 5.1E+02
  2761      1  2.7E-02   2763 (7.1E-09) 1.1E-02  4.4658917E-01    144 5.1E+02
  2762      2  1.3E-01   2764 (6.2E-09) 9.5E-03  4.4658916E-01    144 5.1E+02   R
  2763      1  1.0E+00   2765 (6.4E-10) 4.6E-03  4.4658912E-01    144 5.1E+02 s
  2764      1  1.0E+00   2766 (8.1E-10) 1.5E-02  4.4658910E-01    144 5.1E+02
  2765      1  1.0E+00   2767 (9.9E-10) 9.0E-03  4.4658904E-01    144 5.1E+02
  2766      1  3.9E-01   2768 (1.0E-09) 6.5E-03  4.4658897E-01    144 5.1E+02
  2767      1  3.4E-01   2769 (7.6E-10) 1.4E-02  4.4658892E-01    144 5.1E+02
  2768      1  1.0E+00   2770 (7.6E-09) 7.5E-02  4.4658884E-01    144 5.1E+02
  2769      1  1.0E+00   2771 (2.0E-09) 7.3E-03  4.4658866E-01    144 5.1E+02

 Major Minors     Step   nCon Feasible  Optimal  MeritFunction     nS Penalty
  2770      1  1.0E+00   2772 (4.3E-09) 8.2E-03  4.4658846E-01    144 5.1E+02
  2771      1  1.0E+00   2773 (1.3E-07) 2.4E-02  4.4658799E-01    144 5.1E+02
  2772      1  1.0E+00   2774 (8.1E-09) 3.6E-02  4.4658789E-01    144 5.1E+02
  2773      1  1.0E+00   2775 (8.7E-09) 2.8E-02  4.4658786E-01    144 5.1E+02   R
  2774      1  4.9E-01   2776 (5.3E-09) 6.3E-03  4.4658774E-01    144 5.1E+02 s
  2775      1  1.0E+00   2777 (9.0E-10) 5.5E-03  4.4658771E-01    144 5.1E+02
  2776      1  1.0E+00   2778 (3.0E-09) 9.3E-03  4.4658765E-01    144 5.1E+02
  2777      1  4.9E-02   2779 (2.8E-09) 9.7E-03  4.4658765E-01    144 5.1E+02
  2778      1  3.4E-02   2780 (2.8E-09) 1.0E-02  4.4658764E-01    144 5.1E+02
  2779      1  3.3E-02   2781 (2.7E-09) 1.0E-02  4.4658764E-01    144 5.1E+02

 Major Minors     Step   nCon Feasible  Optimal  MeritFunction     nS Penalty
  2780      1  4.3E-02   2782 (2.6E-09) 9.9E-03  4.4658763E-01    144 5.1E+02
  2781      1  3.4E-02   2783 (2.5E-09) 9.7E-03  4.4658762E-01    144 5.1E+02
  2782      1  6.4E-02   2784 (2.4E-09) 9.2E-03  4.4658762E-01    144 5.1E+02
  2783      1  1.0E-01   2785 (2.2E-09) 8.4E-03  4.4658761E-01    144 5.1E+02
  2784      1  4.6E-01   2786 (1.4E-09) 4.9E-03  4.4658759E-01    144 5.1E+02   R
  2785      1  1.0E+00   2787 (4.0E-11) 5.3E-03  4.4658759E-01    144 5.1E+02 s
  2786      1  1.0E+00   2788 (1.9E-10) 4.5E-03  4.4658759E-01    144 5.1E+02
  2787      1  1.0E+00   2789 (5.2E-11) 4.2E-03  4.4658758E-01    144 5.1E+02
  2788      1  1.0E+00   2790 (3.9E-11) 2.4E-03  4.4658758E-01    144 5.1E+02
  2789      1  1.0E+00   2791 (1.4E-10) 2.3E-03  4.4658757E-01    144 5.1E+02

 Major Minors     Step   nCon Feasible  Optimal  MeritFunction     nS Penalty
  2790      1  1.0E+00   2792 (8.2E-11) 2.4E-03  4.4658757E-01    144 5.1E+02
  2791      1  1.0E+00   2793 (8.0E-11) 1.6E-03  4.4658757E-01    144 5.1E+02
  2792      1  1.0E+00   2794 (5.9E-11) 2.2E-03  4.4658756E-01    144 5.1E+02
  2793      1  1.0E+00   2795 (1.3E-10) 3.5E-03  4.4658756E-01    144 5.1E+02
  2794      1  1.0E+00   2796 (8.4E-10) 4.2E-03  4.4658755E-01    144 5.1E+02
  2795      1  1.0E+00   2797 (1.4E-10) 2.0E-03  4.4658754E-01    144 5.1E+02   R
  2796      1  1.0E+00   2798 (4.7E-12) 8.7E-04  4.4658754E-01    144 5.1E+02 s
  2797      1  1.0E+00   2799 (1.3E-11) 1.3E-03  4.4658754E-01    144 5.1E+02
  2798      1  1.0E+00   2800 (3.1E-11) 2.0E-03  4.4658754E-01    144 5.1E+02
  2799      1  1.0E+00   2801 (2.4E-11) 1.4E-03  4.4658754E-01    144 5.1E+02

 Major Minors     Step   nCon Feasible  Optimal  MeritFunction     nS Penalty
  2800      1  1.0E+00   2802 (1.6E-11) 1.2E-03  4.4658754E-01    144 5.1E+02
  2801      1  1.0E+00   2803 (2.3E-10) 2.7E-03  4.4658753E-01    144 5.1E+02
  2802      1  1.0E+00   2804 (7.8E-11) 3.8E-03  4.4658753E-01    144 5.1E+02
  2803      1  1.0E+00   2805 (2.6E-11) 2.0E-03  4.4658752E-01    144 5.1E+02
  2804      1  4.7E-02   2806 (2.5E-11) 1.9E-03  4.4658752E-01    144 5.1E+02
  2805      1  3.6E-02   2807 (2.2E-11) 1.7E-03  4.4658752E-01    144 5.1E+02
  2806      1  2.8E-02   2808 (1.9E-11) 1.6E-03  4.4658752E-01    144 5.1E+02   R
  2807      1  1.0E+00   2809 (8.8E-12) 7.5E-04  4.4658752E-01    144 5.1E+02 s
  2808      1  1.0E+00   2810 (8.5E-12) 4.3E-04  4.4658752E-01    144 5.1E+02
  2809      1  1.0E+00   2811 (4.9E-12) 4.8E-04  4.4658752E-01    144 5.1E+02

 Major Minors     Step   nCon Feasible  Optimal  MeritFunction     nS Penalty
  2810      1  7.5E-02   2812 (4.8E-12) 5.0E-04  4.4658752E-01    144 5.1E+02
  2811      1  4.9E-02   2813 (4.8E-12) 5.2E-04  4.4658752E-01    144 5.1E+02
  2812      1  4.5E-02   2814 (4.9E-12) 5.2E-04  4.4658752E-01    144 5.1E+02
  2813      1  5.0E-02   2815 (4.9E-12) 5.1E-04  4.4658752E-01    144 5.1E+02
  2814      1  6.4E-02   2816 (5.1E-12) 4.8E-04  4.4658752E-01    144 5.1E+02
  2815      1  9.6E-02   2817 (5.4E-12) 4.3E-04  4.4658752E-01    144 5.1E+02
  2816      1  1.4E-01   2818 (6.5E-12) 3.6E-04  4.4658752E-01    144 5.1E+02
  2817      1  1.7E-01   2819 (1.0E-11) 3.8E-04  4.4658752E-01    144 5.1E+02   R
  2818      1  1.0E+00   2820 (5.9E-13) 3.6E-04  4.4658752E-01    144 5.1E+02 s
  2819      1  1.0E+00   2821 (8.4E-12) 5.0E-04  4.4658752E-01    144 5.1E+02

 Major Minors     Step   nCon Feasible  Optimal  MeritFunction     nS Penalty
  2820      1  1.0E+00   2822 (4.5E-11) 9.1E-04  4.4658751E-01    144 5.1E+02
  2821      1  3.1E-01   2823 (6.4E-11) 9.1E-04  4.4658751E-01    144 5.1E+02
  2822      1  1.0E+00   2824 (1.3E-10) 1.4E-03  4.4658751E-01    144 5.1E+02
  2823      1  1.0E+00   2825 (6.8E-11) 2.0E-03  4.4658751E-01    144 5.1E+02
  2824      1  1.0E+00   2826 (1.6E-10) 1.5E-03  4.4658750E-01    144 5.1E+02
  2825      1  1.0E+00   2827 (1.2E-10) 1.8E-03  4.4658750E-01    144 5.1E+02
  2826      1  1.0E+00   2828 (5.0E-09) 4.2E-03  4.4658748E-01    144 5.1E+02
  2827      1  1.0E+00   2829 (3.3E-08) 9.9E-03  4.4658744E-01    144 5.1E+02
  2828      1  1.0E-01   2830 (3.0E-08) 9.8E-03  4.4658744E-01    144 5.1E+02   R
  2829      1  1.0E+00   2831 (2.3E-10) 8.5E-03  4.4658742E-01    144 5.1E+02 s

 Major Minors     Step   nCon Feasible  Optimal  MeritFunction     nS Penalty
  2830      1  1.0E+00   2832 (1.3E-10) 4.0E-03  4.4658741E-01    144 5.1E+02
  2831      1  1.0E+00   2833 (9.0E-11) 2.2E-03  4.4658741E-01    144 5.1E+02
  2832      1  1.0E+00   2834 (7.0E-11) 3.3E-03  4.4658740E-01    144 5.1E+02
  2833      1  1.0E+00   2835 (1.2E-10) 1.5E-03  4.4658740E-01    144 5.1E+02
  2834      1  1.0E+00   2836 (1.8E-10) 3.0E-03  4.4658739E-01    144 5.1E+02
  2835      1  1.0E+00   2837 (1.5E-09) 2.2E-03  4.4658739E-01    144 5.1E+02
  2836      1  4.9E-01   2838 (1.3E-09) 1.9E-03  4.4658738E-01    144 5.1E+02
  2837      1  4.7E-01   2839 (8.6E-10) 1.9E-03  4.4658738E-01    144 5.1E+02
  2838      1  1.0E+00   2840 (3.1E-11) 1.8E-03  4.4658738E-01    144 5.1E+02
  2839      1  1.0E+00   2841 (1.5E-10) 1.7E-03  4.4658738E-01    144 5.1E+02   R

 Major Minors     Step   nCon Feasible  Optimal  MeritFunction     nS Penalty
  2840      1  1.0E+00   2842 (9.2E-12) 1.3E-03  4.4658738E-01    144 5.1E+02 s
  2841      1  1.0E+00   2843 (1.5E-11) 1.2E-03  4.4658738E-01    144 5.1E+02
  2842      1  1.0E+00   2844 (2.7E-10) 1.4E-03  4.4658737E-01    144 5.1E+02
  2843      1  1.0E+00   2845 (1.5E-10) 1.5E-03  4.4658737E-01    144 5.1E+02
  2844      1  1.0E+00   2846 (3.4E-10) 1.8E-03  4.4658737E-01    144 5.1E+02
  2845      1  1.0E+00   2847 (2.6E-10) 2.1E-03  4.4658736E-01    144 5.1E+02
  2846      1  1.0E+00   2848 (5.5E-11) 3.2E-03  4.4658736E-01    144 5.1E+02
  2847      1  1.0E+00   2849 (5.2E-11) 2.3E-03  4.4658736E-01    144 5.1E+02
  2848      1  1.0E+00   2850 (2.7E-09) 2.6E-03  4.4658734E-01    144 5.1E+02
  2849      1  4.8E-02   2851 (2.6E-09) 2.6E-03  4.4658733E-01    144 5.1E+02

 Major Minors     Step   nCon Feasible  Optimal  MeritFunction     nS Penalty
  2850      1  3.0E-02   2852 (2.6E-09) 2.7E-03  4.4658733E-01    144 5.1E+02   R
  2851      2  1.0E+00   2853 (1.2E-10) 2.0E-03  4.4658732E-01    145 5.1E+02 s
  2852      1  1.0E+00   2854 (7.5E-10) 2.8E-03  4.4658731E-01    145 5.1E+02
  2853      3  1.0E+00   2855 (1.8E-10) 2.7E-03  4.4658731E-01    144 5.1E+02
  2854      1  1.0E+00   2856 (1.3E-10) 2.2E-03  4.4658731E-01    144 5.1E+02
  2855      1  1.0E+00   2857 (1.4E-10) 1.9E-03  4.4658730E-01    144 5.1E+02
  2856      1  1.0E+00   2858 (3.7E-10) 1.5E-03  4.4658730E-01    144 5.1E+02
  2857      1  1.0E+00   2859 (1.5E-09) 1.8E-03  4.4658730E-01    144 5.1E+02
  2858      1  1.0E+00   2860 (1.1E-09) 2.5E-03  4.4658729E-01    144 5.1E+02
  2859      2  1.0E+00   2861 (2.7E-11) 2.2E-03  4.4658729E-01    145 5.1E+02

 Major Minors     Step   nCon Feasible  Optimal  MeritFunction     nS Penalty
  2860      1  8.5E-02   2862 (3.2E-11) 2.0E-03  4.4658729E-01    145 5.1E+02
  2861      1  4.3E-02   2863 (3.5E-11) 1.8E-03  4.4658728E-01    145 5.1E+02   R
  2862      1  1.0E+00   2864 (5.4E-11) 3.2E-03  4.4658728E-01    145 5.1E+02 s
  2863      3  1.0E+00   2865 (3.2E-11) 1.3E-03  4.4658728E-01    144 5.1E+02
  2864      1  1.0E+00   2866 (4.3E-10) 3.3E-03  4.4658728E-01    144 5.1E+02
  2865      1  1.0E+00   2867 (3.2E-10) 2.5E-03  4.4658728E-01    144 5.1E+02
  2866      2  1.0E+00   2868 (2.3E-11) 9.1E-04  4.4658727E-01    145 5.1E+02
  2867      1  1.0E+00   2869 (2.9E-10) 6.3E-04  4.4658727E-01    145 5.1E+02
  2868      1  1.0E+00   2870 (9.2E-09) 1.9E-03  4.4658726E-01    145 5.1E+02
  2869      1  1.0E+00   2871 (2.2E-11) 1.8E-03  4.4658726E-01    145 5.1E+02

 Major Minors     Step   nCon Feasible  Optimal  MeritFunction     nS Penalty
  2870      1  1.0E+00   2872 (3.7E-11) 2.9E-03  4.4658725E-01    145 5.1E+02
  2871      3  1.0E+00   2873 (2.8E-09) 5.6E-03  4.4658723E-01    144 5.1E+02
  2872      1  1.0E+00   2874 (1.7E-09) 5.2E-03  4.4658722E-01    144 5.1E+02   R
  2873      1  1.0E+00   2875 (3.0E-10) 2.7E-03  4.4658721E-01    144 5.1E+02 s
  2874      1  1.0E+00   2876 (2.5E-09) 7.6E-03  4.4658719E-01    144 5.1E+02
  2875      1  1.0E+00   2877 (9.2E-10) 2.3E-03  4.4658718E-01    144 5.1E+02
  2876      1  1.0E+00   2878 (1.1E-09) 5.2E-03  4.4658717E-01    144 5.1E+02
  2877      1  1.0E+00   2879 (6.5E-09) 3.0E-03  4.4658716E-01    144 5.1E+02
  2878      1  1.0E+00   2880 (7.4E-09) 2.6E-03  4.4658715E-01    144 5.1E+02
  2879      1  1.0E+00   2881 (2.9E-09) 3.6E-03  4.4658714E-01    144 5.1E+02

 Major Minors     Step   nCon Feasible  Optimal  MeritFunction     nS Penalty
  2880      1  1.0E+00   2882 (6.4E-10) 2.9E-03  4.4658713E-01    144 5.1E+02
  2881      1  1.0E+00   2883 (1.8E-09) 2.9E-03  4.4658710E-01    144 5.1E+02
  2882      2  1.0E+00   2884 (2.6E-09) 3.3E-03  4.4658706E-01    145 5.1E+02
  2883      1  1.0E+00   2885 (1.9E-08) 6.0E-03  4.4658697E-01    145 5.1E+02   R
  2884      1  1.0E+00   2886 (1.6E-09) 5.8E-03  4.4658691E-01    145 5.1E+02 s
  2885      3  1.0E+00   2887 (1.4E-08) 8.5E-03  4.4658682E-01    144 5.1E+02
  2886      1  1.0E+00   2888 (3.2E-08) 2.5E-02  4.4658678E-01    144 5.1E+02
  2887      2  1.0E+00   2889 (1.2E-08) 7.0E-03  4.4658667E-01    145 5.1E+02
  2888      2  1.0E+00   2890 (2.3E-08) 8.7E-03  4.4658658E-01    144 5.1E+02
  2889      2  4.3E-01   2891 (1.7E-08) 1.0E-02  4.4658653E-01    145 5.1E+02

 Major Minors     Step   nCon Feasible  Optimal  MeritFunction     nS Penalty
  2890      2  1.0E+00   2892 (4.0E-09) 1.9E-02  4.4658643E-01    144 5.1E+02
  2891      1  3.0E-01   2893 (4.2E-09) 1.1E-02  4.4658637E-01    144 5.1E+02
  2892      1  2.4E-01   2894 (4.1E-09) 1.1E-02  4.4658631E-01    144 5.1E+02
  2893      1  7.4E-02   2895 (5.0E-09) 1.1E-02  4.4658624E-01    144 5.1E+02
  2894      1  1.0E+00   2896 (2.6E-08) 2.4E-02  4.4658614E-01    144 5.1E+02   R
  2895      1  1.0E+00   2897 (9.9E-09) 1.9E-02  4.4658600E-01    144 5.1E+02 s
  2896      2  1.0E+00   2898 (4.5E-09) 5.9E-03  4.4658582E-01    145 5.1E+02
  2897      1  1.0E+00   2899 (1.9E-08) 8.1E-03  4.4658564E-01    145 5.1E+02
  2898      2  1.0E+00   2900 (1.6E-08) 1.5E-02  4.4658554E-01    144 5.1E+02
  2899      1  1.0E+00   2901 (1.4E-09) 8.8E-03  4.4658546E-01    144 5.1E+02

 Major Minors     Step   nCon Feasible  Optimal  MeritFunction     nS Penalty
  2900      1  1.0E+00   2902 (2.8E-09) 7.4E-03  4.4658541E-01    144 5.1E+02
  2901      1  1.0E+00   2903 (1.7E-09) 4.1E-03  4.4658539E-01    144 5.1E+02
  2902      1  1.0E+00   2904 (3.5E-10) 3.8E-03  4.4658538E-01    144 5.1E+02
  2903      1  1.0E+00   2905 (2.7E-10) 2.6E-03  4.4658537E-01    144 5.1E+02
  2904      1  1.0E+00   2906 (7.6E-10) 2.5E-03  4.4658536E-01    144 5.1E+02
  2905      1  1.0E+00   2907 (3.2E-10) 3.9E-03  4.4658536E-01    144 5.1E+02   R
  2906      1  1.0E+00   2908 (1.3E-10) 2.6E-03  4.4658535E-01    144 5.1E+02 s
  2907      1  1.0E+00   2909 (5.8E-10) 3.8E-03  4.4658534E-01    144 5.1E+02
  2908      1  1.0E+00   2910 (8.7E-10) 1.6E-03  4.4658533E-01    144 5.1E+02
  2909      1  1.0E+00   2911 (4.0E-10) 3.2E-03  4.4658532E-01    144 5.1E+02

 Major Minors     Step   nCon Feasible  Optimal  MeritFunction     nS Penalty
  2910      1  1.0E+00   2912 (2.8E-10) 3.4E-03  4.4658532E-01    144 5.1E+02
  2911      1  1.0E+00   2913 (4.3E-10) 1.9E-03  4.4658531E-01    144 5.1E+02
  2912      1  1.0E+00   2914 (1.2E-10) 9.5E-04  4.4658531E-01    144 5.1E+02
  2913      1  1.0E+00   2915 (4.3E-11) 2.9E-03  4.4658531E-01    144 5.1E+02
  2914      1  1.0E+00   2916 (2.2E-10) 3.0E-03  4.4658531E-01    144 5.1E+02
  2915      1  1.0E+00   2917 (7.4E-11) 1.3E-03  4.4658531E-01    144 5.1E+02
  2916      1  1.0E+00   2918 (2.0E-10) 1.5E-03  4.4658530E-01    144 5.1E+02   R
  2917      1  1.0E+00   2919 (4.7E-11) 1.4E-03  4.4658530E-01    144 5.1E+02 s
  2918      1  1.0E+00   2920 (1.3E-11) 1.0E-03  4.4658530E-01    144 5.1E+02
  2919      1  1.0E+00   2921 (4.2E-11) 8.2E-04  4.4658530E-01    144 5.1E+02

 Major Minors     Step   nCon Feasible  Optimal  MeritFunction     nS Penalty
  2920      1  1.0E+00   2922 (3.9E-11) 1.9E-03  4.4658530E-01    144 5.1E+02
  2921      1  1.0E+00   2923 (5.2E-11) 1.5E-03  4.4658530E-01    144 5.1E+02
  2922      1  1.0E+00   2924 (1.4E-11) 1.3E-03  4.4658530E-01    144 5.1E+02
  2923      1  1.0E+00   2925 (1.4E-11) 2.1E-03  4.4658530E-01    144 5.1E+02
  2924      1  1.0E+00   2926 (9.5E-11) 3.0E-03  4.4658529E-01    144 5.1E+02
  2925      1  1.0E+00   2927 (3.1E-10) 5.0E-03  4.4658529E-01    144 5.1E+02
  2926      1  1.4E-01   2928 (2.7E-10) 4.5E-03  4.4658529E-01    144 5.1E+02
  2927      1  2.3E-02   2929 (2.6E-10) 4.0E-03  4.4658529E-01    144 5.1E+02   R
  2928      1  1.0E+00   2930 (1.0E-10) 5.3E-03  4.4658528E-01    144 5.1E+02 s
  2929      1  1.0E+00   2931 (3.9E-11) 2.3E-03  4.4658528E-01    144 5.1E+02

 Major Minors     Step   nCon Feasible  Optimal  MeritFunction     nS Penalty
  2930      1  1.0E+00   2932 (3.8E-11) 7.5E-04  4.4658528E-01    144 5.1E+02
  2931      1  1.0E+00   2933 (1.6E-11) 6.6E-04  4.4658528E-01    144 5.1E+02
  2932      1  1.0E+00   2934 (6.0E-11) 7.5E-04  4.4658528E-01    144 5.1E+02
  2933      1  1.0E+00   2935 (2.5E-12) 6.8E-04  4.4658528E-01    144 5.1E+02
  2934      1  1.0E+00   2936 (5.1E-11) 6.6E-04  4.4658527E-01    144 5.1E+02
  2935      1  1.0E+00   2937 (2.1E-10) 6.9E-04  4.4658527E-01    144 5.1E+02
  2936      1  1.0E+00   2938 (4.5E-10) 7.7E-04  4.4658527E-01    144 5.1E+02
  2937      1  1.0E+00   2939 (9.6E-10) 1.3E-03  4.4658527E-01    144 5.1E+02
  2938      1  1.0E+00   2940 (1.8E-09) 1.6E-03  4.4658527E-01    144 5.1E+02   R
  2939      1  1.0E+00   2941 (1.4E-11) 1.3E-03  4.4658526E-01    144 5.1E+02 s

 Major Minors     Step   nCon Feasible  Optimal  MeritFunction     nS Penalty
  2940      1  1.0E+00   2942 (7.6E-10) 2.9E-03  4.4658526E-01    144 5.1E+02
  2941      1  1.0E+00   2943 (4.0E-11) 1.6E-03  4.4658526E-01    144 5.1E+02
  2942      1  1.0E+00   2944 (2.5E-10) 1.2E-03  4.4658526E-01    144 5.1E+02
  2943      1  1.0E+00   2945 (6.2E-11) 1.7E-03  4.4658525E-01    144 5.1E+02
  2944      1  1.0E+00   2946 (1.5E-09) 6.4E-03  4.4658525E-01    144 5.1E+02
  2945      1  1.0E+00   2947 (7.2E-11) 2.0E-03  4.4658524E-01    144 5.1E+02
  2946      1  1.0E+00   2948 (3.6E-10) 2.7E-03  4.4658524E-01    144 5.1E+02
  2947      1  1.0E+00   2949 (1.6E-10) 2.7E-03  4.4658524E-01    144 5.1E+02
  2948      1  1.0E+00   2950 (1.9E-10) 2.1E-03  4.4658523E-01    144 5.1E+02
  2949      1  1.0E+00   2951 (2.5E-10) 1.1E-03  4.4658523E-01    144 5.1E+02   R

 Major Minors     Step   nCon Feasible  Optimal  MeritFunction     nS Penalty
  2950      1  1.0E+00   2952 (9.2E-11) 1.6E-03  4.4658523E-01    144 5.1E+02 s
  2951      1  1.0E+00   2953 (2.1E-12) 5.7E-04  4.4658523E-01    144 5.1E+02
  2952      1  1.0E+00   2954 (1.8E-11) 3.8E-04  4.4658523E-01    144 5.1E+02
  2953      1  1.0E+00   2955 (5.6E-11) 1.5E-03  4.4658523E-01    144 5.1E+02
  2954      1  1.0E+00   2956 (6.4E-11) 2.4E-03  4.4658523E-01    144 5.1E+02
  2955      1  1.0E+00   2957 (7.6E-10) 2.8E-03  4.4658522E-01    144 5.1E+02
  2956      2  1.0E+00   2958 (1.4E-10) 1.8E-03  4.4658522E-01    145 5.1E+02
  2957      1  1.0E+00   2959 (7.2E-10) 8.8E-04  4.4658522E-01    145 5.1E+02
  2958      1  1.0E+00   2960 (6.1E-09) 2.3E-03  4.4658521E-01    145 5.1E+02
  2959      1  4.1E-01   2961 (8.0E-09) 3.2E-03  4.4658520E-01    145 5.1E+02

 Major Minors     Step   nCon Feasible  Optimal  MeritFunction     nS Penalty
  2960      1  4.2E-02   2962 (8.1E-09) 3.3E-03  4.4658520E-01    145 5.1E+02   R
  2961      2  1.0E+00   2963 (2.1E-10) 1.2E-03  4.4658519E-01    144 5.1E+02 s
  2962      1  4.4E-01   2964 (1.1E-10) 1.2E-03  4.4658519E-01    144 5.1E+02
  2963      2  1.0E+00   2965 (4.7E-11) 1.6E-03  4.4658519E-01    145 5.1E+02
  2964      1  1.0E+00   2966 (7.9E-11) 1.3E-03  4.4658519E-01    145 5.1E+02
  2965      2  1.0E+00   2967 (3.1E-11) 1.2E-03  4.4658519E-01    144 5.1E+02
  2966      1  1.0E+00   2968 (7.8E-10) 3.2E-03  4.4658518E-01    144 5.1E+02
  2967      2  1.0E+00   2969 (2.7E-10) 3.8E-03  4.4658518E-01    145 5.1E+02
  2968      1  1.0E+00   2970 (3.2E-09) 5.5E-03  4.4658517E-01    145 5.1E+02
  2969      1  1.0E+00   2971 (9.4E-10) 3.8E-03  4.4658516E-01    145 5.1E+02

 Major Minors     Step   nCon Feasible  Optimal  MeritFunction     nS Penalty
  2970      1  1.0E+00   2972 (3.4E-09) 6.9E-03  4.4658515E-01    145 5.1E+02
  2971      3  1.0E+00   2973 (1.1E-10) 2.5E-03  4.4658514E-01    144 5.1E+02   R
  2972      1  1.0E+00   2974 (2.3E-11) 1.8E-03  4.4658514E-01    144 5.1E+02 s
  2973      2  1.0E+00   2975 (4.9E-12) 1.4E-03  4.4658514E-01    145 5.1E+02
  2974      1  1.0E+00   2976 (1.7E-10) 3.1E-03  4.4658514E-01    145 5.1E+02
  2975      1  1.0E+00   2977 (7.7E-12) 1.7E-03  4.4658513E-01    145 5.1E+02
  2976      3  1.0E+00   2978 (3.1E-11) 8.0E-04  4.4658513E-01    144 5.1E+02
  2977      1  1.0E+00   2979 (2.2E-10) 9.3E-04  4.4658513E-01    144 5.1E+02
  2978      1  1.0E+00   2980 (2.9E-11) 1.1E-03  4.4658513E-01    144 5.1E+02
  2979      1  1.0E+00   2981 (2.7E-11) 9.0E-04  4.4658513E-01    144 5.1E+02

 Major Minors     Step   nCon Feasible  Optimal  MeritFunction     nS Penalty
  2980      1  1.0E+00   2982 (6.3E-11) 2.2E-03  4.4658513E-01    144 5.1E+02
  2981      1  1.0E+00   2983 (1.1E-10) 2.8E-03  4.4658512E-01    144 5.1E+02
  2982      1  1.0E+00   2984 (5.1E-10) 3.6E-03  4.4658511E-01    144 5.1E+02   R
  2983      1  1.0E+00   2985 (7.9E-11) 1.9E-03  4.4658511E-01    144 5.1E+02 s
  2984      1  1.0E+00   2986 (2.2E-11) 2.0E-03  4.4658511E-01    144 5.1E+02
  2985      1  1.0E+00   2987 (5.4E-11) 1.3E-03  4.4658510E-01    144 5.1E+02
  2986      1  1.0E+00   2988 (1.0E-11) 1.2E-03  4.4658510E-01    144 5.1E+02
  2987      1  1.0E+00   2989 (5.9E-11) 8.3E-04  4.4658510E-01    144 5.1E+02
  2988      1  1.0E+00   2990 (4.2E-11) 6.2E-04  4.4658510E-01    144 5.1E+02
  2989      1  1.0E+00   2991 (8.3E-11) 1.1E-03  4.4658510E-01    144 5.1E+02

 Major Minors     Step   nCon Feasible  Optimal  MeritFunction     nS Penalty
  2990      1  1.0E+00   2992 (9.4E-11) 1.9E-03  4.4658510E-01    144 5.1E+02
  2991      1  1.0E+00   2993 (6.2E-10) 2.8E-03  4.4658509E-01    144 5.1E+02
  2992      1  1.0E+00   2994 (1.0E-09) 2.9E-03  4.4658509E-01    144 5.1E+02
  2993      1  1.0E+00   2995 (2.7E-10) 1.9E-03  4.4658508E-01    144 5.1E+02   R
  2994      1  1.0E+00   2996 (2.7E-11) 1.5E-03  4.4658508E-01    144 5.1E+02 s
  2995      1  1.0E+00   2997 (5.2E-10) 2.4E-03  4.4658508E-01    144 5.1E+02
  2996      1  1.0E+00   2998 (2.7E-10) 1.3E-03  4.4658507E-01    144 5.1E+02
  2997      1  1.0E+00   2999 (2.8E-10) 1.8E-03  4.4658507E-01    144 5.1E+02
  2998      1  1.0E+00   3000 (4.1E-10) 1.2E-03  4.4658507E-01    144 5.1E+02
  2999      1  1.0E+00   3001 (4.7E-10) 1.6E-03  4.4658506E-01    144 5.1E+02

 Major Minors     Step   nCon Feasible  Optimal  MeritFunction     nS Penalty
  3000      1  1.0E+00   3002 (2.8E-10) 1.6E-03  4.4658506E-01    144 5.1E+02
  3001      1  1.0E+00   3003 (9.0E-11) 1.8E-03  4.4658506E-01    144 5.1E+02
  3002      1  1.0E+00   3004 (5.6E-11) 2.6E-03  4.4658506E-01    144 5.1E+02
  3003      1  1.0E+00   3005 (4.0E-10) 3.1E-03  4.4658505E-01    144 5.1E+02
  3004      1  1.0E+00   3006 (1.8E-09) 3.4E-03  4.4658503E-01    144 5.1E+02   R
  3005      1  1.0E+00   3007 (8.3E-10) 6.1E-03  4.4658502E-01    144 5.1E+02 s
  3006      1  1.0E+00   3008 (2.4E-10) 8.1E-04  4.4658502E-01    144 5.1E+02
  3007      2  1.0E+00   3009 (6.1E-11) 1.4E-03  4.4658501E-01    145 5.1E+02
  3008      1  1.0E+00   3010 (2.0E-10) 1.0E-03  4.4658501E-01    145 5.1E+02
  3009      2  1.0E+00   3011 (1.7E-10) 6.5E-04  4.4658501E-01    144 5.1E+02

 Major Minors     Step   nCon Feasible  Optimal  MeritFunction     nS Penalty
  3010      1  1.0E+00   3012 (6.8E-10) 1.6E-03  4.4658501E-01    144 5.1E+02
  3011      1  1.0E+00   3013 (2.0E-09) 1.6E-03  4.4658500E-01    144 5.1E+02
  3012      1  1.0E+00   3014 (1.6E-09) 1.7E-03  4.4658500E-01    144 5.1E+02
  3013      1  1.0E+00   3015 (2.4E-10) 9.8E-04  4.4658500E-01    144 5.1E+02
  3014      1  1.0E+00   3016 (5.6E-11) 9.2E-04  4.4658499E-01    144 5.1E+02
  3015      1  1.0E+00   3017 (6.5E-11) 9.3E-04  4.4658499E-01    144 5.1E+02   R
  3016      1  1.0E+00   3018 (3.7E-11) 7.9E-04  4.4658499E-01    144 5.1E+02 s
  3017      1  1.0E+00   3019 (1.7E-10) 8.5E-04  4.4658499E-01    144 5.1E+02
  3018      1  1.0E+00   3020 (7.7E-10) 2.1E-03  4.4658498E-01    144 5.1E+02
  3019      1  1.0E+00   3021 (3.6E-10) 1.0E-03  4.4658498E-01    144 5.1E+02

 Major Minors     Step   nCon Feasible  Optimal  MeritFunction     nS Penalty
  3020      1  1.0E+00   3022 (6.3E-10) 1.8E-03  4.4658498E-01    144 5.1E+02
  3021      1  1.0E+00   3023 (3.1E-09) 2.8E-03  4.4658497E-01    144 5.1E+02
  3022      1  1.0E+00   3024 (3.7E-09) 5.5E-03  4.4658497E-01    144 5.1E+02
  3023      1  1.0E+00   3025 (8.0E-10) 3.0E-03  4.4658496E-01    144 5.1E+02
  3024      1  1.0E+00   3026 (2.3E-10) 2.7E-03  4.4658496E-01    144 5.1E+02
  3025      1  1.0E+00   3027 (1.6E-09) 2.8E-03  4.4658494E-01    144 5.1E+02
  3026      1  1.0E+00   3028 (6.0E-09) 7.1E-03  4.4658492E-01    144 5.1E+02   R
  3027      1  1.0E+00   3029 (7.2E-10) 7.7E-03  4.4658491E-01    144 5.1E+02 s
  3028      1  1.0E+00   3030 (4.2E-10) 2.1E-03  4.4658490E-01    144 5.1E+02
  3029      2  1.0E+00   3031 (2.2E-10) 2.0E-03  4.4658489E-01    145 5.1E+02

 Major Minors     Step   nCon Feasible  Optimal  MeritFunction     nS Penalty
  3030      2  1.0E+00   3032 (1.5E-09) 1.7E-03  4.4658488E-01    144 5.1E+02
  3031      1  1.0E+00   3033 (4.3E-09) 2.4E-03  4.4658488E-01    144 5.1E+02
  3032      1  1.0E+00   3034 (3.2E-09) 1.6E-03  4.4658487E-01    144 5.1E+02
  3033      1  1.0E+00   3035 (1.8E-09) 2.0E-03  4.4658487E-01    144 5.1E+02
  3034      2  1.0E+00   3036 (9.0E-10) 2.6E-03  4.4658486E-01    145 5.1E+02
  3035      2  1.0E+00   3037 (4.0E-10) 1.3E-03  4.4658485E-01    144 5.1E+02
  3036      1  1.0E+00   3038 (1.1E-10) 2.0E-03  4.4658485E-01    144 5.1E+02
  3037      1  1.0E+00   3039 (2.4E-10) 2.2E-03  4.4658484E-01    144 5.1E+02   R
  3038      1  1.0E+00   3040 (1.2E-10) 2.3E-03  4.4658484E-01    144 5.1E+02 s
  3039      2  1.0E+00   3041 (2.9E-10) 1.7E-03  4.4658484E-01    145 5.1E+02

 Major Minors     Step   nCon Feasible  Optimal  MeritFunction     nS Penalty
  3040      2  1.0E+00   3042 (2.7E-09) 1.9E-03  4.4658483E-01    144 5.1E+02
  3041      1  1.0E+00   3043 (8.5E-10) 1.2E-03  4.4658482E-01    144 5.1E+02
  3042      1  1.0E+00   3044 (2.6E-09) 3.2E-03  4.4658482E-01    144 5.1E+02
  3043      2  1.0E+00   3045 (9.1E-09) 7.1E-03  4.4658481E-01    145 5.1E+02
  3044      1  1.0E+00   3046 (5.2E-09) 3.5E-03  4.4658480E-01    145 5.1E+02
  3045      2  1.0E+00   3047 (2.8E-10) 1.3E-03  4.4658479E-01    144 5.1E+02
  3046      2  1.0E+00   3048 (6.1E-10) 3.2E-03  4.4658478E-01    144 5.1E+02
  3047      1  1.0E+00   3049 (2.9E-09) 7.6E-03  4.4658475E-01    144 5.1E+02
  3048      1  1.0E+00   3050 (5.8E-09) 1.3E-02  4.4658473E-01    144 5.1E+02   R
  3049      1  1.0E+00   3051 (8.1E-10) 4.1E-03  4.4658469E-01    144 5.1E+02 s

 Major Minors     Step   nCon Feasible  Optimal  MeritFunction     nS Penalty
  3050      1  1.0E+00   3052 (4.9E-10) 3.4E-03  4.4658468E-01    144 5.1E+02
  3051      1  1.0E+00   3053 (8.2E-10) 4.1E-03  4.4658466E-01    144 5.1E+02
  3052      1  1.0E+00   3054 (6.3E-09) 4.1E-03  4.4658464E-01    144 5.1E+02
  3053      1  1.0E+00   3055 (2.2E-09) 4.2E-03  4.4658464E-01    144 5.1E+02
  3054      1  1.0E+00   3056 (2.6E-11) 2.2E-03  4.4658463E-01    144 5.1E+02
  3055      1  1.0E+00   3057 (6.2E-10) 2.3E-03  4.4658462E-01    144 5.1E+02
  3056      1  1.0E+00   3058 (6.3E-09) 3.3E-03  4.4658461E-01    144 5.1E+02
  3057      1  1.0E+00   3059 (5.0E-09) 2.2E-03  4.4658459E-01    144 5.1E+02
  3058      1  1.0E+00   3060 (1.1E-08) 3.8E-03  4.4658457E-01    144 5.1E+02
  3059      1  1.0E+00   3061 (2.9E-09) 3.4E-03  4.4658455E-01    144 5.1E+02   R

 Major Minors     Step   nCon Feasible  Optimal  MeritFunction     nS Penalty
  3060      1  1.0E+00   3062 (1.1E-09) 3.0E-03  4.4658453E-01    144 5.1E+02 s
  3061      1  1.0E+00   3063 (6.4E-08) 8.4E-03  4.4658448E-01    144 5.1E+02
  3062      1  4.3E-01   3064 (4.4E-08) 6.3E-03  4.4658445E-01    144 5.1E+02
  3063      1  1.0E+00   3065 (1.3E-09) 1.1E-02  4.4658444E-01    144 5.1E+02
  3064      1  4.2E-01   3066 (1.1E-09) 5.6E-03  4.4658442E-01    144 5.1E+02
  3065      1  1.0E+00   3067 (2.0E-09) 8.2E-03  4.4658440E-01    144 5.1E+02
  3066      1  1.0E+00   3068 (5.4E-09) 1.2E-02  4.4658437E-01    144 5.1E+02
  3067      1  1.0E+00   3069 (1.3E-08) 1.4E-02  4.4658435E-01    144 5.1E+02
  3068      1  1.0E+00   3070 (4.0E-09) 1.5E-02  4.4658427E-01    144 5.1E+02
  3069      1  1.0E+00   3071 (2.0E-08) 2.3E-02  4.4658427E-01    144 5.1E+02

 Major Minors     Step   nCon Feasible  Optimal  MeritFunction     nS Penalty
  3070      1  1.0E+00   3072 (8.3E-09) 1.7E-02  4.4658419E-01    144 5.1E+02   R
  3071      1  4.0E-01   3073 (5.5E-09) 5.4E-03  4.4658413E-01    144 5.1E+02 s
  3072      1  1.0E+00   3074 (3.6E-10) 2.1E-03  4.4658411E-01    144 5.1E+02
  3073      1  1.0E+00   3075 (1.7E-09) 5.5E-03  4.4658409E-01    144 5.1E+02
  3074      1  1.0E+00   3076 (5.2E-09) 8.3E-03  4.4658407E-01    144 5.1E+02
  3075      1  1.0E+00   3077 (5.6E-09) 5.8E-03  4.4658405E-01    144 5.1E+02
  3076      1  1.0E+00   3078 (1.2E-10) 3.0E-03  4.4658403E-01    144 5.1E+02
  3077      1  1.0E+00   3079 (6.6E-11) 2.9E-03  4.4658403E-01    144 5.1E+02
  3078      1  1.0E+00   3080 (1.9E-10) 2.8E-03  4.4658402E-01    144 5.1E+02
  3079      1  1.0E+00   3081 (7.3E-10) 1.2E-03  4.4658401E-01    144 5.1E+02

 Major Minors     Step   nCon Feasible  Optimal  MeritFunction     nS Penalty
  3080      1  1.0E+00   3082 (2.4E-10) 9.2E-04  4.4658401E-01    144 5.1E+02
  3081      1  1.0E+00   3083 (2.6E-10) 1.2E-03  4.4658401E-01    144 5.1E+02   R
  3082      1  1.0E+00   3084 (1.3E-11) 6.0E-04  4.4658401E-01    144 5.1E+02 s
  3083      1  1.0E+00   3085 (3.9E-10) 2.1E-03  4.4658401E-01    144 5.1E+02
  3084      1  1.0E+00   3086 (3.6E-10) 1.3E-03  4.4658401E-01    144 5.1E+02
  3085      2  1.0E+00   3087 (8.9E-11) 8.4E-04  4.4658400E-01    144 5.1E+02
  3086      1  1.0E+00   3088 (7.3E-10) 2.0E-03  4.4658400E-01    144 5.1E+02
  3087      1  1.0E+00   3089 (6.7E-10) 1.8E-03  4.4658400E-01    144 5.1E+02
  3088      1  1.0E+00   3090 (4.2E-11) 3.1E-03  4.4658400E-01    144 5.1E+02
  3089      1  1.0E+00   3091 (1.9E-10) 3.5E-03  4.4658400E-01    144 5.1E+02

 Major Minors     Step   nCon Feasible  Optimal  MeritFunction     nS Penalty
  3090      1  1.0E+00   3092 (8.7E-11) 1.8E-03  4.4658399E-01    144 5.1E+02
  3091      1  1.0E+00   3093 (7.0E-10) 5.7E-03  4.4658398E-01    144 5.1E+02
  3092      1  1.0E+00   3094 (3.2E-09) 4.8E-03  4.4658397E-01    144 5.1E+02   R
  3093      1  4.9E-01   3095 (1.6E-09) 1.7E-03  4.4658397E-01    144 5.1E+02 s
  3094      1  1.0E+00   3096 (4.2E-11) 1.2E-03  4.4658397E-01    144 5.1E+02
  3095      1  1.0E+00   3097 (4.8E-11) 1.8E-03  4.4658396E-01    144 5.1E+02
  3096      1  1.0E+00   3098 (1.6E-10) 1.7E-03  4.4658396E-01    144 5.1E+02
  3097      1  1.0E+00   3099 (7.6E-11) 6.3E-04  4.4658396E-01    144 5.1E+02
  3098      1  1.0E+00   3100 (6.2E-11) 8.4E-04  4.4658396E-01    144 5.1E+02
  3099      1  1.0E+00   3101 (1.1E-10) 2.0E-03  4.4658396E-01    144 5.1E+02

 Major Minors     Step   nCon Feasible  Optimal  MeritFunction     nS Penalty
  3100      1  1.0E+00   3102 (1.5E-10) 2.4E-03  4.4658396E-01    144 5.1E+02
  3101      1  1.0E+00   3103 (2.1E-11) 1.6E-03  4.4658395E-01    144 5.1E+02
  3102      1  1.0E+00   3104 (1.7E-10) 9.7E-04  4.4658395E-01    144 5.1E+02
  3103      1  1.0E+00   3105 (3.0E-11) 6.2E-04  4.4658395E-01    144 5.1E+02   R
  3104      1  1.0E+00   3106 (1.9E-12) 2.0E-03  4.4658395E-01    144 5.1E+02 s
  3105      1  1.0E+00   3107 (3.9E-10) 1.4E-03  4.4658395E-01    144 5.1E+02
  3106      1  4.3E-01   3108 (5.8E-10) 1.8E-03  4.4658395E-01    144 5.1E+02
  3107      1  4.6E-01   3109 (1.2E-09) 4.4E-03  4.4658394E-01    144 5.1E+02
  3108      1  1.0E+00   3110 (3.6E-09) 4.7E-03  4.4658394E-01    144 5.1E+02
  3109      1  4.5E-01   3111 (2.0E-09) 4.3E-03  4.4658393E-01    144 5.1E+02

 Major Minors     Step   nCon Feasible  Optimal  MeritFunction     nS Penalty
  3110      1  3.9E-01   3112 (2.4E-09) 4.6E-03  4.4658392E-01    144 5.1E+02
  3111      1  1.0E+00   3113 (2.2E-09) 5.0E-03  4.4658392E-01    144 5.1E+02
  3112      1  1.0E+00   3114 (3.5E-10) 7.6E-03  4.4658390E-01    144 5.1E+02
  3113      1  1.0E+00   3115 (5.9E-09) 2.2E-02  4.4658389E-01    144 5.1E+02
  3114      1  1.0E+00   3116 (5.7E-09) 1.5E-02  4.4658379E-01    144 5.1E+02   R
  3115      1  2.8E-01   3117 (4.4E-09) 7.5E-03  4.4658371E-01    144 5.1E+02 s
  3116      1  1.0E+00   3118 (1.2E-10) 4.3E-03  4.4658369E-01    144 5.1E+02
  3117      1  1.0E+00   3119 (6.4E-11) 1.1E-03  4.4658369E-01    144 5.1E+02
  3118      1  1.0E+00   3120 (9.2E-11) 1.7E-03  4.4658369E-01    144 5.1E+02
  3119      1  1.0E+00   3121 (3.7E-10) 2.0E-03  4.4658368E-01    144 5.1E+02

 Major Minors     Step   nCon Feasible  Optimal  MeritFunction     nS Penalty
  3120      1  1.0E+00   3122 (2.3E-10) 1.6E-03  4.4658368E-01    144 5.1E+02
  3121      1  1.0E+00   3123 (9.4E-11) 1.7E-03  4.4658368E-01    144 5.1E+02
  3122      1  1.0E+00   3124 (6.1E-11) 3.0E-03  4.4658368E-01    144 5.1E+02
  3123      1  1.0E+00   3125 (1.2E-10) 2.8E-03  4.4658367E-01    144 5.1E+02
  3124      1  1.0E+00   3126 (2.7E-10) 1.9E-03  4.4658367E-01    144 5.1E+02
  3125      1  1.0E+00   3127 (3.4E-10) 2.2E-03  4.4658366E-01    144 5.1E+02   R
  3126      1  1.0E+00   3128 (9.7E-12) 1.6E-03  4.4658366E-01    144 5.1E+02 s
  3127      1  4.0E-01   3129 (4.7E-11) 1.3E-03  4.4658366E-01    144 5.1E+02
  3128      1  1.0E+00   3130 (6.4E-11) 1.8E-03  4.4658366E-01    144 5.1E+02
  3129      1  1.0E+00   3131 (2.0E-11) 2.4E-03  4.4658365E-01    144 5.1E+02

 Major Minors     Step   nCon Feasible  Optimal  MeritFunction     nS Penalty
  3130      1  1.0E+00   3132 (2.0E-11) 1.7E-03  4.4658365E-01    144 5.1E+02
  3131      1  1.0E+00   3133 (1.1E-10) 3.8E-03  4.4658365E-01    144 5.1E+02
  3132      1  1.4E-01   3134 (9.5E-11) 2.8E-03  4.4658365E-01    144 5.1E+02
  3133      1  1.2E-01   3135 (9.4E-11) 2.8E-03  4.4658364E-01    144 5.1E+02
  3134      1  1.0E+00   3136 (1.5E-10) 2.9E-03  4.4658364E-01    144 5.1E+02
  3135      1  2.5E-01   3137 (1.8E-10) 8.0E-03  4.4658364E-01    144 5.1E+02
  3136      1  1.0E+00   3138 (1.2E-10) 3.2E-03  4.4658364E-01    144 5.1E+02   R
  3137      1  4.1E-01   3139 (8.6E-11) 2.8E-03  4.4658363E-01    144 5.1E+02 s
  3138      1  1.0E+00   3140 (9.2E-12) 1.3E-03  4.4658363E-01    144 5.1E+02
  3139      1  1.0E+00   3141 (2.2E-12) 9.2E-04  4.4658363E-01    144 5.1E+02

 Major Minors     Step   nCon Feasible  Optimal  MeritFunction     nS Penalty
  3140      1  1.0E+00   3142 (5.2E-11) 1.5E-03  4.4658362E-01    144 5.1E+02
  3141      1  1.0E+00   3143 (1.3E-10) 3.8E-03  4.4658362E-01    144 5.1E+02
  3142      1  1.0E+00   3144 (1.2E-10) 5.1E-03  4.4658361E-01    144 5.1E+02
  3143      1  1.0E+00   3145 (2.7E-11) 3.4E-03  4.4658361E-01    144 5.1E+02
  3144      1  1.0E+00   3146 (1.4E-10) 4.9E-03  4.4658360E-01    144 5.1E+02
  3145      1  1.0E+00   3147 (2.6E-10) 5.6E-03  4.4658359E-01    144 5.1E+02
  3146      1  1.0E+00   3148 (1.7E-09) 5.2E-03  4.4658357E-01    144 5.1E+02
  3147      1  1.0E+00   3149 (5.5E-09) 6.1E-03  4.4658354E-01    144 5.1E+02   R
  3148      1  1.0E+00   3150 (6.3E-11) 5.2E-03  4.4658353E-01    144 5.1E+02 s
  3149      1  1.0E+00   3151 (1.1E-09) 5.0E-03  4.4658351E-01    144 5.1E+02

 Major Minors     Step   nCon Feasible  Optimal  MeritFunction     nS Penalty
  3150      1  1.0E+00   3152 (4.7E-10) 5.8E-03  4.4658350E-01    144 5.1E+02
  3151      1  1.0E+00   3153 (2.5E-10) 3.0E-03  4.4658349E-01    144 5.1E+02
  3152      1  1.0E+00   3154 (1.8E-10) 4.0E-03  4.4658349E-01    144 5.1E+02
  3153      1  1.0E+00   3155 (2.8E-10) 2.1E-03  4.4658348E-01    144 5.1E+02
  3154      1  1.0E+00   3156 (1.5E-09) 4.8E-03  4.4658348E-01    144 5.1E+02
  3155      1  1.0E+00   3157 (9.2E-10) 3.0E-03  4.4658347E-01    144 5.1E+02
  3156      1  1.0E+00   3158 (1.4E-09) 3.7E-03  4.4658347E-01    144 5.1E+02
  3157      2  1.0E+00   3159 (2.7E-10) 3.3E-03  4.4658346E-01    145 5.1E+02
  3158      1  1.0E+00   3160 (6.1E-10) 5.4E-03  4.4658345E-01    145 5.1E+02   R
  3159      1  1.0E+00   3161 (6.3E-11) 3.8E-03  4.4658345E-01    145 5.1E+02 s

 Major Minors     Step   nCon Feasible  Optimal  MeritFunction     nS Penalty
  3160      1  1.0E+00   3162 (2.3E-11) 3.1E-03  4.4658344E-01    145 5.1E+02
  3161      1  1.0E+00   3163 (8.9E-11) 2.3E-03  4.4658344E-01    145 5.1E+02
  3162      2  1.0E+00   3164 (2.4E-10) 2.8E-03  4.4658343E-01    144 5.1E+02
  3163      2  1.0E+00   3165 (2.0E-10) 2.9E-03  4.4658343E-01    145 5.1E+02
  3164      1  1.0E+00   3166 (7.7E-10) 2.3E-03  4.4658342E-01    145 5.1E+02
  3165      2  1.0E+00   3167 (5.6E-10) 2.2E-03  4.4658341E-01    144 5.1E+02
  3166      1  1.0E+00   3168 (3.3E-09) 5.9E-03  4.4658339E-01    144 5.1E+02
  3167      3  1.0E+00   3169 (6.5E-09) 4.8E-03  4.4658337E-01    146 5.1E+02
  3168      1  1.0E+00   3170 (1.5E-09) 8.3E-03  4.4658336E-01    146 5.1E+02
  3169      1  1.0E+00   3171 (3.4E-09) 4.5E-03  4.4658332E-01    146 5.1E+02   R

 Major Minors     Step   nCon Feasible  Optimal  MeritFunction     nS Penalty
  3170      1  1.0E+00   3172 (1.7E-10) 4.5E-03  4.4658331E-01    146 5.1E+02 s
  3171      1  1.0E+00   3173 (3.3E-11) 2.7E-03  4.4658330E-01    146 5.1E+02
  3172      1  1.0E+00   3174 (1.6E-10) 1.4E-03  4.4658330E-01    146 5.1E+02
  3173      3  1.0E+00   3175 (1.0E-09) 3.8E-03  4.4658329E-01    145 5.1E+02
  3174      2  1.0E+00   3176 (1.7E-10) 3.8E-03  4.4658329E-01    146 5.1E+02
  3175      1  1.0E+00   3177 (1.4E-08) 4.7E-03  4.4658326E-01    146 5.1E+02
  3176      1  1.0E+00   3178 (7.0E-09) 4.1E-03  4.4658325E-01    146 5.1E+02
  3177      1  1.0E+00   3179 (7.6E-09) 2.1E-03  4.4658324E-01    146 5.1E+02
  3178      1  1.0E+00   3180 (5.3E-10) 1.7E-03  4.4658324E-01    146 5.1E+02
  3179      1  1.0E+00   3181 (2.6E-10) 1.5E-03  4.4658323E-01    146 5.1E+02

 Major Minors     Step   nCon Feasible  Optimal  MeritFunction     nS Penalty
  3180      1  1.0E+00   3182 (3.0E-10) 2.1E-03  4.4658323E-01    146 5.1E+02   R
  3181      1  1.0E+00   3183 (3.8E-11) 8.8E-04  4.4658323E-01    146 5.1E+02 s
  3182      1  1.0E+00   3184 (2.6E-10) 1.5E-03  4.4658323E-01    146 5.1E+02
  3183      1  1.0E+00   3185 (2.6E-09) 3.6E-03  4.4658322E-01    146 5.1E+02
  3184      1  1.3E-01   3186 (2.6E-09) 6.0E-03  4.4658322E-01    146 5.1E+02
  3185      1  3.7E-02   3187 (3.1E-09) 8.0E-03  4.4658321E-01    146 5.1E+02
  3186      1  8.5E-03   3188 (3.1E-09) 4.7E-03  4.4658321E-01    146 5.1E+02
  3187      1  1.1E-01   3189 (2.8E-09) 4.8E-03  4.4658321E-01    146 5.1E+02
  3188      1  1.0E+00   3190 (2.3E-09) 2.6E-03  4.4658320E-01    146 5.1E+02
  3189      1  3.0E-01   3191 (2.5E-09) 3.0E-03  4.4658320E-01    146 5.1E+02

 Major Minors     Step   nCon Feasible  Optimal  MeritFunction     nS Penalty
  3190      1  1.0E+00   3192 (6.7E-10) 2.6E-03  4.4658319E-01    146 5.1E+02
  3191      1  2.1E-01   3193 (9.2E-10) 2.4E-03  4.4658318E-01    146 5.1E+02   R
  3192      1  1.0E+00   3194 (3.5E-10) 1.7E-03  4.4658318E-01    146 5.1E+02 s
  3193      1  1.0E+00   3195 (3.5E-11) 5.8E-04  4.4658318E-01    146 5.1E+02
  3194      1  1.0E+00   3196 (5.9E-11) 7.7E-04  4.4658318E-01    146 5.1E+02
  3195      1  1.0E+00   3197 (4.1E-10) 1.9E-03  4.4658317E-01    146 5.1E+02
  3196      1  1.0E+00   3198 (3.8E-10) 3.8E-03  4.4658317E-01    146 5.1E+02
  3197      1  1.0E+00   3199 (6.1E-10) 5.6E-03  4.4658315E-01    146 5.1E+02
  3198      1  1.0E+00   3200 (3.6E-09) 6.2E-03  4.4658315E-01    146 5.1E+02
  3199      1  1.0E+00   3201 (2.5E-10) 5.3E-03  4.4658313E-01    146 5.1E+02

 Major Minors     Step   nCon Feasible  Optimal  MeritFunction     nS Penalty
  3200      1  1.0E+00   3202 (1.6E-09) 4.0E-03  4.4658311E-01    146 5.1E+02
  3201      1  1.0E+00   3203 (3.1E-09) 4.7E-03  4.4658310E-01    146 5.1E+02
  3202      1  1.0E+00   3204 (1.0E-08) 3.6E-03  4.4658309E-01    146 5.1E+02   R
  3203      1  1.0E+00   3205 (3.0E-09) 2.9E-03  4.4658308E-01    146 5.1E+02 s
  3204      1  1.0E+00   3206 (7.2E-10) 2.3E-03  4.4658306E-01    146 5.1E+02
  3205      2  1.0E+00   3207 (6.3E-10) 1.2E-03  4.4658305E-01    145 5.1E+02
  3206      1  3.3E-01   3208 (8.3E-10) 8.7E-04  4.4658304E-01    145 5.1E+02
  3207      1  1.1E-01   3209 (7.8E-10) 1.1E-03  4.4658303E-01    145 5.1E+02
  3208      2  9.5E-02   3210 (7.3E-10) 1.6E-03  4.4658303E-01    146 5.1E+02
  3209      1  1.3E-01   3211 (6.5E-10) 1.7E-03  4.4658303E-01    146 5.1E+02

 Major Minors     Step   nCon Feasible  Optimal  MeritFunction     nS Penalty
  3210      1  1.0E+00   3212 (3.5E-10) 4.0E-03  4.4658302E-01    146 5.1E+02
  3211      2  1.0E+00   3213 (5.1E-10) 1.8E-03  4.4658301E-01    145 5.1E+02
  3212      1  1.0E+00   3214 (1.6E-08) 4.1E-03  4.4658297E-01    145 5.1E+02
  3213      1  1.0E+00   3215 (2.6E-08) 2.6E-03  4.4658294E-01    145 5.1E+02   R
  3214      1  1.0E+00   3216 (2.9E-11) 1.4E-03  4.4658293E-01    145 5.1E+02 s
  3215      1  1.0E+00   3217 (2.3E-10) 1.4E-03  4.4658292E-01    145 5.1E+02
  3216      1  1.0E+00   3218 (6.4E-10) 2.3E-03  4.4658291E-01    145 5.1E+02
  3217      1  3.4E-01   3219 (1.0E-09) 2.4E-03  4.4658289E-01    145 5.1E+02
  3218      1  4.7E-01   3220 (8.6E-10) 3.1E-03  4.4658288E-01    145 5.1E+02
  3219      1  1.0E+00   3221 (1.3E-09) 3.4E-03  4.4658286E-01    145 5.1E+02

 Major Minors     Step   nCon Feasible  Optimal  MeritFunction     nS Penalty
  3220      1  1.0E+00   3222 (4.7E-09) 1.1E-02  4.4658284E-01    145 5.1E+02
  3221      1  1.0E+00   3223 (6.5E-10) 6.9E-03  4.4658282E-01    145 5.1E+02
  3222      1  1.0E+00   3224 (3.3E-10) 3.3E-03  4.4658280E-01    145 5.1E+02
  3223      1  1.0E+00   3225 (9.9E-10) 4.1E-03  4.4658278E-01    145 5.1E+02
  3224      1  1.0E+00   3226 (5.9E-09) 4.2E-03  4.4658273E-01    145 5.1E+02   R
  3225      1  1.0E+00   3227 (2.3E-10) 4.1E-03  4.4658271E-01    145 5.1E+02 s
  3226      1  3.6E-01   3228 (2.8E-09) 3.6E-03  4.4658267E-01    145 5.1E+02
  3227      1  3.1E-01   3229 (4.2E-09) 1.3E-02  4.4658264E-01    145 5.1E+02
  3228      2  2.7E-01   3230 (3.9E-09) 5.0E-03  4.4658257E-01    146 5.1E+02
  3229      2  3.7E-01   3231 (4.9E-09) 7.6E-03  4.4658253E-01    145 5.1E+02

 Major Minors     Step   nCon Feasible  Optimal  MeritFunction     nS Penalty
  3230      1  2.6E-01   3232 (6.1E-09) 1.3E-02  4.4658249E-01    145 5.1E+02
  3231      1  1.0E+00   3233 (6.0E-08) 2.0E-02  4.4658242E-01    145 5.1E+02
  3232      1  3.6E-01   3234 (4.0E-08) 8.5E-03  4.4658235E-01    145 5.1E+02
  3233      1  1.0E+00   3235 (7.1E-09) 2.0E-02  4.4658234E-01    145 5.1E+02
  3234      1  1.0E+00   3236 (2.5E-09) 2.0E-02  4.4658231E-01    145 5.1E+02
  3235      1  4.8E-01   3237 (1.4E-09) 8.4E-03  4.4658228E-01    145 5.1E+02   R
  3236      1  1.0E+00   3238 (1.8E-09) 3.2E-03  4.4658224E-01    145 5.1E+02 s
  3237      1  1.0E+00   3239 (2.9E-09) 9.1E-03  4.4658223E-01    145 5.1E+02
  3238      1  1.0E+00   3240 (5.7E-09) 7.0E-03  4.4658218E-01    145 5.1E+02
  3239      1  4.0E-01   3241 (3.9E-09) 7.4E-03  4.4658215E-01    145 5.1E+02

 Major Minors     Step   nCon Feasible  Optimal  MeritFunction     nS Penalty
  3240      2  1.0E+00   3242 (2.2E-09) 1.1E-02  4.4658213E-01    146 5.1E+02
  3241      1  1.0E+00   3243 (7.6E-10) 8.0E-03  4.4658212E-01    146 5.1E+02
  3242      2  4.6E-01   3244 (4.3E-10) 4.4E-03  4.4658211E-01    145 5.1E+02
  3243      1  1.0E+00   3245 (1.5E-10) 5.0E-03  4.4658211E-01    145 5.1E+02
  3244      1  1.0E+00   3246 (8.6E-11) 5.5E-03  4.4658211E-01    145 5.1E+02
  3245      1  1.0E+00   3247 (2.9E-10) 7.5E-03  4.4658210E-01    145 5.1E+02
  3246      1  1.0E+00   3248 (3.3E-10) 4.7E-03  4.4658209E-01    145 5.1E+02   R
  3247      1  4.5E-01   3249 (1.7E-10) 2.1E-03  4.4658209E-01    145 5.1E+02 s
  3248      1  1.0E+00   3250 (3.4E-11) 1.1E-03  4.4658208E-01    145 5.1E+02
  3249      1  1.0E+00   3251 (1.1E-10) 1.9E-03  4.4658208E-01    145 5.1E+02

 Major Minors     Step   nCon Feasible  Optimal  MeritFunction     nS Penalty
  3250      1  1.0E+00   3252 (3.7E-10) 4.2E-03  4.4658207E-01    145 5.1E+02
  3251      1  1.0E+00   3253 (1.9E-10) 4.0E-03  4.4658207E-01    145 5.1E+02
  3252      1  1.0E+00   3254 (9.2E-11) 2.9E-03  4.4658207E-01    145 5.1E+02
  3253      1  1.0E+00   3255 (8.7E-11) 2.2E-03  4.4658206E-01    145 5.1E+02
  3254      1  1.0E+00   3256 (1.7E-10) 3.4E-03  4.4658205E-01    145 5.1E+02
  3255      1  1.0E+00   3257 (5.3E-10) 4.4E-03  4.4658204E-01    145 5.1E+02
  3256      1  1.0E+00   3258 (2.0E-09) 4.8E-03  4.4658202E-01    145 5.1E+02
  3257      1  1.0E+00   3259 (6.4E-09) 4.5E-03  4.4658198E-01    145 5.1E+02   R
  3258      1  1.0E+00   3260 (2.2E-10) 6.9E-03  4.4658196E-01    145 5.1E+02 s
  3259      1  1.0E+00   3261 (1.5E-08) 8.2E-03  4.4658193E-01    145 5.1E+02

 Major Minors     Step   nCon Feasible  Optimal  MeritFunction     nS Penalty
  3260      1  1.0E+00   3262 (1.2E-09) 6.0E-03  4.4658190E-01    145 5.1E+02
  3261      1  1.0E+00   3263 (8.3E-10) 9.6E-03  4.4658189E-01    145 5.1E+02
  3262      1  1.0E+00   3264 (7.2E-10) 7.4E-03  4.4658188E-01    145 5.1E+02
  3263      1  1.0E+00   3265 (8.7E-10) 6.7E-03  4.4658187E-01    145 5.1E+02
  3264      1  1.0E+00   3266 (1.8E-10) 3.8E-03  4.4658187E-01    145 5.1E+02
  3265      1  1.0E+00   3267 (2.3E-10) 2.9E-03  4.4658186E-01    145 5.1E+02
  3266      1  1.0E+00   3268 (3.8E-10) 3.0E-03  4.4658186E-01    145 5.1E+02
  3267      1  1.0E+00   3269 (9.2E-10) 4.3E-03  4.4658185E-01    145 5.1E+02
  3268      1  1.0E+00   3270 (4.0E-09) 7.3E-03  4.4658183E-01    145 5.1E+02   R
  3269      1  4.6E-01   3271 (2.2E-09) 1.9E-03  4.4658182E-01    145 5.1E+02 s

 Major Minors     Step   nCon Feasible  Optimal  MeritFunction     nS Penalty
  3270      1  1.0E+00   3272 (4.3E-11) 2.2E-03  4.4658181E-01    145 5.1E+02
  3271      1  1.0E+00   3273 (1.0E-10) 2.0E-03  4.4658181E-01    145 5.1E+02
  3272      1  1.0E+00   3274 (6.3E-10) 2.4E-03  4.4658179E-01    145 5.1E+02
  3273      1  1.0E+00   3275 (1.4E-09) 1.7E-03  4.4658178E-01    145 5.1E+02
  3274      1  1.0E+00   3276 (4.0E-09) 2.5E-03  4.4658176E-01    145 5.1E+02
  3275      1  1.0E+00   3277 (4.3E-09) 2.6E-03  4.4658174E-01    145 5.1E+02
  3276      1  1.0E+00   3278 (4.7E-09) 2.3E-03  4.4658173E-01    145 5.1E+02
  3277      1  1.0E+00   3279 (1.2E-09) 2.3E-03  4.4658171E-01    145 5.1E+02
  3278      1  1.0E+00   3280 (6.4E-10) 2.6E-03  4.4658169E-01    145 5.1E+02
  3279      1  1.0E+00   3281 (7.9E-09) 6.3E-03  4.4658162E-01    145 5.1E+02   R

 Major Minors     Step   nCon Feasible  Optimal  MeritFunction     nS Penalty
  3280      1  1.0E+00   3282 (1.7E-10) 3.4E-03  4.4658159E-01    145 5.1E+02 s
  3281      1  1.0E+00   3283 (3.4E-09) 5.4E-03  4.4658155E-01    145 5.1E+02
  3282      1  1.0E+00   3284 (3.6E-09) 6.6E-03  4.4658153E-01    145 5.1E+02
  3283      1  1.0E+00   3285 (3.1E-09) 5.7E-03  4.4658150E-01    145 5.1E+02
  3284      1  1.0E+00   3286 (6.4E-09) 5.1E-03  4.4658146E-01    145 5.1E+02
  3285      1  1.0E+00   3287 (2.6E-09) 7.7E-03  4.4658144E-01    145 5.1E+02
  3286      1  1.0E+00   3288 (1.5E-09) 7.1E-03  4.4658141E-01    145 5.1E+02
  3287      1  1.0E+00   3289 (6.6E-09) 4.2E-03  4.4658138E-01    145 5.1E+02
  3288      1  1.0E+00   3290 (1.2E-08) 8.8E-03  4.4658136E-01    145 5.1E+02
  3289      1  1.0E+00   3291 (1.5E-09) 4.9E-03  4.4658132E-01    145 5.1E+02

 Major Minors     Step   nCon Feasible  Optimal  MeritFunction     nS Penalty
  3290      1  1.0E+00   3292 (1.8E-09) 8.4E-03  4.4658128E-01    145 5.1E+02   R
  3291      1  1.0E+00   3293 (1.5E-09) 1.0E-02  4.4658126E-01    145 5.1E+02 s
  3292      1  1.0E+00   3294 (6.4E-10) 5.4E-03  4.4658123E-01    145 5.1E+02
  3293      1  1.0E+00   3295 (2.0E-09) 3.8E-03  4.4658120E-01    145 5.1E+02
  3294      1  1.0E+00   3296 (9.9E-09) 9.7E-03  4.4658115E-01    145 5.1E+02
  3295      1  1.0E+00   3297 (1.3E-08) 5.2E-03  4.4658112E-01    145 5.1E+02
  3296      1  1.0E+00   3298 (2.7E-09) 3.4E-03  4.4658110E-01    145 5.1E+02
  3297      2  1.0E+00   3299 (4.5E-10) 3.4E-03  4.4658108E-01    146 5.1E+02
  3298      2  1.0E+00   3300 (1.6E-09) 3.8E-03  4.4658107E-01    145 5.1E+02
  3299      1  1.0E+00   3301 (2.7E-09) 2.8E-03  4.4658105E-01    145 5.1E+02

 Major Minors     Step   nCon Feasible  Optimal  MeritFunction     nS Penalty
  3300      1  1.0E+00   3302 (4.0E-10) 3.5E-03  4.4658103E-01    145 5.1E+02
  3301      1  1.0E+00   3303 (7.7E-10) 3.4E-03  4.4658101E-01    145 5.1E+02   R
  3302      1  1.0E+00   3304 (2.2E-10) 2.3E-03  4.4658100E-01    145 5.1E+02 s
  3303      1  1.0E+00   3305 (1.8E-09) 3.0E-03  4.4658098E-01    145 5.1E+02
  3304      1  1.0E+00   3306 (2.0E-09) 6.9E-03  4.4658097E-01    145 5.1E+02
  3305      1  1.0E+00   3307 (4.6E-10) 3.5E-03  4.4658096E-01    145 5.1E+02
  3306      1  1.0E+00   3308 (1.1E-09) 8.1E-03  4.4658096E-01    145 5.1E+02
  3307      1  1.0E+00   3309 (8.5E-10) 3.4E-03  4.4658095E-01    145 5.1E+02
  3308      1  1.0E+00   3310 (2.3E-10) 3.3E-03  4.4658095E-01    145 5.1E+02
  3309      1  1.0E+00   3311 (5.5E-11) 1.8E-03  4.4658094E-01    145 5.1E+02

 Major Minors     Step   nCon Feasible  Optimal  MeritFunction     nS Penalty
  3310      1  1.0E+00   3312 (4.7E-11) 1.7E-03  4.4658094E-01    145 5.1E+02
  3311      1  1.0E+00   3313 (2.3E-10) 2.6E-03  4.4658094E-01    145 5.1E+02
  3312      1  1.0E+00   3314 (5.2E-10) 2.5E-03  4.4658093E-01    145 5.1E+02   R
  3313      1  1.0E+00   3315 (1.4E-10) 2.6E-03  4.4658093E-01    145 5.1E+02 s
  3314      1  1.0E+00   3316 (8.4E-11) 2.2E-03  4.4658092E-01    145 5.1E+02
  3315      1  1.0E+00   3317 (4.5E-10) 1.6E-03  4.4658091E-01    145 5.1E+02
  3316      1  1.0E+00   3318 (1.2E-10) 1.8E-03  4.4658091E-01    145 5.1E+02
  3317      1  1.0E+00   3319 (5.5E-10) 3.3E-03  4.4658089E-01    145 5.1E+02
  3318      1  1.0E+00   3320 (3.5E-09) 6.0E-03  4.4658087E-01    145 5.1E+02
  3319      1  1.0E+00   3321 (3.4E-09) 4.0E-03  4.4658086E-01    145 5.1E+02

 Major Minors     Step   nCon Feasible  Optimal  MeritFunction     nS Penalty
  3320      1  1.0E+00   3322 (4.1E-10) 3.4E-03  4.4658084E-01    145 5.1E+02
  3321      1  1.0E+00   3323 (3.1E-09) 5.0E-03  4.4658080E-01    145 5.1E+02
  3322      1  1.0E+00   3324 (7.9E-10) 6.9E-03  4.4658077E-01    145 5.1E+02
  3323      1  1.0E+00   3325 (7.3E-10) 5.5E-03  4.4658074E-01    145 5.1E+02   R
  3324      1  1.0E+00   3326 (2.8E-10) 7.0E-03  4.4658072E-01    145 5.1E+02 s
  3325      1  1.0E+00   3327 (1.1E-10) 2.2E-03  4.4658071E-01    145 5.1E+02
  3326      1  1.0E+00   3328 (2.4E-10) 2.0E-03  4.4658070E-01    145 5.1E+02
  3327      1  1.0E+00   3329 (7.0E-11) 1.3E-03  4.4658070E-01    145 5.1E+02
  3328      1  1.0E+00   3330 (7.0E-11) 9.4E-04  4.4658070E-01    145 5.1E+02
  3329      1  1.0E+00   3331 (2.4E-10) 1.1E-03  4.4658070E-01    145 5.1E+02

 Major Minors     Step   nCon Feasible  Optimal  MeritFunction     nS Penalty
  3330      1  1.0E+00   3332 (2.1E-10) 1.1E-03  4.4658069E-01    145 5.1E+02
  3331      1  1.0E+00   3333 (3.1E-10) 9.9E-04  4.4658069E-01    145 5.1E+02
  3332      1  1.0E+00   3334 (4.5E-10) 6.4E-04  4.4658069E-01    145 5.1E+02
  3333      1  1.0E+00   3335 (9.2E-10) 2.0E-03  4.4658068E-01    145 5.1E+02
  3334      1  1.0E+00   3336 (1.3E-09) 3.4E-03  4.4658068E-01    145 5.1E+02   R
  3335      1  1.0E+00   3337 (7.0E-11) 1.4E-03  4.4658067E-01    145 5.1E+02 s
  3336      1  1.0E+00   3338 (5.4E-10) 2.0E-03  4.4658067E-01    145 5.1E+02
  3337      1  1.0E+00   3339 (4.1E-10) 1.8E-03  4.4658066E-01    145 5.1E+02
  3338      1  1.0E+00   3340 (1.7E-09) 1.3E-03  4.4658066E-01    145 5.1E+02
  3339      1  1.0E+00   3341 (2.3E-10) 9.3E-04  4.4658066E-01    145 5.1E+02

 Major Minors     Step   nCon Feasible  Optimal  MeritFunction     nS Penalty
  3340      1  1.0E+00   3342 (4.8E-10) 1.7E-03  4.4658066E-01    145 5.1E+02
  3341      1  1.0E+00   3343 (9.9E-10) 1.1E-03  4.4658065E-01    145 5.1E+02
  3342      1  1.0E+00   3344 (3.9E-10) 1.4E-03  4.4658065E-01    145 5.1E+02
  3343      1  1.0E+00   3345 (2.3E-10) 1.4E-03  4.4658065E-01    145 5.1E+02
  3344      1  1.0E+00   3346 (2.7E-10) 2.2E-03  4.4658064E-01    145 5.1E+02
  3345      1  1.0E+00   3347 (2.9E-09) 3.7E-03  4.4658063E-01    145 5.1E+02   R
  3346      1  1.0E+00   3348 (1.5E-10) 1.3E-03  4.4658062E-01    145 5.1E+02 s
  3347      1  1.0E+00   3349 (3.1E-10) 2.0E-03  4.4658061E-01    145 5.1E+02
  3348      1  1.0E+00   3350 (3.6E-10) 2.1E-03  4.4658061E-01    145 5.1E+02
  3349      1  1.0E+00   3351 (1.5E-10) 2.1E-03  4.4658060E-01    145 5.1E+02

 Major Minors     Step   nCon Feasible  Optimal  MeritFunction     nS Penalty
  3350      1  1.0E+00   3352 (1.2E-09) 2.5E-03  4.4658058E-01    145 5.1E+02
  3351      1  1.0E+00   3353 (2.4E-09) 4.0E-03  4.4658056E-01    145 5.1E+02
  3352      1  1.0E+00   3354 (1.6E-08) 5.2E-03  4.4658050E-01    145 5.1E+02
  3353      1  1.0E+00   3355 (2.3E-08) 1.1E-02  4.4658043E-01    145 5.1E+02
  3354      1  1.0E+00   3356 (4.9E-08) 5.0E-03  4.4658034E-01    145 5.1E+02
  3355      1  1.0E+00   3357 (1.6E-09) 4.5E-03  4.4658029E-01    145 5.1E+02
  3356      1  1.0E+00   3358 (7.8E-09) 5.1E-03  4.4658023E-01    145 5.1E+02   R
  3357      1  1.0E+00   3359 (2.4E-09) 4.1E-03  4.4658019E-01    145 5.1E+02 s
  3358      1  1.0E+00   3360 (1.5E-08) 3.1E-03  4.4658014E-01    145 5.1E+02
  3359      1  1.0E+00   3361 (3.5E-08) 6.7E-03  4.4658011E-01    145 5.1E+02

 Major Minors     Step   nCon Feasible  Optimal  MeritFunction     nS Penalty
  3360      1  1.0E+00   3362 (4.3E-09) 1.9E-03  4.4658008E-01    145 5.1E+02
  3361      1  1.0E+00   3363 (3.7E-09) 5.5E-03  4.4658007E-01    145 5.1E+02
  3362      1  1.0E+00   3364 (4.0E-09) 3.3E-03  4.4658005E-01    145 5.1E+02
  3363      1  1.0E+00   3365 (1.8E-09) 2.8E-03  4.4658004E-01    145 5.1E+02
  3364      1  1.0E+00   3366 (4.7E-10) 3.2E-03  4.4658003E-01    145 5.1E+02
  3365      1  1.0E+00   3367 (6.7E-10) 2.9E-03  4.4658001E-01    145 5.1E+02
  3366      1  1.0E+00   3368 (4.0E-09) 8.7E-03  4.4657997E-01    145 5.1E+02
  3367      1  1.0E+00   3369 (1.2E-08) 8.5E-03  4.4657992E-01    145 5.1E+02   R
  3368      1  1.0E+00   3370 (2.4E-09) 1.1E-02  4.4657991E-01    145 5.1E+02 s
  3369      1  1.0E+00   3371 (9.0E-10) 2.8E-03  4.4657988E-01    145 5.1E+02

 Major Minors     Step   nCon Feasible  Optimal  MeritFunction     nS Penalty
  3370      1  1.0E+00   3372 (5.6E-10) 1.9E-03  4.4657987E-01    145 5.1E+02
  3371      1  1.0E+00   3373 (6.4E-09) 4.3E-03  4.4657986E-01    145 5.1E+02
  3372      1  1.0E+00   3374 (4.1E-09) 2.8E-03  4.4657985E-01    145 5.1E+02
  3373      1  1.0E+00   3375 (1.4E-09) 9.7E-04  4.4657985E-01    145 5.1E+02
  3374      1  1.0E+00   3376 (3.2E-10) 1.3E-03  4.4657985E-01    145 5.1E+02
  3375      1  1.0E+00   3377 (1.5E-10) 2.4E-03  4.4657985E-01    145 5.1E+02
  3376      1  1.0E+00   3378 (1.3E-10) 2.1E-03  4.4657984E-01    145 5.1E+02
  3377      1  1.0E+00   3379 (1.2E-10) 8.6E-04  4.4657984E-01    145 5.1E+02
  3378      1  1.0E+00   3380 (2.5E-10) 9.2E-04  4.4657983E-01    145 5.1E+02   R
  3379      1  1.0E+00   3381 (4.1E-11) 1.4E-03  4.4657983E-01    145 5.1E+02 s

 Major Minors     Step   nCon Feasible  Optimal  MeritFunction     nS Penalty
  3380      1  1.0E+00   3382 (2.2E-09) 4.4E-03  4.4657983E-01    145 5.1E+02
  3381      1  1.0E+00   3383 (1.2E-10) 2.2E-03  4.4657983E-01    145 5.1E+02
  3382      1  1.0E+00   3384 (9.7E-11) 3.6E-03  4.4657983E-01    145 5.1E+02
  3383      1  1.0E+00   3385 (6.2E-11) 2.9E-03  4.4657982E-01    145 5.1E+02
  3384      1  1.0E+00   3386 (4.9E-10) 5.1E-03  4.4657982E-01    145 5.1E+02
  3385      1  1.0E+00   3387 (3.4E-10) 3.8E-03  4.4657982E-01    145 5.1E+02
  3386      1  1.0E+00   3388 (5.8E-09) 8.5E-03  4.4657980E-01    145 5.1E+02
  3387      1  1.0E+00   3389 (1.5E-08) 1.0E-02  4.4657978E-01    145 5.1E+02
  3388      1  9.5E-03   3390 (1.5E-08) 1.0E-02  4.4657978E-01    145 5.1E+02
  3389      1  6.0E-02   3391 (1.4E-08) 9.4E-03  4.4657978E-01    145 5.1E+02   R

 Major Minors     Step   nCon Feasible  Optimal  MeritFunction     nS Penalty
  3390      1  4.0E-01   3392 (8.1E-09) 3.6E-03  4.4657976E-01    145 5.1E+02 s
  3391      1  1.0E+00   3393 (1.8E-10) 1.8E-03  4.4657976E-01    145 5.1E+02
  3392      1  1.0E+00   3394 (8.5E-10) 3.9E-03  4.4657975E-01    145 5.1E+02
  3393      1  1.0E+00   3395 (1.3E-09) 4.1E-03  4.4657975E-01    145 5.1E+02
  3394      1  1.0E+00   3396 (1.8E-09) 1.8E-03  4.4657974E-01    145 5.1E+02
  3395      1  1.0E+00   3397 (3.9E-10) 7.3E-04  4.4657974E-01    145 5.1E+02
  3396      1  1.0E+00   3398 (1.2E-10) 1.6E-03  4.4657974E-01    145 5.1E+02
  3397      1  1.0E+00   3399 (1.1E-11) 1.4E-03  4.4657974E-01    145 5.1E+02
  3398      1  1.0E+00   3400 (1.3E-11) 4.1E-04  4.4657974E-01    145 5.1E+02
  3399      1  1.0E+00   3401 (4.7E-12) 6.3E-04  4.4657974E-01    145 5.1E+02

 Major Minors     Step   nCon Feasible  Optimal  MeritFunction     nS Penalty
  3400      1  1.0E+00   3402 (7.1E-12) 9.6E-04  4.4657974E-01    145 5.1E+02   R
  3401      1  1.0E+00   3403 (1.1E-12) 4.2E-04  4.4657974E-01    145 5.1E+02 s
  3402      1  1.0E+00   3404 (3.1E-11) 1.3E-03  4.4657974E-01    145 5.1E+02
  3403      1  1.0E+00   3405 (4.1E-11) 9.1E-04  4.4657974E-01    145 5.1E+02
  3404      1  1.0E+00   3406 (9.3E-11) 1.0E-03  4.4657974E-01    145 5.1E+02
  3405      1  1.0E+00   3407 (8.7E-10) 1.1E-03  4.4657974E-01    145 5.1E+02
  3406      1  1.0E+00   3408 (3.0E-10) 1.3E-03  4.4657973E-01    145 5.1E+02
  3407      1  1.0E+00   3409 (1.8E-10) 1.6E-03  4.4657973E-01    145 5.1E+02
  3408      1  1.0E+00   3410 (3.6E-10) 1.5E-03  4.4657973E-01    145 5.1E+02
  3409      1  1.0E+00   3411 (7.5E-10) 3.2E-03  4.4657972E-01    145 5.1E+02

 Major Minors     Step   nCon Feasible  Optimal  MeritFunction     nS Penalty
  3410      1  1.0E+00   3412 (5.2E-09) 4.3E-03  4.4657971E-01    145 5.1E+02
  3411      1  1.0E+00   3413 (3.9E-09) 4.1E-03  4.4657971E-01    145 5.1E+02   R
  3412      1  1.0E+00   3414 (5.4E-10) 5.4E-03  4.4657971E-01    145 5.1E+02 s
  3413      1  1.0E+00   3415 (6.0E-11) 2.0E-03  4.4657970E-01    145 5.1E+02
  3414      1  1.0E+00   3416 (3.2E-10) 7.8E-04  4.4657970E-01    145 5.1E+02
  3415      1  1.0E+00   3417 (3.2E-09) 2.2E-03  4.4657969E-01    145 5.1E+02
  3416      1  1.0E+00   3418 (1.6E-09) 2.3E-03  4.4657969E-01    145 5.1E+02
  3417      1  1.0E+00   3419 (4.7E-10) 7.7E-04  4.4657968E-01    145 5.1E+02
  3418      1  1.0E+00   3420 (8.9E-11) 1.4E-03  4.4657968E-01    145 5.1E+02
  3419      1  1.0E+00   3421 (4.2E-10) 1.6E-03  4.4657968E-01    145 5.1E+02

 Major Minors     Step   nCon Feasible  Optimal  MeritFunction     nS Penalty
  3420      1  1.0E+00   3422 (1.1E-09) 1.7E-03  4.4657968E-01    145 5.1E+02
  3421      1  1.0E+00   3423 (8.9E-10) 9.3E-04  4.4657967E-01    145 5.1E+02
  3422      1  1.0E+00   3424 (2.5E-10) 9.2E-04  4.4657967E-01    145 5.1E+02   R
  3423      1  1.0E+00   3425 (3.3E-12) 4.9E-04  4.4657967E-01    145 5.1E+02 s
  3424      1  1.0E+00   3426 (6.8E-11) 6.0E-04  4.4657967E-01    145 5.1E+02
  3425      1  1.0E+00   3427 (9.4E-11) 6.1E-04  4.4657967E-01    145 5.1E+02
  3426      1  1.0E+00   3428 (7.4E-11) 8.9E-04  4.4657967E-01    145 5.1E+02
  3427      1  1.0E+00   3429 (2.7E-11) 1.3E-03  4.4657967E-01    145 5.1E+02
  3428      1  1.0E+00   3430 (3.1E-10) 8.4E-04  4.4657967E-01    145 5.1E+02
  3429      1  1.0E+00   3431 (5.3E-11) 1.0E-03  4.4657967E-01    145 5.1E+02

 Major Minors     Step   nCon Feasible  Optimal  MeritFunction     nS Penalty
  3430      1  1.0E+00   3432 (1.1E-10) 1.1E-03  4.4657967E-01    145 5.1E+02
  3431      1  1.0E+00   3433 (1.0E-10) 1.0E-03  4.4657966E-01    145 5.1E+02
  3432      1  1.0E+00   3434 (1.1E-10) 9.7E-04  4.4657966E-01    145 5.1E+02
  3433      1  1.0E+00   3435 (9.2E-11) 1.3E-03  4.4657966E-01    145 5.1E+02   R
  3434      1  1.0E+00   3436 (2.9E-11) 8.6E-04  4.4657966E-01    145 5.1E+02 s
  3435      1  1.0E+00   3437 (2.6E-10) 1.1E-03  4.4657966E-01    145 5.1E+02
  3436      1  1.0E+00   3438 (8.4E-11) 8.9E-04  4.4657966E-01    145 5.1E+02
  3437      1  1.0E+00   3439 (9.4E-11) 1.3E-03  4.4657966E-01    145 5.1E+02
  3438      1  1.0E+00   3440 (3.3E-10) 1.1E-03  4.4657966E-01    145 5.1E+02
  3439      1  1.0E+00   3441 (3.5E-11) 1.4E-03  4.4657965E-01    145 5.1E+02

 Major Minors     Step   nCon Feasible  Optimal  MeritFunction     nS Penalty
  3440      1  1.0E+00   3442 (1.1E-10) 1.5E-03  4.4657965E-01    145 5.1E+02
  3441      1  1.0E+00   3443 (3.6E-10) 2.3E-03  4.4657965E-01    145 5.1E+02
  3442      1  1.0E+00   3444 (2.8E-10) 1.0E-03  4.4657965E-01    145 5.1E+02
  3443      1  1.0E+00   3445 (3.5E-09) 3.4E-03  4.4657965E-01    145 5.1E+02
  3444      1  1.0E+00   3446 (2.4E-09) 1.3E-03  4.4657964E-01    145 5.1E+02   R
  3445      1  1.0E+00   3447 (3.1E-10) 2.1E-03  4.4657964E-01    145 5.1E+02 s
  3446      1  1.0E+00   3448 (1.4E-10) 8.6E-04  4.4657964E-01    145 5.1E+02
  3447      1  1.0E+00   3449 (6.7E-10) 1.9E-03  4.4657964E-01    145 5.1E+02
  3448      1  1.0E+00   3450 (1.9E-10) 7.7E-04  4.4657964E-01    145 5.1E+02
  3449      1  1.0E+00   3451 (1.2E-10) 1.6E-03  4.4657964E-01    145 5.1E+02

 Major Minors     Step   nCon Feasible  Optimal  MeritFunction     nS Penalty
  3450      2  1.0E+00   3452 (3.0E-11) 8.3E-04  4.4657964E-01    146 5.1E+02
  3451      1  1.0E+00   3453 (4.0E-10) 2.4E-03  4.4657963E-01    146 5.1E+02
  3452      1  1.0E+00   3454 (1.3E-10) 1.3E-03  4.4657963E-01    146 5.1E+02
  3453      3  1.0E+00   3455 (1.6E-10) 1.1E-03  4.4657963E-01    145 5.1E+02
  3454      2  1.0E+00   3456 (5.1E-10) 1.8E-03  4.4657963E-01    146 5.1E+02
  3455      1  1.0E+00   3457 (3.3E-10) 1.9E-03  4.4657963E-01    146 5.1E+02   R
  3456      1  1.0E+00   3458 (1.0E-10) 1.7E-03  4.4657962E-01    146 5.1E+02 s
  3457      3  1.0E+00   3459 (9.4E-12) 7.8E-04  4.4657962E-01    145 5.1E+02
  3458      2  1.0E+00   3460 (2.3E-10) 1.3E-03  4.4657962E-01    146 5.1E+02
  3459      1  1.0E+00   3461 (1.6E-10) 1.3E-03  4.4657962E-01    146 5.1E+02

 Major Minors     Step   nCon Feasible  Optimal  MeritFunction     nS Penalty
  3460      1  1.0E+00   3462 (1.8E-10) 1.0E-03  4.4657962E-01    146 5.1E+02
  3461      1  1.0E+00   3463 (2.5E-11) 6.3E-04  4.4657962E-01    146 5.1E+02
  3462      1  1.0E+00   3464 (2.5E-11) 5.9E-04  4.4657962E-01    146 5.1E+02
  3463      1  1.0E+00   3465 (2.5E-10) 1.1E-03  4.4657961E-01    146 5.1E+02
  3464      1  1.0E+00   3466 (2.9E-10) 1.4E-03  4.4657961E-01    146 5.1E+02
  3465      1  1.0E+00   3467 (4.1E-10) 1.2E-03  4.4657961E-01    146 5.1E+02
  3466      1  1.0E+00   3468 (2.0E-10) 1.0E-03  4.4657961E-01    146 5.1E+02   R
  3467      1  1.0E+00   3469 (5.3E-11) 8.4E-04  4.4657961E-01    146 5.1E+02 s
  3468      1  1.0E+00   3470 (2.6E-09) 1.3E-03  4.4657960E-01    146 5.1E+02
  3469      1  5.0E-01   3471 (1.3E-09) 9.3E-04  4.4657960E-01    146 5.1E+02

 Major Minors     Step   nCon Feasible  Optimal  MeritFunction     nS Penalty
  3470      1  1.0E+00   3472 (6.6E-11) 1.4E-03  4.4657960E-01    146 5.1E+02
  3471      1  1.0E+00   3473 (5.4E-11) 1.0E-03  4.4657960E-01    146 5.1E+02
  3472      1  1.0E+00   3474 (4.8E-11) 2.1E-03  4.4657960E-01    146 5.1E+02
  3473      1  1.0E+00   3475 (6.9E-11) 1.7E-03  4.4657960E-01    146 5.1E+02
  3474      1  4.9E-01   3476 (1.5E-10) 1.6E-03  4.4657960E-01    146 5.1E+02
  3475      1  1.0E+00   3477 (1.2E-09) 2.7E-03  4.4657959E-01    146 5.1E+02
  3476      1  2.4E-01   3478 (1.1E-09) 3.9E-03  4.4657959E-01    146 5.1E+02
  3477      1  3.1E-01   3479 (1.5E-09) 3.8E-03  4.4657958E-01    146 5.1E+02   R
  3478      1  4.4E-01   3480 (9.2E-10) 1.7E-03  4.4657958E-01    146 5.1E+02 s
  3479      1  1.0E+00   3481 (3.9E-11) 1.1E-03  4.4657958E-01    146 5.1E+02

 Major Minors     Step   nCon Feasible  Optimal  MeritFunction     nS Penalty
  3480      1  1.0E+00   3482 (5.7E-10) 1.7E-03  4.4657957E-01    146 5.1E+02
  3481      1  1.0E+00   3483 (4.4E-10) 2.1E-03  4.4657957E-01    146 5.1E+02
  3482      1  1.0E+00   3484 (2.3E-10) 1.9E-03  4.4657957E-01    146 5.1E+02
  3483      1  1.0E+00   3485 (6.4E-11) 1.0E-03  4.4657957E-01    146 5.1E+02
  3484      1  1.0E+00   3486 (7.2E-11) 1.1E-03  4.4657957E-01    146 5.1E+02
  3485      2  1.0E+00   3487 (2.3E-10) 2.3E-03  4.4657956E-01    145 5.1E+02
  3486      1  1.0E+00   3488 (4.3E-10) 2.5E-03  4.4657956E-01    145 5.1E+02
  3487      1  1.0E+00   3489 (6.4E-10) 2.0E-03  4.4657956E-01    145 5.1E+02
  3488      1  1.0E+00   3490 (7.6E-10) 1.9E-03  4.4657956E-01    145 5.1E+02   R
  3489      1  1.0E+00   3491 (7.3E-11) 1.2E-03  4.4657956E-01    145 5.1E+02 s

 Major Minors     Step   nCon Feasible  Optimal  MeritFunction     nS Penalty
  3490      1  1.0E+00   3492 (3.0E-09) 2.6E-03  4.4657955E-01    145 5.1E+02
  3491      1  1.0E+00   3493 (3.5E-10) 1.5E-03  4.4657955E-01    145 5.1E+02
  3492      1  1.0E+00   3494 (8.4E-11) 2.3E-03  4.4657955E-01    145 5.1E+02
  3493      2  1.0E+00   3495 (1.1E-10) 1.9E-03  4.4657955E-01    146 5.1E+02
  3494      1  1.0E+00   3496 (7.0E-11) 2.6E-03  4.4657955E-01    146 5.1E+02
  3495      1  1.0E+00   3497 (8.1E-11) 2.0E-03  4.4657955E-01    146 5.1E+02
  3496      1  1.0E+00   3498 (7.6E-11) 2.1E-03  4.4657954E-01    146 5.1E+02
  3497      1  1.0E+00   3499 (2.6E-09) 4.1E-03  4.4657954E-01    146 5.1E+02
  3498      1  1.0E+00   3500 (1.8E-09) 4.0E-03  4.4657953E-01    146 5.1E+02
  3499      1  1.0E+00   3501 (1.7E-09) 7.4E-03  4.4657951E-01    146 5.1E+02   R

 Major Minors     Step   nCon Feasible  Optimal  MeritFunction     nS Penalty
  3500      1  4.3E-01   3502 (1.1E-09) 3.4E-03  4.4657950E-01    146 5.1E+02 s
  3501      1  1.0E+00   3503 (3.8E-11) 1.6E-03  4.4657950E-01    146 5.1E+02
  3502      1  1.0E+00   3504 (2.8E-10) 2.4E-03  4.4657949E-01    146 5.1E+02
  3503      1  1.0E+00   3505 (7.2E-10) 2.3E-03  4.4657949E-01    146 5.1E+02
  3504      1  1.0E+00   3506 (5.0E-10) 1.5E-03  4.4657949E-01    146 5.1E+02
  3505      1  1.0E+00   3507 (6.6E-11) 6.5E-04  4.4657949E-01    146 5.1E+02
  3506      1  1.0E+00   3508 (3.2E-11) 6.6E-04  4.4657948E-01    146 5.1E+02
  3507      1  1.0E+00   3509 (8.2E-11) 1.1E-03  4.4657948E-01    146 5.1E+02
  3508      2  1.0E+00   3510 (2.5E-10) 1.2E-03  4.4657948E-01    145 5.1E+02
  3509      1  1.0E+00   3511 (4.2E-10) 9.5E-04  4.4657948E-01    145 5.1E+02

 Major Minors     Step   nCon Feasible  Optimal  MeritFunction     nS Penalty
  3510      1  1.0E+00   3512 (4.3E-10) 6.6E-04  4.4657948E-01    145 5.1E+02   R
  3511      2  1.0E+00   3513 (8.9E-12) 5.9E-04  4.4657948E-01    146 5.1E+02 s
  3512      1  3.1E-01   3514 (2.2E-10) 1.8E-03  4.4657948E-01    146 5.1E+02
  3513      1  3.2E-01   3515 (4.6E-10) 1.6E-03  4.4657948E-01    146 5.1E+02
  3514      1  3.5E-01   3516 (3.5E-10) 1.1E-03  4.4657948E-01    146 5.1E+02
  3515      2  3.8E-01   3517 (2.5E-10) 1.8E-03  4.4657947E-01    145 5.1E+02
  3516      1  1.0E+00   3518 (1.8E-10) 2.7E-03  4.4657947E-01    145 5.1E+02
  3517      1  1.0E+00   3519 (1.2E-09) 4.9E-03  4.4657947E-01    145 5.1E+02
  3518      1  1.0E+00   3520 (1.5E-09) 8.7E-03  4.4657947E-01    145 5.1E+02
  3519      1  4.1E-01   3521 (1.4E-09) 6.4E-03  4.4657945E-01    145 5.1E+02

 Major Minors     Step   nCon Feasible  Optimal  MeritFunction     nS Penalty
  3520      1  2.8E-01   3522 (1.1E-09) 4.5E-03  4.4657944E-01    145 5.1E+02
  3521      1  1.0E+00   3523 (3.9E-09) 9.6E-03  4.4657943E-01    145 5.1E+02   R
  3522      1  2.7E-01   3524 (3.5E-09) 4.8E-03  4.4657942E-01    145 5.1E+02 s
  3523      1  1.0E+00   3525 (1.2E-10) 2.4E-03  4.4657941E-01    145 5.1E+02
  3524      1  1.0E+00   3526 (5.9E-11) 1.5E-03  4.4657941E-01    145 5.1E+02
  3525      1  1.0E+00   3527 (1.8E-11) 1.6E-03  4.4657941E-01    145 5.1E+02
  3526      1  1.0E+00   3528 (4.4E-11) 1.3E-03  4.4657941E-01    145 5.1E+02
  3527      1  1.0E+00   3529 (6.3E-11) 1.9E-03  4.4657940E-01    145 5.1E+02
  3528      1  1.0E+00   3530 (1.7E-10) 2.7E-03  4.4657940E-01    145 5.1E+02
  3529      1  1.0E+00   3531 (2.5E-10) 2.8E-03  4.4657940E-01    145 5.1E+02

 Major Minors     Step   nCon Feasible  Optimal  MeritFunction     nS Penalty
  3530      1  1.0E+00   3532 (3.0E-10) 2.6E-03  4.4657940E-01    145 5.1E+02
  3531      1  1.0E+00   3533 (1.5E-10) 2.8E-03  4.4657939E-01    145 5.1E+02
  3532      1  1.0E+00   3534 (1.9E-10) 2.8E-03  4.4657939E-01    145 5.1E+02   R
  3533      1  1.0E+00   3535 (1.4E-11) 9.1E-04  4.4657939E-01    145 5.1E+02 s
  3534      1  1.0E+00   3536 (7.1E-11) 2.3E-03  4.4657938E-01    145 5.1E+02
  3535      1  1.0E+00   3537 (1.7E-10) 1.8E-03  4.4657938E-01    145 5.1E+02
  3536      1  1.0E+00   3538 (2.3E-10) 2.0E-03  4.4657938E-01    145 5.1E+02
  3537      1  1.0E+00   3539 (6.9E-11) 8.8E-04  4.4657938E-01    145 5.1E+02
  3538      1  1.0E+00   3540 (1.7E-10) 1.5E-03  4.4657938E-01    145 5.1E+02
  3539      1  1.0E+00   3541 (4.1E-11) 1.2E-03  4.4657937E-01    145 5.1E+02

 Major Minors     Step   nCon Feasible  Optimal  MeritFunction     nS Penalty
  3540      1  1.0E+00   3542 (6.6E-11) 1.2E-03  4.4657937E-01    145 5.1E+02
  3541      1  1.0E+00   3543 (3.6E-10) 2.3E-03  4.4657937E-01    145 5.1E+02
  3542      1  1.0E+00   3544 (2.8E-09) 4.3E-03  4.4657936E-01    145 5.1E+02
  3543      1  1.0E+00   3545 (8.9E-09) 1.1E-02  4.4657934E-01    145 5.1E+02   R
  3544      1  1.0E+00   3546 (5.8E-10) 7.4E-03  4.4657934E-01    145 5.1E+02 s
  3545      2  1.0E+00   3547 (8.9E-11) 1.8E-03  4.4657933E-01    146 5.1E+02
  3546      1  1.0E+00   3548 (1.0E-10) 1.5E-03  4.4657932E-01    146 5.1E+02
  3547      1  1.0E+00   3549 (9.0E-11) 1.8E-03  4.4657932E-01    146 5.1E+02
  3548      1  1.0E+00   3550 (4.1E-10) 3.3E-03  4.4657932E-01    146 5.1E+02
  3549      1  1.0E+00   3551 (8.2E-10) 3.1E-03  4.4657931E-01    146 5.1E+02

 Major Minors     Step   nCon Feasible  Optimal  MeritFunction     nS Penalty
  3550      1  1.0E+00   3552 (2.5E-10) 2.0E-03  4.4657931E-01    146 5.1E+02
  3551      1  1.0E+00   3553 (1.4E-10) 6.5E-04  4.4657931E-01    146 5.1E+02
  3552      1  1.0E+00   3554 (1.5E-10) 1.4E-03  4.4657931E-01    146 5.1E+02
  3553      1  1.0E+00   3555 (4.8E-11) 2.0E-03  4.4657931E-01    146 5.1E+02
  3554      1  1.0E+00   3556 (2.5E-10) 2.2E-03  4.4657931E-01    146 5.1E+02   R
  3555      1  1.0E+00   3557 (1.8E-11) 1.3E-03  4.4657930E-01    146 5.1E+02 s
  3556      1  1.0E+00   3558 (3.0E-11) 8.8E-04  4.4657930E-01    146 5.1E+02
  3557      1  1.0E+00   3559 (1.0E-11) 7.0E-04  4.4657930E-01    146 5.1E+02
  3558      1  1.0E+00   3560 (2.5E-11) 7.5E-04  4.4657930E-01    146 5.1E+02
  3559      1  1.0E+00   3561 (1.0E-10) 9.2E-04  4.4657930E-01    146 5.1E+02

 Major Minors     Step   nCon Feasible  Optimal  MeritFunction     nS Penalty
  3560      1  1.0E+00   3562 (5.7E-10) 1.3E-03  4.4657930E-01    146 5.1E+02
  3561      1  1.0E+00   3563 (2.3E-10) 9.8E-04  4.4657930E-01    146 5.1E+02
  3562      1  1.0E+00   3564 (3.3E-11) 1.1E-03  4.4657930E-01    146 5.1E+02
  3563      1  1.0E+00   3565 (3.1E-11) 1.4E-03  4.4657929E-01    146 5.1E+02
  3564      1  1.0E+00   3566 (8.5E-11) 1.8E-03  4.4657929E-01    146 5.1E+02
  3565     77  1.0E+00   3567 (3.3E-10) 3.6E-03  4.4657929E-01     79 5.1E+02   r
  3566     97  3.1E-08   3568 (3.2E-10) 2.2E-03  4.4657929E-01    146 5.1E+02 s
  3567      1  1.0E+00   3569 (8.5E-12) 1.6E-03  4.4657929E-01    146 5.1E+02
  3568      1  1.0E+00   3570 (4.4E-12) 1.9E-03  4.4657929E-01    146 5.1E+02
  3569      1  1.0E+00   3571 (1.4E-12) 6.0E-04  4.4657929E-01    146 5.1E+02

 Major Minors     Step   nCon Feasible  Optimal  MeritFunction     nS Penalty
  3570      1  1.0E+00   3572 (7.7E-13) 5.8E-04  4.4657929E-01    146 5.1E+02
  3571      1  1.0E+00   3573 (7.3E-13) 5.7E-04  4.4657928E-01    146 5.1E+02
  3572      1  1.0E+00   3574 (1.2E-12) 8.6E-04  4.4657928E-01    146 5.1E+02
  3573      1  1.0E+00   3575 (6.7E-13) 7.7E-04  4.4657928E-01    146 5.1E+02
  3574      1  1.0E+00   3576 (8.1E-13) 8.4E-04  4.4657928E-01    146 5.1E+02
  3575      1  1.0E+00   3577 (1.8E-12) 1.5E-03  4.4657928E-01    146 5.1E+02
  3576      1  1.0E+00   3578 (1.0E-12) 6.9E-04  4.4657928E-01    146 5.1E+02   R
  3577      1  1.0E+00   3579 (3.1E-13) 2.8E-04  4.4657928E-01    146 5.1E+02 s
  3578      1  1.0E+00   3580 (2.8E-13) 5.5E-04  4.4657928E-01    146 5.1E+02
  3579      1  1.0E+00   3581 (4.2E-13) 3.0E-04  4.4657928E-01    146 5.1E+02

 Major Minors     Step   nCon Feasible  Optimal  MeritFunction     nS Penalty
  3580      1  1.0E+00   3582 (1.9E-13) 2.3E-04  4.4657928E-01    146 5.1E+02
  3581      1  1.0E+00   3583 (1.2E-13) 2.3E-04  4.4657928E-01    146 5.1E+02
  3582      1  1.0E+00   3584 (1.5E-13) 1.6E-04  4.4657928E-01    146 5.1E+02
  3583      1  1.0E+00   3585 (9.6E-14) 1.3E-04  4.4657928E-01    146 5.1E+02
  3584      1  1.0E+00   3586 (5.3E-14) 1.2E-04  4.4657928E-01    146 5.1E+02
  3585      1  1.0E+00   3587 (1.8E-13) 2.7E-04  4.4657928E-01    146 5.1E+02
  3586      1  1.0E+00   3588 (1.6E-13) 2.9E-04  4.4657928E-01    146 5.1E+02
  3587      1  1.0E+00   3589 (1.1E-13) 1.3E-04  4.4657928E-01    146 5.1E+02   R
  3588      1  1.0E+00   3590 (5.4E-14) 1.2E-04  4.4657928E-01    146 5.1E+02 s
  3589      1  1.0E+00   3591 (1.3E-13) 9.1E-05  4.4657928E-01    146 5.1E+02

 Major Minors     Step   nCon Feasible  Optimal  MeritFunction     nS Penalty
  3590      1  1.0E+00   3592 (6.1E-14) 1.4E-04  4.4657928E-01    146 5.1E+02
  3591      1  1.0E+00   3593 (1.3E-13) 1.7E-04  4.4657928E-01    146 5.1E+02
  3592      1  1.0E+00   3594 (6.0E-14) 1.5E-04  4.4657928E-01    146 5.1E+02
  3593      1  1.0E+00   3595 (1.0E-13) 1.3E-04  4.4657928E-01    146 5.1E+02
  3594      1  1.0E+00   3596 (5.5E-14) 2.1E-04  4.4657928E-01    146 5.1E+02
  3595      1  1.0E+00   3597 (1.0E-13) 8.7E-05  4.4657928E-01    146 5.1E+02
  3596      1  1.0E+00   3598 (7.6E-14) 1.1E-04  4.4657928E-01    146 5.1E+02
  3597      1  1.0E+00   3599 (8.7E-14) 1.6E-04  4.4657928E-01    146 5.1E+02
  3598      1  1.0E+00   3600 (1.3E-13) 2.7E-04  4.4657928E-01    146 5.1E+02   R
  3599      1  1.0E+00   3601 (9.6E-14) 1.7E-04  4.4657928E-01    146 5.1E+02 s

 Major Minors     Step   nCon Feasible  Optimal  MeritFunction     nS Penalty
  3600      1  1.0E+00   3602 (3.9E-13) 2.2E-04  4.4657928E-01    146 5.1E+02
  3601      1  1.0E+00   3603 (1.3E-13) 1.4E-04  4.4657928E-01    146 5.1E+02
  3602      1  1.0E+00   3604 (1.8E-13) 3.2E-04  4.4657928E-01    146 5.1E+02
  3603      1  1.0E+00   3605 (7.7E-14) 1.7E-04  4.4657928E-01    146 5.1E+02
  3604      1  1.0E+00   3606 (2.2E-13) 2.4E-04  4.4657928E-01    146 5.1E+02
  3605      1  1.0E+00   3607 (1.7E-13) 3.9E-04  4.4657928E-01    146 5.1E+02
  3606      1  1.0E+00   3608 (2.0E-13) 2.3E-04  4.4657928E-01    146 5.1E+02
  3607      1  1.0E+00   3609 (2.0E-13) 4.2E-04  4.4657928E-01    146 5.1E+02
  3608      1  1.0E+00   3610 (2.5E-13) 3.2E-04  4.4657928E-01    146 5.1E+02
  3609      1  1.0E+00   3611 (1.0E-12) 9.1E-04  4.4657928E-01    146 5.1E+02   R

 Major Minors     Step   nCon Feasible  Optimal  MeritFunction     nS Penalty
  3610      1  1.0E+00   3612 (2.3E-12) 6.7E-04  4.4657928E-01    146 5.1E+02 s
  3611      1  1.0E+00   3613 (4.7E-13) 4.0E-04  4.4657928E-01    146 5.1E+02
  3612      1  1.0E+00   3614 (1.4E-13) 1.7E-04  4.4657928E-01    146 5.1E+02
  3613      1  1.0E+00   3615 (3.5E-13) 2.4E-04  4.4657928E-01    146 5.1E+02
  3614      1  1.0E+00   3616 (1.5E-13) 2.3E-04  4.4657928E-01    146 5.1E+02
  3615      1  1.0E+00   3617 (7.1E-14) 2.4E-04  4.4657928E-01    146 5.1E+02
  3616      1  1.0E+00   3618 (7.6E-14) 2.6E-04  4.4657928E-01    146 5.1E+02
  3617      1  1.0E+00   3619 (2.0E-13) 2.1E-04  4.4657928E-01    146 5.1E+02
  3618      1  1.0E+00   3620 (1.8E-13) 2.2E-04  4.4657928E-01    146 5.1E+02
  3619      1  1.0E+00   3621 (1.7E-13) 2.6E-04  4.4657928E-01    146 5.1E+02

 Major Minors     Step   nCon Feasible  Optimal  MeritFunction     nS Penalty
  3620      1  1.0E+00   3622 (1.5E-13) 4.8E-04  4.4657928E-01    146 5.1E+02   R
  3621      1  1.0E+00   3623 (8.1E-14) 3.6E-04  4.4657928E-01    146 5.1E+02 s
  3622      1  1.0E+00   3624 (1.6E-12) 3.7E-04  4.4657928E-01    146 5.1E+02
  3623      1  1.0E+00   3625 (1.0E-12) 5.7E-04  4.4657928E-01    146 5.1E+02
  3624      1  1.0E+00   3626 (6.1E-13) 3.5E-04  4.4657928E-01    146 5.1E+02
  3625      1  1.0E+00   3627 (9.5E-13) 5.2E-04  4.4657928E-01    146 5.1E+02
  3626      1  1.0E+00   3628 (4.6E-13) 3.0E-04  4.4657928E-01    146 5.1E+02
  3627      1  1.0E+00   3629 (1.4E-12) 6.4E-04  4.4657928E-01    146 5.1E+02
  3628      1  1.0E+00   3630 (1.0E-12) 8.1E-04  4.4657928E-01    146 5.1E+02
  3629      1  1.0E+00   3631 (2.2E-12) 8.5E-04  4.4657928E-01    146 5.1E+02

 Major Minors     Step   nCon Feasible  Optimal  MeritFunction     nS Penalty
  3630      1  1.0E+00   3632 (1.7E-12) 1.0E-03  4.4657928E-01    146 5.1E+02
  3631      1  1.0E+00   3633 (4.8E-12) 1.4E-03  4.4657928E-01    146 5.1E+02   R
  3632      1  4.1E-01   3634 (6.6E-12) 3.9E-04  4.4657928E-01    146 5.1E+02 s
  3633      1  1.0E+00   3635 (3.3E-13) 3.0E-04  4.4657928E-01    146 5.1E+02
  3634      1  1.0E+00   3636 (9.5E-13) 8.5E-04  4.4657928E-01    146 5.1E+02
  3635      1  1.0E+00   3637 (7.6E-13) 9.1E-04  4.4657928E-01    146 5.1E+02
  3636      1  1.0E+00   3638 (5.6E-13) 3.9E-04  4.4657928E-01    146 5.1E+02
  3637      1  1.0E+00   3639 (2.4E-13) 3.3E-04  4.4657928E-01    146 5.1E+02
  3638      1  1.0E+00   3640 (1.6E-13) 4.9E-04  4.4657928E-01    146 5.1E+02
  3639      1  1.0E+00   3641 (2.2E-13) 5.5E-04  4.4657928E-01    146 5.1E+02

 Major Minors     Step   nCon Feasible  Optimal  MeritFunction     nS Penalty
  3640      1  1.0E+00   3642 (1.8E-13) 3.3E-04  4.4657928E-01    146 5.1E+02
  3641      1  1.0E+00   3643 (1.7E-13) 4.8E-04  4.4657928E-01    146 5.1E+02
  3642      1  1.0E+00   3644 (2.6E-13) 7.8E-04  4.4657928E-01    146 5.1E+02   R
  3643      1  1.0E+00   3645 (1.9E-13) 3.6E-04  4.4657928E-01    146 5.1E+02 s
  3644      1  1.0E+00   3646 (1.7E-12) 8.5E-04  4.4657928E-01    146 5.1E+02
  3645      1  1.0E+00   3647 (8.2E-13) 3.4E-04  4.4657928E-01    146 5.1E+02
  3646      1  1.0E+00   3648 (4.4E-13) 3.5E-04  4.4657928E-01    146 5.1E+02
  3647      1  1.0E+00   3649 (3.5E-13) 5.2E-04  4.4657928E-01    146 5.1E+02
  3648      1  1.0E+00   3650 (1.5E-12) 4.8E-04  4.4657928E-01    146 5.1E+02
  3649      1  1.0E+00   3651 (2.0E-12) 7.6E-04  4.4657928E-01    146 5.1E+02

 Major Minors     Step   nCon Feasible  Optimal  MeritFunction     nS Penalty
  3650      1  1.0E+00   3652 (1.1E-12) 4.3E-04  4.4657928E-01    146 5.1E+02
  3651      1  1.0E+00   3653 (2.6E-12) 8.2E-04  4.4657928E-01    146 5.1E+02
  3652      1  1.0E+00   3654 (8.7E-12) 1.5E-03  4.4657927E-01    146 5.1E+02
  3653      1  1.0E+00   3655 (6.0E-11) 3.3E-03  4.4657927E-01    146 5.1E+02   R
  3654      1  1.0E+00   3656 (4.6E-11) 2.4E-03  4.4657927E-01    146 5.1E+02 s
  3655      1  1.0E+00   3657 (9.7E-12) 1.1E-03  4.4657927E-01    146 5.1E+02
  3656      1  1.0E+00   3658 (1.8E-12) 5.3E-04  4.4657927E-01    146 5.1E+02
  3657      1  1.0E+00   3659 (4.7E-12) 1.1E-03  4.4657926E-01    146 5.1E+02
  3658      1  1.0E+00   3660 (2.1E-12) 9.9E-04  4.4657926E-01    146 5.1E+02
  3659      1  1.0E+00   3661 (1.7E-12) 4.7E-04  4.4657926E-01    146 5.1E+02

 Major Minors     Step   nCon Feasible  Optimal  MeritFunction     nS Penalty
  3660      1  1.0E+00   3662 (1.5E-12) 3.9E-04  4.4657926E-01    146 5.1E+02
  3661      1  1.0E+00   3663 (7.5E-13) 3.3E-04  4.4657926E-01    146 5.1E+02
  3662      1  1.0E+00   3664 (3.6E-13) 1.7E-04  4.4657926E-01    146 5.1E+02
  3663      1  1.0E+00   3665 (2.4E-13) 2.0E-04  4.4657926E-01    146 5.1E+02
  3664      1  1.0E+00   3666 (3.2E-13) 3.1E-04  4.4657926E-01    146 5.1E+02   R
  3665      1  1.0E+00   3667 (1.6E-13) 1.4E-04  4.4657926E-01    146 5.1E+02 s
  3666      1  1.0E+00   3668 (3.7E-13) 2.5E-04  4.4657926E-01    146 5.1E+02
  3667      1  1.0E+00   3669 (7.1E-13) 3.8E-04  4.4657926E-01    146 5.1E+02
  3668      1  1.0E+00   3670 (6.3E-13) 4.0E-04  4.4657926E-01    146 5.1E+02
  3669      1  1.0E+00   3671 (9.0E-13) 5.8E-04  4.4657926E-01    146 5.1E+02

 Major Minors     Step   nCon Feasible  Optimal  MeritFunction     nS Penalty
  3670      1  1.0E+00   3672 (5.6E-12) 6.7E-04  4.4657926E-01    146 5.1E+02
  3671      1  1.0E+00   3673 (7.9E-12) 1.2E-03  4.4657926E-01    146 5.1E+02
  3672      1  1.0E+00   3674 (1.7E-11) 1.2E-03  4.4657926E-01    146 5.1E+02
  3673      1  1.0E+00   3675 (2.3E-11) 1.4E-03  4.4657925E-01    146 5.1E+02
  3674      1  1.0E+00   3676 (9.3E-11) 1.6E-03  4.4657925E-01    146 5.1E+02
  3675      1  1.0E+00   3677 (6.5E-10) 4.9E-03  4.4657924E-01    146 5.1E+02   R
  3676      1  1.0E+00   3678 (6.5E-11) 3.5E-03  4.4657923E-01    146 5.1E+02 s
  3677      1  1.0E+00   3679 (2.5E-11) 1.3E-03  4.4657922E-01    146 5.1E+02
  3678      1  1.0E+00   3680 (1.5E-11) 1.1E-03  4.4657922E-01    146 5.1E+02
  3679      1  1.0E+00   3681 (4.4E-12) 1.3E-03  4.4657922E-01    146 5.1E+02

 Major Minors     Step   nCon Feasible  Optimal  MeritFunction     nS Penalty
  3680      1  1.0E+00   3682 (3.9E-12) 8.6E-04  4.4657922E-01    146 5.1E+02
  3681      1  1.0E+00   3683 (4.3E-12) 1.4E-03  4.4657922E-01    146 5.1E+02
  3682      1  1.0E+00   3684 (2.0E-12) 7.0E-04  4.4657922E-01    146 5.1E+02
  3683      1  1.0E+00   3685 (1.0E-12) 4.0E-04  4.4657922E-01    146 5.1E+02
  3684      1  1.0E+00   3686 (3.9E-13) 1.6E-04  4.4657922E-01    146 5.1E+02
  3685      1  1.0E+00   3687 (2.1E-13) 3.3E-04  4.4657922E-01    146 5.1E+02
  3686      1  1.0E+00   3688 (7.1E-13) 5.2E-04  4.4657922E-01    146 5.1E+02   R
  3687      1  1.0E+00   3689 (8.1E-13) 3.3E-04  4.4657922E-01    146 5.1E+02 s
  3688      1  1.0E+00   3690 (5.3E-13) 3.8E-04  4.4657922E-01    146 5.1E+02
  3689      1  1.0E+00   3691 (2.4E-13) 3.3E-04  4.4657921E-01    146 5.1E+02

 Major Minors     Step   nCon Feasible  Optimal  MeritFunction     nS Penalty
  3690      1  1.0E+00   3692 (7.2E-13) 6.3E-04  4.4657921E-01    146 5.1E+02
  3691      1  1.0E+00   3693 (7.4E-13) 1.0E-03  4.4657921E-01    146 5.1E+02
  3692      1  1.0E+00   3694 (2.8E-12) 1.4E-03  4.4657921E-01    146 5.1E+02
  3693      1  1.0E+00   3695 (1.1E-11) 1.5E-03  4.4657921E-01    146 5.1E+02
  3694      1  1.0E+00   3696 (3.7E-11) 1.5E-03  4.4657921E-01    146 5.1E+02
  3695      1  1.0E+00   3697 (9.5E-11) 1.3E-03  4.4657921E-01    146 5.1E+02
  3696      1  1.0E+00   3698 (1.8E-10) 1.6E-03  4.4657920E-01    146 5.1E+02
  3697      1  1.0E+00   3699 (3.6E-10) 2.3E-03  4.4657919E-01    146 5.1E+02   R
  3698      1  1.0E+00   3700 (4.9E-12) 1.9E-03  4.4657919E-01    146 5.1E+02 s
  3699      1  2.9E-01   3701 (4.2E-11) 2.1E-03  4.4657918E-01    146 5.1E+02

 Major Minors     Step   nCon Feasible  Optimal  MeritFunction     nS Penalty
  3700      1  3.1E-01   3702 (4.5E-11) 2.1E-03  4.4657918E-01    146 5.1E+02
  3701      1  4.0E-01   3703 (3.8E-11) 8.8E-04  4.4657918E-01    146 5.1E+02
  3702      1  3.5E-01   3704 (2.7E-11) 7.9E-04  4.4657918E-01    146 5.1E+02
  3703      1  4.2E-01   3705 (1.8E-11) 7.6E-04  4.4657917E-01    146 5.1E+02
  3704      1  3.9E-01   3706 (1.2E-11) 3.7E-04  4.4657917E-01    146 5.1E+02
  3705      1  1.0E+00   3707 (3.1E-12) 1.6E-03  4.4657917E-01    146 5.1E+02
  3706      1  1.0E+00   3708 (5.9E-12) 1.2E-03  4.4657917E-01    146 5.1E+02
  3707      1  1.0E+00   3709 (7.5E-12) 2.7E-03  4.4657917E-01    146 5.1E+02
  3708      1  4.7E-01   3710 (8.1E-12) 1.3E-03  4.4657917E-01    146 5.1E+02   R
  3709      1  4.7E-01   3711 (6.6E-12) 4.3E-04  4.4657917E-01    146 5.1E+02 s

 Major Minors     Step   nCon Feasible  Optimal  MeritFunction     nS Penalty
  3710      1  1.0E+00   3712 (8.7E-13) 5.3E-04  4.4657917E-01    146 5.1E+02
  3711      1  1.0E+00   3713 (5.4E-13) 5.2E-04  4.4657917E-01    146 5.1E+02
  3712      1  1.0E+00   3714 (1.5E-12) 1.0E-03  4.4657917E-01    146 5.1E+02
  3713      1  1.0E+00   3715 (1.2E-12) 1.3E-03  4.4657917E-01    146 5.1E+02
  3714      1  1.0E+00   3716 (4.3E-12) 1.3E-03  4.4657917E-01    146 5.1E+02
  3715      1  1.0E+00   3717 (9.6E-12) 1.3E-03  4.4657917E-01    146 5.1E+02
  3716      1  1.0E+00   3718 (4.9E-12) 9.4E-04  4.4657917E-01    146 5.1E+02
  3717      1  1.0E+00   3719 (3.9E-12) 1.7E-03  4.4657917E-01    146 5.1E+02
  3718      1  1.0E+00   3720 (1.7E-11) 2.2E-03  4.4657917E-01    146 5.1E+02
  3719      1  1.0E+00   3721 (1.5E-10) 2.5E-03  4.4657916E-01    146 5.1E+02   R

 Major Minors     Step   nCon Feasible  Optimal  MeritFunction     nS Penalty
  3720      1  1.0E+00   3722 (1.3E-11) 1.9E-03  4.4657916E-01    146 5.1E+02 s
  3721      1  1.0E+00   3723 (8.3E-12) 1.8E-03  4.4657916E-01    146 5.1E+02
  3722      1  1.0E+00   3724 (6.9E-12) 1.3E-03  4.4657916E-01    146 5.1E+02
  3723      1  1.0E+00   3725 (2.9E-12) 4.9E-04  4.4657916E-01    146 5.1E+02
  3724      1  1.0E+00   3726 (6.9E-13) 6.4E-04  4.4657916E-01    146 5.1E+02
  3725      1  1.0E+00   3727 (3.2E-12) 1.2E-03  4.4657915E-01    146 5.1E+02
  3726      1  1.0E+00   3728 (2.3E-12) 8.3E-04  4.4657915E-01    146 5.1E+02
  3727      1  1.0E+00   3729 (1.5E-12) 4.0E-04  4.4657915E-01    146 5.1E+02
  3728      1  1.0E+00   3730 (1.5E-12) 6.6E-04  4.4657915E-01    146 5.1E+02
  3729      1  1.0E+00   3731 (1.0E-12) 5.6E-04  4.4657915E-01    146 5.1E+02

 Major Minors     Step   nCon Feasible  Optimal  MeritFunction     nS Penalty
  3730      1  1.0E+00   3732 (8.4E-13) 3.2E-04  4.4657915E-01    146 5.1E+02   R
  3731      1  1.0E+00   3733 (5.2E-13) 3.1E-04  4.4657915E-01    146 5.1E+02 s
  3732      1  1.0E+00   3734 (5.5E-12) 8.5E-04  4.4657915E-01    146 5.1E+02
  3733      1  1.0E+00   3735 (3.2E-12) 7.3E-04  4.4657915E-01    146 5.1E+02
  3734      1  1.0E+00   3736 (3.9E-12) 9.7E-04  4.4657915E-01    146 5.1E+02
  3735      1  1.0E+00   3737 (2.5E-12) 9.1E-04  4.4657915E-01    146 5.1E+02
  3736      1  1.0E+00   3738 (1.1E-11) 1.1E-03  4.4657915E-01    146 5.1E+02
  3737      1  1.0E+00   3739 (2.1E-11) 1.7E-03  4.4657915E-01    146 5.1E+02
  3738      1  1.0E+00   3740 (6.3E-12) 1.0E-03  4.4657915E-01    146 5.1E+02
  3739      1  1.0E+00   3741 (1.1E-11) 1.9E-03  4.4657915E-01    146 5.1E+02

 Major Minors     Step   nCon Feasible  Optimal  MeritFunction     nS Penalty
  3740      1  1.0E+00   3742 (5.7E-12) 1.9E-03  4.4657915E-01    146 5.1E+02
  3741      1  1.0E+00   3743 (1.5E-10) 2.5E-03  4.4657914E-01    146 5.1E+02   R
  3742      1  4.2E-01   3744 (8.9E-11) 9.3E-04  4.4657914E-01    146 5.1E+02 s
  3743      1  1.0E+00   3745 (1.5E-12) 4.6E-04  4.4657914E-01    146 5.1E+02
  3744      1  1.0E+00   3746 (1.4E-12) 9.7E-04  4.4657914E-01    146 5.1E+02
  3745      1  1.0E+00   3747 (1.4E-12) 1.1E-03  4.4657914E-01    146 5.1E+02
  3746      1  1.0E+00   3748 (1.5E-12) 6.6E-04  4.4657914E-01    146 5.1E+02
  3747      1  1.0E+00   3749 (9.1E-13) 4.1E-04  4.4657914E-01    146 5.1E+02
  3748      1  1.0E+00   3750 (8.0E-13) 6.3E-04  4.4657914E-01    146 5.1E+02
  3749      1  1.0E+00   3751 (1.1E-12) 1.1E-03  4.4657914E-01    146 5.1E+02

 Major Minors     Step   nCon Feasible  Optimal  MeritFunction     nS Penalty
  3750      1  1.0E+00   3752 (1.4E-12) 1.0E-03  4.4657914E-01    146 5.1E+02
  3751      1  1.0E+00   3753 (1.2E-12) 6.4E-04  4.4657913E-01    146 5.1E+02
  3752      1  1.0E+00   3754 (1.0E-12) 6.6E-04  4.4657913E-01    146 5.1E+02   R
  3753      1  1.0E+00   3755 (1.9E-13) 5.1E-04  4.4657913E-01    146 5.1E+02 s
  3754      1  4.4E-01   3756 (3.8E-12) 7.5E-04  4.4657913E-01    146 5.1E+02
  3755      1  4.6E-01   3757 (4.6E-12) 7.6E-04  4.4657913E-01    146 5.1E+02
  3756      1  1.0E+00   3758 (5.1E-12) 1.2E-03  4.4657913E-01    146 5.1E+02
  3757      1  4.6E-01   3759 (5.3E-12) 1.4E-03  4.4657913E-01    146 5.1E+02
  3758      1  1.0E+00   3760 (4.8E-12) 9.7E-04  4.4657913E-01    146 5.1E+02
  3759      1  4.0E-01   3761 (8.3E-12) 1.5E-03  4.4657913E-01    146 5.1E+02

 Major Minors     Step   nCon Feasible  Optimal  MeritFunction     nS Penalty
  3760      1  1.0E+00   3762 (2.3E-11) 2.0E-03  4.4657913E-01    146 5.1E+02
  3761      1  1.0E+00   3763 (2.4E-11) 1.4E-03  4.4657913E-01    146 5.1E+02
  3762      1  1.0E+00   3764 (5.0E-11) 2.6E-03  4.4657913E-01    146 5.1E+02
  3763      1  1.0E+00   3765 (4.5E-11) 4.7E-03  4.4657912E-01    146 5.1E+02   R
  3764      1  3.6E-01   3766 (5.2E-11) 2.0E-03  4.4657912E-01    146 5.1E+02 s
  3765      1  1.0E+00   3767 (3.9E-12) 6.0E-04  4.4657912E-01    146 5.1E+02
  3766      1  1.0E+00   3768 (7.5E-13) 4.2E-04  4.4657912E-01    146 5.1E+02
  3767      1  1.0E+00   3769 (1.3E-12) 1.2E-03  4.4657912E-01    146 5.1E+02
  3768      1  1.0E+00   3770 (2.0E-12) 2.0E-03  4.4657912E-01    146 5.1E+02
  3769      1  1.0E+00   3771 (1.9E-12) 1.8E-03  4.4657912E-01    146 5.1E+02

 Major Minors     Step   nCon Feasible  Optimal  MeritFunction     nS Penalty
  3770      1  1.0E+00   3772 (1.6E-12) 6.7E-04  4.4657912E-01    146 5.1E+02
  3771      1  1.0E+00   3773 (1.0E-12) 6.5E-04  4.4657912E-01    146 5.1E+02
  3772      1  1.0E+00   3774 (1.7E-12) 1.2E-03  4.4657912E-01    146 5.1E+02
  3773      1  1.0E+00   3775 (3.4E-12) 1.3E-03  4.4657912E-01    146 5.1E+02
  3774      1  1.0E+00   3776 (4.3E-12) 6.9E-04  4.4657912E-01    146 5.1E+02   R
  3775      1  1.0E+00   3777 (3.9E-13) 4.8E-04  4.4657911E-01    146 5.1E+02 s
  3776      1  4.7E-01   3778 (4.3E-12) 8.6E-04  4.4657911E-01    146 5.1E+02
  3777      1  1.0E+00   3779 (4.8E-12) 1.3E-03  4.4657911E-01    146 5.1E+02
  3778      1  4.8E-01   3780 (4.7E-12) 1.1E-03  4.4657911E-01    146 5.1E+02
  3779      1  1.0E+00   3781 (3.7E-12) 1.0E-03  4.4657911E-01    146 5.1E+02

 Major Minors     Step   nCon Feasible  Optimal  MeritFunction     nS Penalty
  3780      1  1.0E+00   3782 (1.2E-11) 2.3E-03  4.4657911E-01    146 5.1E+02
  3781      1  1.0E+00   3783 (1.1E-11) 1.2E-03  4.4657911E-01    146 5.1E+02
  3782      1  1.0E+00   3784 (8.0E-12) 1.1E-03  4.4657911E-01    146 5.1E+02
  3783      1  1.0E+00   3785 (1.5E-11) 3.1E-03  4.4657911E-01    146 5.1E+02
  3784      1  1.0E+00   3786 (9.4E-12) 1.0E-03  4.4657911E-01    146 5.1E+02
  3785      1  4.6E-01   3787 (1.2E-11) 9.0E-04  4.4657911E-01    146 5.1E+02   R
  3786      1  4.8E-01   3788 (9.0E-12) 6.0E-04  4.4657911E-01    146 5.1E+02 s
  3787      1  1.0E+00   3789 (7.8E-13) 5.3E-04  4.4657911E-01    146 5.1E+02
  3788      1  1.0E+00   3790 (1.3E-12) 7.8E-04  4.4657911E-01    146 5.1E+02
  3789      1  1.0E+00   3791 (2.7E-12) 1.1E-03  4.4657911E-01    146 5.1E+02

 Major Minors     Step   nCon Feasible  Optimal  MeritFunction     nS Penalty
  3790      1  1.0E+00   3792 (3.6E-12) 6.9E-04  4.4657911E-01    146 5.1E+02
  3791      1  1.0E+00   3793 (2.4E-12) 6.7E-04  4.4657911E-01    146 5.1E+02
  3792      1  1.0E+00   3794 (1.9E-12) 6.2E-04  4.4657910E-01    146 5.1E+02
  3793      1  1.0E+00   3795 (3.1E-12) 8.4E-04  4.4657910E-01    146 5.1E+02
  3794      1  1.0E+00   3796 (9.9E-12) 7.2E-04  4.4657910E-01    146 5.1E+02
  3795      1  1.0E+00   3797 (3.5E-11) 1.4E-03  4.4657910E-01    146 5.1E+02
  3796      1  1.0E+00   3798 (9.9E-11) 2.1E-03  4.4657910E-01    146 5.1E+02   R
  3797      1  1.0E+00   3799 (1.6E-12) 1.4E-03  4.4657910E-01    146 5.1E+02 s
  3798      1  4.2E-01   3800 (8.3E-12) 8.1E-04  4.4657910E-01    146 5.1E+02
  3799      1  4.5E-01   3801 (7.6E-12) 7.0E-04  4.4657910E-01    146 5.1E+02

 Major Minors     Step   nCon Feasible  Optimal  MeritFunction     nS Penalty
  3800      1  3.9E-01   3802 (5.9E-12) 3.3E-04  4.4657910E-01    146 5.1E+02
  3801      1  1.0E+00   3803 (1.3E-12) 1.3E-03  4.4657910E-01    146 5.1E+02
  3802      1  1.0E+00   3804 (3.1E-11) 1.9E-03  4.4657910E-01    146 5.1E+02
  3803      1  1.0E+00   3805 (1.1E-11) 8.5E-04  4.4657910E-01    146 5.1E+02
  3804      1  4.5E-01   3806 (8.8E-12) 1.1E-03  4.4657910E-01    146 5.1E+02
  3805      1  1.0E+00   3807 (4.6E-12) 8.0E-04  4.4657910E-01    146 5.1E+02
  3806      1  1.0E+00   3808 (8.1E-12) 1.3E-03  4.4657910E-01    146 5.1E+02
  3807      1  1.0E+00   3809 (4.4E-11) 1.5E-03  4.4657909E-01    146 5.1E+02   R
  3808      1  3.3E-01   3810 (2.9E-11) 8.5E-04  4.4657909E-01    146 5.1E+02 s
  3809      1  1.0E+00   3811 (3.6E-13) 4.3E-04  4.4657909E-01    146 5.1E+02

 Major Minors     Step   nCon Feasible  Optimal  MeritFunction     nS Penalty
  3810      1  1.0E+00   3812 (4.8E-13) 4.3E-04  4.4657909E-01    146 5.1E+02
  3811      1  1.0E+00   3813 (1.6E-12) 1.4E-03  4.4657909E-01    146 5.1E+02
  3812      1  1.0E+00   3814 (6.3E-12) 2.2E-03  4.4657909E-01    146 5.1E+02
  3813      1  1.0E+00   3815 (1.6E-11) 2.4E-03  4.4657909E-01    146 5.1E+02
  3814      1  1.0E+00   3816 (2.5E-11) 1.5E-03  4.4657909E-01    146 5.1E+02
  3815      1  1.0E+00   3817 (2.1E-11) 4.0E-04  4.4657909E-01    146 5.1E+02
  3816      1  1.0E+00   3818 (1.5E-11) 8.9E-04  4.4657909E-01    146 5.1E+02
  3817      1  1.0E+00   3819 (1.6E-11) 1.6E-03  4.4657909E-01    146 5.1E+02
  3818      1  1.0E+00   3820 (2.2E-11) 1.7E-03  4.4657909E-01    146 5.1E+02   R
  3819      1  1.0E+00   3821 (2.3E-13) 8.6E-04  4.4657909E-01    146 5.1E+02 s

 Major Minors     Step   nCon Feasible  Optimal  MeritFunction     nS Penalty
  3820      1  1.0E+00   3822 (6.1E-12) 1.9E-03  4.4657909E-01    146 5.1E+02
  3821      1  4.6E-01   3823 (9.0E-12) 2.5E-03  4.4657909E-01    146 5.1E+02
  3822      1  1.0E+00   3824 (1.1E-11) 2.0E-03  4.4657909E-01    146 5.1E+02
  3823      1  1.0E+00   3825 (3.2E-11) 2.2E-03  4.4657909E-01    146 5.1E+02
  3824      1  3.1E-01   3826 (2.3E-11) 4.7E-04  4.4657909E-01    146 5.1E+02
  3825      1  1.0E+00   3827 (6.1E-12) 1.3E-03  4.4657909E-01    146 5.1E+02
  3826      1  1.0E+00   3828 (3.9E-12) 8.7E-04  4.4657909E-01    146 5.1E+02
  3827      1  1.0E+00   3829 (1.5E-11) 1.3E-03  4.4657909E-01    146 5.1E+02
  3828      1  1.0E+00   3830 (2.7E-11) 8.6E-04  4.4657908E-01    146 5.1E+02
  3829      1  1.0E+00   3831 (4.2E-11) 1.5E-03  4.4657908E-01    146 5.1E+02   R

 Major Minors     Step   nCon Feasible  Optimal  MeritFunction     nS Penalty
  3830      1  3.6E-01   3832 (2.6E-11) 4.6E-04  4.4657908E-01    146 5.1E+02 s
  3831      1  1.0E+00   3833 (5.2E-13) 2.3E-04  4.4657908E-01    146 5.1E+02
  3832      1  1.0E+00   3834 (5.9E-13) 4.8E-04  4.4657908E-01    146 5.1E+02
  3833      1  1.0E+00   3835 (1.5E-11) 1.5E-03  4.4657908E-01    146 5.1E+02
  3834      1  1.0E+00   3836 (3.7E-11) 1.7E-03  4.4657908E-01    146 5.1E+02
  3835      1  1.0E+00   3837 (1.0E-10) 1.7E-03  4.4657908E-01    146 5.1E+02
  3836      1  1.0E+00   3838 (1.1E-10) 1.3E-03  4.4657908E-01    146 5.1E+02
  3837      1  1.0E+00   3839 (9.4E-11) 6.6E-04  4.4657908E-01    146 5.1E+02
  3838      1  1.0E+00   3840 (1.1E-10) 1.1E-03  4.4657908E-01    146 5.1E+02
  3839      1  1.0E+00   3841 (1.7E-10) 1.8E-03  4.4657908E-01    146 5.1E+02

 Major Minors     Step   nCon Feasible  Optimal  MeritFunction     nS Penalty
  3840      1  1.0E+00   3842 (3.4E-10) 2.8E-03  4.4657908E-01    146 5.1E+02   R
  3841      1  1.0E+00   3843 (8.7E-13) 1.6E-03  4.4657908E-01    146 5.1E+02 s
  3842      1  1.0E+00   3844 (1.8E-11) 2.9E-03  4.4657908E-01    146 5.1E+02
  3843      1  1.0E+00   3845 (1.7E-11) 2.9E-03  4.4657907E-01    146 5.1E+02
  3844      1  1.0E+00   3846 (1.8E-11) 2.6E-03  4.4657907E-01    146 5.1E+02
  3845      1  1.0E+00   3847 (1.3E-11) 1.6E-03  4.4657907E-01    146 5.1E+02
  3846      1  5.0E-01   3848 (1.5E-11) 6.8E-04  4.4657907E-01    146 5.1E+02
  3847      1  1.0E+00   3849 (6.4E-11) 1.6E-03  4.4657907E-01    146 5.1E+02
  3848      1  4.4E-01   3850 (4.7E-11) 8.3E-04  4.4657907E-01    146 5.1E+02
  3849      1  1.0E+00   3851 (7.4E-12) 1.1E-03  4.4657907E-01    146 5.1E+02

 Major Minors     Step   nCon Feasible  Optimal  MeritFunction     nS Penalty
  3850      1  1.0E+00   3852 (6.5E-12) 2.0E-03  4.4657907E-01    146 5.1E+02
  3851      1  1.0E+00   3853 (1.3E-11) 1.1E-03  4.4657907E-01    146 5.1E+02   R
  3852      1  3.7E-01   3854 (8.1E-12) 2.4E-04  4.4657907E-01    146 5.1E+02 s
  3853      1  1.0E+00   3855 (4.5E-13) 2.0E-04  4.4657907E-01    146 5.1E+02
  3854      1  1.0E+00   3856 (5.8E-12) 5.9E-04  4.4657907E-01    146 5.1E+02
  3855      1  1.0E+00   3857 (7.3E-11) 1.4E-03  4.4657907E-01    146 5.1E+02
  3856      1  1.0E+00   3858 (2.9E-10) 2.4E-03  4.4657906E-01    146 5.1E+02
  3857      1  1.0E+00   3859 (9.3E-10) 2.7E-03  4.4657906E-01    146 5.1E+02
  3858      1  1.0E+00   3860 (1.6E-09) 2.0E-03  4.4657906E-01    146 5.1E+02
  3859      1  1.0E+00   3861 (2.2E-09) 2.1E-03  4.4657905E-01    146 5.1E+02

 Major Minors     Step   nCon Feasible  Optimal  MeritFunction     nS Penalty
  3860      1  1.0E+00   3862 (1.1E-09) 2.7E-03  4.4657905E-01    146 5.1E+02
  3861      1  1.0E+00   3863 (2.7E-09) 2.8E-03  4.4657904E-01    146 5.1E+02
  3862      1  1.0E+00   3864 (1.4E-08) 3.6E-03  4.4657903E-01    146 5.1E+02   R
  3863      1  1.0E+00   3865 (1.7E-11) 2.3E-03  4.4657903E-01    146 5.1E+02 s
  3864      1  1.0E+00   3866 (1.9E-11) 1.9E-03  4.4657903E-01    146 5.1E+02
  3865      1  1.0E+00   3867 (8.5E-12) 1.6E-03  4.4657902E-01    146 5.1E+02
  3866      1  1.0E+00   3868 (1.4E-11) 1.0E-03  4.4657902E-01    146 5.1E+02
  3867      1  1.0E+00   3869 (2.2E-11) 1.9E-03  4.4657902E-01    146 5.1E+02
  3868      1  1.0E+00   3870 (1.5E-11) 2.5E-03  4.4657902E-01    146 5.1E+02
  3869      1  1.0E+00   3871 (6.4E-11) 2.3E-03  4.4657901E-01    146 5.1E+02

 Major Minors     Step   nCon Feasible  Optimal  MeritFunction     nS Penalty
  3870      1  1.0E+00   3872 (3.2E-10) 3.3E-03  4.4657901E-01    146 5.1E+02
  3871      1  1.0E+00   3873 (6.3E-10) 4.4E-03  4.4657900E-01    146 5.1E+02
  3872      1  1.0E+00   3874 (2.0E-11) 1.3E-03  4.4657900E-01    146 5.1E+02
  3873      1  1.0E+00   3875 (6.2E-12) 8.7E-04  4.4657900E-01    146 5.1E+02   R
  3874      1  1.0E+00   3876 (1.9E-12) 5.7E-04  4.4657900E-01    146 5.1E+02 s
  3875      1  1.0E+00   3877 (9.7E-12) 1.2E-03  4.4657900E-01    146 5.1E+02
  3876      1  1.0E+00   3878 (2.2E-10) 2.4E-03  4.4657899E-01    146 5.1E+02
  3877      1  1.0E+00   3879 (4.1E-10) 6.3E-03  4.4657899E-01    146 5.1E+02
  3878      1  1.0E+00   3880 (3.9E-10) 3.8E-03  4.4657899E-01    146 5.1E+02
  3879      1  1.0E+00   3881 (1.1E-10) 2.7E-03  4.4657898E-01    146 5.1E+02

 Major Minors     Step   nCon Feasible  Optimal  MeritFunction     nS Penalty
  3880      1  1.0E+00   3882 (3.2E-11) 8.9E-04  4.4657898E-01    146 5.1E+02
  3881      1  1.0E+00   3883 (2.5E-10) 1.1E-03  4.4657898E-01    146 5.1E+02
  3882      1  1.0E+00   3884 (4.6E-12) 1.8E-03  4.4657898E-01    146 5.1E+02
  3883      1  1.0E+00   3885 (2.9E-10) 9.3E-04  4.4657897E-01    146 5.1E+02
  3884      1  1.0E+00   3886 (1.4E-09) 2.3E-03  4.4657897E-01    146 5.1E+02   R
  3885      1  1.0E+00   3887 (1.3E-11) 1.3E-03  4.4657897E-01    146 5.1E+02 s
  3886      1  1.0E+00   3888 (2.3E-11) 1.3E-03  4.4657896E-01    146 5.1E+02
  3887      1  1.0E+00   3889 (3.7E-11) 9.1E-04  4.4657896E-01    146 5.1E+02
  3888      1  1.0E+00   3890 (8.4E-11) 1.2E-03  4.4657896E-01    146 5.1E+02
  3889      1  1.0E+00   3891 (7.9E-10) 1.6E-03  4.4657896E-01    146 5.1E+02

 Major Minors     Step   nCon Feasible  Optimal  MeritFunction     nS Penalty
  3890      1  1.0E+00   3892 (2.6E-09) 2.9E-03  4.4657895E-01    146 5.1E+02
  3891      1  1.0E+00   3893 (2.8E-09) 2.4E-03  4.4657895E-01    146 5.1E+02
  3892      1  1.0E+00   3894 (7.1E-09) 2.6E-03  4.4657894E-01    146 5.1E+02
  3893      1  1.0E+00   3895 (8.6E-08) 8.1E-03  4.4657892E-01    146 5.1E+02
  3894      1  1.0E+00   3896 (2.6E-10) 6.2E-03  4.4657891E-01    146 5.1E+02
  3895      1  1.0E+00   3897 (9.5E-10) 2.8E-03  4.4657890E-01    146 5.1E+02   R
  3896      1  4.8E-01   3898 (4.9E-10) 1.6E-03  4.4657889E-01    146 5.1E+02 s
  3897      1  1.0E+00   3899 (2.8E-12) 7.8E-04  4.4657889E-01    146 5.1E+02
  3898      1  1.0E+00   3900 (4.2E-11) 1.7E-03  4.4657889E-01    146 5.1E+02
  3899      1  1.0E+00   3901 (8.2E-11) 2.0E-03  4.4657889E-01    146 5.1E+02

 Major Minors     Step   nCon Feasible  Optimal  MeritFunction     nS Penalty
  3900      1  1.0E+00   3902 (1.2E-10) 1.6E-03  4.4657889E-01    146 5.1E+02
  3901      1  1.0E+00   3903 (2.6E-10) 1.4E-03  4.4657888E-01    146 5.1E+02
  3902      1  1.0E+00   3904 (6.2E-10) 1.7E-03  4.4657888E-01    146 5.1E+02
  3903      1  1.0E+00   3905 (1.2E-09) 2.0E-03  4.4657888E-01    146 5.1E+02
  3904      1  1.0E+00   3906 (1.5E-09) 1.5E-03  4.4657888E-01    146 5.1E+02
  3905      1  1.0E+00   3907 (1.2E-09) 1.4E-03  4.4657887E-01    146 5.1E+02
  3906      1  1.0E+00   3908 (2.7E-10) 1.3E-03  4.4657887E-01    146 5.1E+02   R
  3907      1  1.0E+00   3909 (2.6E-12) 8.0E-04  4.4657887E-01    146 5.1E+02 s
  3908      1  1.0E+00   3910 (8.4E-10) 3.9E-03  4.4657887E-01    146 5.1E+02
  3909      1  1.0E+00   3911 (3.3E-10) 2.9E-03  4.4657886E-01    146 5.1E+02

 Major Minors     Step   nCon Feasible  Optimal  MeritFunction     nS Penalty
  3910      1  3.0E-01   3912 (2.9E-10) 2.1E-03  4.4657886E-01    146 5.1E+02
  3911      1  5.0E-01   3913 (2.5E-10) 2.9E-03  4.4657886E-01    146 5.1E+02
  3912      1  1.0E+00   3914 (1.1E-09) 2.5E-03  4.4657886E-01    146 5.1E+02
  3913      1  1.0E+00   3915 (1.8E-10) 5.1E-03  4.4657886E-01    146 5.1E+02
  3914      1  1.0E+00   3916 (5.7E-11) 2.5E-03  4.4657886E-01    146 5.1E+02
  3915      1  4.2E-01   3917 (7.2E-11) 2.5E-03  4.4657885E-01    146 5.1E+02
  3916      1  1.0E+00   3918 (3.2E-09) 3.7E-03  4.4657885E-01    146 5.1E+02
  3917      1  1.0E+00   3919 (5.8E-09) 4.4E-03  4.4657885E-01    146 5.1E+02   R
  3918      1  4.0E-01   3920 (3.5E-09) 2.2E-03  4.4657884E-01    146 5.1E+02 s
  3919      1  1.0E+00   3921 (2.7E-11) 4.1E-03  4.4657884E-01    146 5.1E+02

 Major Minors     Step   nCon Feasible  Optimal  MeritFunction     nS Penalty
  3920      1  1.0E+00   3922 (2.2E-11) 1.9E-03  4.4657884E-01    146 5.1E+02
  3921      1  1.0E+00   3923 (1.9E-11) 1.3E-03  4.4657884E-01    146 5.1E+02
  3922      1  1.0E+00   3924 (3.6E-11) 7.0E-04  4.4657884E-01    146 5.1E+02
  3923      1  1.0E+00   3925 (5.4E-10) 9.9E-04  4.4657884E-01    146 5.1E+02
  3924      1  1.0E+00   3926 (9.9E-10) 1.5E-03  4.4657883E-01    146 5.1E+02
  3925      1  1.0E+00   3927 (3.0E-09) 2.0E-03  4.4657883E-01    146 5.1E+02
  3926      1  1.0E+00   3928 (7.8E-09) 1.7E-03  4.4657883E-01    146 5.1E+02
  3927      1  1.0E+00   3929 (1.6E-08) 1.1E-03  4.4657883E-01    146 5.1E+02
  3928      1  1.0E+00   3930 (3.1E-08) 1.6E-03  4.4657882E-01    146 5.1E+02   R
  3929      1  1.0E+00   3931 (6.4E-12) 1.8E-03  4.4657882E-01    146 5.1E+02 s

 Major Minors     Step   nCon Feasible  Optimal  MeritFunction     nS Penalty
  3930      1  1.0E+00   3932 (2.0E-10) 1.7E-03  4.4657881E-01    146 5.1E+02
  3931      1  1.0E+00   3933 (8.9E-10) 3.6E-03  4.4657881E-01    146 5.1E+02
  3932      1  1.0E+00   3934 (2.1E-09) 4.0E-03  4.4657880E-01    146 5.1E+02
  3933      1  1.0E+00   3935 (1.1E-09) 4.2E-03  4.4657880E-01    146 5.1E+02
  3934      1  1.0E+00   3936 (4.9E-11) 2.0E-03  4.4657879E-01    146 5.1E+02
  3935      1  1.0E+00   3937 (1.9E-11) 1.6E-03  4.4657879E-01    146 5.1E+02
  3936      1  1.0E+00   3938 (1.7E-10) 2.0E-03  4.4657879E-01    146 5.1E+02
  3937      1  1.0E+00   3939 (3.9E-10) 1.4E-03  4.4657879E-01    146 5.1E+02
  3938      1  1.0E+00   3940 (5.7E-10) 1.8E-03  4.4657879E-01    146 5.1E+02
  3939      1  1.0E+00   3941 (4.7E-10) 1.6E-03  4.4657878E-01    146 5.1E+02   R

 Major Minors     Step   nCon Feasible  Optimal  MeritFunction     nS Penalty
  3940      1  1.0E+00   3942 (1.4E-11) 1.4E-03  4.4657878E-01    146 5.1E+02 s
  3941      1  1.0E+00   3943 (6.8E-11) 1.1E-03  4.4657878E-01    146 5.1E+02
  3942      1  1.0E+00   3944 (7.2E-10) 2.8E-03  4.4657878E-01    146 5.1E+02
  3943      1  1.0E+00   3945 (4.4E-11) 1.6E-03  4.4657878E-01    146 5.1E+02
  3944      1  1.0E+00   3946 (3.3E-11) 1.5E-03  4.4657878E-01    146 5.1E+02
  3945      1  1.0E+00   3947 (2.9E-10) 1.3E-03  4.4657877E-01    146 5.1E+02
  3946      1  1.0E+00   3948 (4.4E-09) 1.6E-03  4.4657877E-01    146 5.1E+02
  3947      1  1.0E+00   3949 (6.9E-09) 3.7E-03  4.4657877E-01    146 5.1E+02
  3948      1  1.0E+00   3950 (1.1E-11) 1.6E-03  4.4657877E-01    146 5.1E+02
  3949      1  1.0E+00   3951 (5.1E-10) 1.2E-03  4.4657876E-01    146 5.1E+02

 Major Minors     Step   nCon Feasible  Optimal  MeritFunction     nS Penalty
  3950      1  1.0E+00   3952 (1.2E-08) 3.9E-03  4.4657876E-01    146 5.1E+02   R
  3951      1  1.0E+00   3953 (3.7E-11) 3.3E-03  4.4657876E-01    146 5.1E+02 s
  3952      1  1.0E+00   3954 (6.9E-12) 1.2E-03  4.4657875E-01    146 5.1E+02
  3953      1  1.0E+00   3955 (5.6E-12) 7.0E-04  4.4657875E-01    146 5.1E+02
  3954      1  1.0E+00   3956 (2.2E-11) 1.1E-03  4.4657875E-01    146 5.1E+02
  3955      1  1.0E+00   3957 (5.0E-11) 1.0E-03  4.4657875E-01    146 5.1E+02
  3956      1  1.0E+00   3958 (9.3E-11) 8.7E-04  4.4657875E-01    146 5.1E+02
  3957      1  1.0E+00   3959 (1.0E-10) 8.3E-04  4.4657875E-01    146 5.1E+02
  3958      1  1.0E+00   3960 (1.6E-10) 1.2E-03  4.4657875E-01    146 5.1E+02
  3959      1  1.0E+00   3961 (3.7E-10) 2.0E-03  4.4657875E-01    146 5.1E+02

 Major Minors     Step   nCon Feasible  Optimal  MeritFunction     nS Penalty
  3960      1  1.0E+00   3962 (1.3E-09) 2.1E-03  4.4657874E-01    146 5.1E+02
  3961      1  1.0E+00   3963 (1.1E-09) 1.4E-03  4.4657874E-01    146 5.1E+02   R
  3962      1  1.0E+00   3964 (1.9E-12) 1.1E-03  4.4657874E-01    146 5.1E+02 s
  3963      1  1.0E+00   3965 (4.9E-11) 4.5E-03  4.4657874E-01    146 5.1E+02
  3964      1  1.0E+00   3966 (2.3E-11) 3.0E-03  4.4657874E-01    146 5.1E+02
  3965      1  3.7E-01   3967 (2.1E-11) 1.8E-03  4.4657874E-01    146 5.1E+02
  3966      1  1.0E+00   3968 (6.5E-12) 1.4E-03  4.4657874E-01    146 5.1E+02
  3967      1  1.0E+00   3969 (2.5E-11) 1.7E-03  4.4657873E-01    146 5.1E+02
  3968      1  4.9E-01   3970 (2.5E-11) 2.6E-03  4.4657873E-01    146 5.1E+02
  3969      1  1.0E+00   3971 (4.0E-11) 1.3E-03  4.4657873E-01    146 5.1E+02

 Major Minors     Step   nCon Feasible  Optimal  MeritFunction     nS Penalty
  3970      1  1.0E+00   3972 (4.2E-11) 2.8E-03  4.4657873E-01    146 5.1E+02
  3971      1  1.0E+00   3973 (4.2E-11) 1.7E-03  4.4657873E-01    146 5.1E+02
  3972      1  1.0E+00   3974 (3.4E-10) 3.5E-03  4.4657873E-01    146 5.1E+02   R
  3973      1  4.0E-01   3975 (2.1E-10) 9.4E-04  4.4657872E-01    146 5.1E+02 s
  3974      1  1.0E+00   3976 (1.3E-12) 5.2E-04  4.4657872E-01    146 5.1E+02
  3975      1  1.0E+00   3977 (1.1E-12) 6.4E-04  4.4657872E-01    146 5.1E+02
  3976      1  1.0E+00   3978 (1.4E-12) 1.1E-03  4.4657872E-01    146 5.1E+02
  3977      1  1.0E+00   3979 (1.9E-12) 9.8E-04  4.4657872E-01    146 5.1E+02
  3978      1  1.0E+00   3980 (1.9E-12) 8.4E-04  4.4657872E-01    146 5.1E+02
  3979      1  1.0E+00   3981 (1.4E-12) 7.7E-04  4.4657872E-01    146 5.1E+02

 Major Minors     Step   nCon Feasible  Optimal  MeritFunction     nS Penalty
  3980      1  1.0E+00   3982 (3.2E-12) 1.0E-03  4.4657872E-01    146 5.1E+02
  3981      1  1.0E+00   3983 (1.3E-11) 1.5E-03  4.4657872E-01    146 5.1E+02
  3982      1  1.0E+00   3984 (4.4E-11) 2.3E-03  4.4657872E-01    146 5.1E+02
  3983      1  1.0E+00   3985 (9.7E-11) 2.6E-03  4.4657871E-01    146 5.1E+02   R
  3984      1  1.0E+00   3986 (1.8E-12) 1.9E-03  4.4657871E-01    146 5.1E+02 s
  3985      1  4.0E-01   3987 (9.5E-12) 7.0E-04  4.4657871E-01    146 5.1E+02
  3986      1  1.0E+00   3988 (1.1E-11) 2.1E-03  4.4657871E-01    146 5.1E+02
  3987      1  1.0E+00   3989 (1.2E-11) 2.0E-03  4.4657871E-01    146 5.1E+02
  3988      1  1.0E+00   3990 (2.1E-11) 4.2E-03  4.4657871E-01    146 5.1E+02
  3989      1  1.0E+00   3991 (2.0E-11) 2.2E-03  4.4657871E-01    146 5.1E+02

 Major Minors     Step   nCon Feasible  Optimal  MeritFunction     nS Penalty
  3990      1  1.0E+00   3992 (1.2E-11) 2.2E-03  4.4657870E-01    146 5.1E+02
  3991      1  1.0E+00   3993 (1.9E-11) 2.7E-03  4.4657870E-01    146 5.1E+02
  3992      1  1.0E+00   3994 (1.5E-11) 1.9E-03  4.4657870E-01    146 5.1E+02
  3993      1  1.0E+00   3995 (2.1E-11) 2.8E-03  4.4657870E-01    146 5.1E+02
  3994      1  1.0E+00   3996 (1.8E-11) 2.2E-03  4.4657870E-01    146 5.1E+02   R
  3995      1  4.3E-01   3997 (1.8E-11) 5.4E-04  4.4657870E-01    146 5.1E+02 s
  3996      1  1.0E+00   3998 (8.4E-13) 3.3E-04  4.4657870E-01    146 5.1E+02
  3997      1  1.0E+00   3999 (1.9E-12) 8.4E-04  4.4657870E-01    146 5.1E+02
  3998      1  1.0E+00   4000 (5.8E-12) 1.0E-03  4.4657870E-01    146 5.1E+02
  3999      1  1.0E+00   4001 (3.6E-11) 1.7E-03  4.4657870E-01    146 5.1E+02

 Major Minors     Step   nCon Feasible  Optimal  MeritFunction     nS Penalty
  4000      1  1.0E+00   4002 (1.4E-10) 1.9E-03  4.4657870E-01    146 5.1E+02
  4001      1  1.0E+00   4003 (3.6E-10) 1.0E-03  4.4657869E-01    146 5.1E+02
  4002      1  1.0E+00   4004 (4.8E-10) 1.3E-03  4.4657869E-01    146 5.1E+02
  4003      1  1.0E+00   4005 (6.0E-10) 1.2E-03  4.4657869E-01    146 5.1E+02
  4004      1  1.0E+00   4006 (1.6E-09) 1.6E-03  4.4657869E-01    146 5.1E+02
  4005      1  1.0E+00   4007 (2.4E-09) 1.9E-03  4.4657868E-01    146 5.1E+02   R
  4006      1  1.0E+00   4008 (2.4E-12) 1.1E-03  4.4657868E-01    146 5.1E+02 s
  4007      1  1.0E+00   4009 (5.0E-11) 3.9E-03  4.4657868E-01    146 5.1E+02
  4008      1  1.0E+00   4010 (3.1E-11) 2.9E-03  4.4657867E-01    146 5.1E+02
  4009      1  1.0E+00   4011 (3.8E-11) 4.3E-03  4.4657867E-01    146 5.1E+02

 Major Minors     Step   nCon Feasible  Optimal  MeritFunction     nS Penalty
  4010      1  1.0E+00   4012 (4.0E-11) 2.8E-03  4.4657866E-01    146 5.1E+02
  4011      1  4.0E-01   4013 (5.0E-11) 3.4E-03  4.4657865E-01    146 5.1E+02
  4012      1  3.8E-01   4014 (4.4E-11) 1.8E-03  4.4657865E-01    146 5.1E+02
  4013      1  5.0E-01   4015 (3.8E-11) 2.0E-03  4.4657865E-01    146 5.1E+02
  4014      1  3.7E-01   4016 (3.8E-11) 1.6E-03  4.4657864E-01    146 5.1E+02
  4015      1  1.0E+00   4017 (3.8E-11) 3.4E-03  4.4657864E-01    146 5.1E+02
  4016      1  1.0E+00   4018 (7.8E-11) 3.8E-03  4.4657864E-01    146 5.1E+02   R
  4017      1  3.7E-01   4019 (5.7E-11) 1.5E-03  4.4657863E-01    146 5.1E+02 s
  4018      1  1.0E+00   4020 (3.3E-12) 5.9E-04  4.4657863E-01    146 5.1E+02
  4019      1  1.0E+00   4021 (8.1E-12) 1.2E-03  4.4657863E-01    146 5.1E+02

 Major Minors     Step   nCon Feasible  Optimal  MeritFunction     nS Penalty
  4020      1  1.0E+00   4022 (4.4E-11) 1.8E-03  4.4657863E-01    146 5.1E+02
  4021      1  1.0E+00   4023 (1.4E-10) 1.5E-03  4.4657863E-01    146 5.1E+02
  4022      1  1.0E+00   4024 (4.1E-10) 1.5E-03  4.4657862E-01    146 5.1E+02
  4023      1  1.0E+00   4025 (1.3E-09) 1.8E-03  4.4657862E-01    146 5.1E+02
  4024      1  1.0E+00   4026 (5.0E-09) 2.4E-03  4.4657861E-01    146 5.1E+02
  4025      1  1.0E+00   4027 (2.0E-08) 3.2E-03  4.4657859E-01    146 5.1E+02
  4026      1  1.0E+00   4028 (8.1E-08) 3.8E-03  4.4657857E-01    146 5.1E+02
  4027      1  1.0E+00   4029 (2.9E-07) 5.8E-03  4.4657853E-01    146 5.1E+02   R
  4028      1  1.0E+00   4030 (5.5E-11) 2.7E-03  4.4657852E-01    146 5.1E+02 s
  4029      1  1.0E+00   4031 (8.0E-11) 2.4E-03  4.4657850E-01    146 5.1E+02

 Major Minors     Step   nCon Feasible  Optimal  MeritFunction     nS Penalty
  4030      1  1.0E+00   4032 (2.1E-10) 3.4E-03  4.4657848E-01    146 5.1E+02
  4031      1  1.0E+00   4033 (2.1E-10) 3.7E-03  4.4657847E-01    146 5.1E+02
  4032      1  1.0E+00   4034 (2.8E-09) 4.3E-03  4.4657843E-01    146 5.1E+02
  4033      1  1.0E+00   4035 (2.2E-10) 4.3E-03  4.4657842E-01    146 5.1E+02
  4034      1  1.0E+00   4036 (3.0E-10) 1.0E-02  4.4657842E-01    146 5.1E+02
  4035      1  1.0E+00   4037 (1.4E-10) 1.4E-03  4.4657839E-01    146 5.1E+02
  4036      1  1.0E+00   4038 (1.2E-10) 3.3E-03  4.4657839E-01    146 5.1E+02
  4037      1  1.0E+00   4039 (2.4E-09) 1.1E-02  4.4657836E-01    146 5.1E+02
  4038      1  4.1E-01   4040 (1.6E-09) 1.1E-02  4.4657834E-01    146 5.1E+02   R
  4039      1  1.0E+00   4041 (2.2E-10) 9.9E-03  4.4657832E-01    146 5.1E+02 s

 Major Minors     Step   nCon Feasible  Optimal  MeritFunction     nS Penalty
  4040      1  1.0E+00   4042 (1.7E-10) 2.1E-03  4.4657831E-01    146 5.1E+02
  4041      1  1.0E+00   4043 (6.1E-10) 2.1E-03  4.4657829E-01    146 5.1E+02
  4042      1  1.0E+00   4044 (2.7E-09) 3.2E-03  4.4657828E-01    146 5.1E+02
  4043      1  1.0E+00   4045 (6.0E-09) 3.8E-03  4.4657826E-01    146 5.1E+02
  4044      1  1.0E+00   4046 (2.6E-08) 4.0E-03  4.4657824E-01    146 5.1E+02
  4045      1  1.0E+00   4047 (4.7E-08) 5.4E-03  4.4657821E-01    146 5.1E+02
  4046      1  1.0E+00   4048 (1.7E-07) 2.1E-02  4.4657816E-01    146 5.1E+02
  4047      1  1.0E+00   4049 (2.7E-07) 1.4E-02  4.4657806E-01    146 5.1E+02
  4048      1  4.9E-01   4050 (1.6E-07) 9.8E-03  4.4657802E-01    146 5.1E+02
  4049      1  1.0E+00   4051 (1.9E-08) 8.7E-03  4.4657798E-01    146 5.1E+02   R

 Major Minors     Step   nCon Feasible  Optimal  MeritFunction     nS Penalty
  4050      1  1.0E+00   4052 (3.7E-10) 4.1E-03  4.4657794E-01    146 5.1E+02 s
  4051      1  1.0E+00   4053 (3.8E-09) 3.9E-03  4.4657790E-01    146 5.1E+02
  4052      1  1.0E+00   4054 (2.9E-08) 2.9E-02  4.4657788E-01    146 5.1E+02
  4053      1  1.0E+00   4055 (2.5E-09) 6.6E-03  4.4657781E-01    146 5.1E+02
  4054      1  1.0E+00   4056 (2.4E-08) 6.5E-03  4.4657776E-01    146 5.1E+02
  4055      1  1.0E+00   4057 (1.3E-07) 2.7E-02  4.4657771E-01    146 5.1E+02
  4056      1  1.0E+00   4058 (3.3E-08) 9.7E-03  4.4657763E-01    146 5.1E+02
  4057      1  1.0E+00   4059 (2.0E-08) 9.5E-03  4.4657755E-01    146 5.1E+02
  4058      1  1.0E+00   4060 (2.7E-07) 2.7E-02  4.4657745E-01    146 5.1E+02
  4059      1  1.0E+00   4061 (1.3E-07) 4.5E-02  4.4657735E-01    146 5.1E+02

 Major Minors     Step   nCon Feasible  Optimal  MeritFunction     nS Penalty
  4060      1  1.0E+00   4062 (3.3E-08) 5.3E-02  4.4657731E-01    146 5.1E+02   R
  4061      1  1.0E+00   4063 (2.6E-09) 1.4E-02  4.4657718E-01    146 5.1E+02 s
  4062      1  1.0E+00   4064 (1.9E-09) 8.8E-03  4.4657715E-01    146 5.1E+02
  4063      1  1.0E+00   4065 (1.5E-08) 1.1E-02  4.4657711E-01    146 5.1E+02
  4064      1  1.0E+00   4066 (5.3E-08) 1.2E-02  4.4657705E-01    146 5.1E+02
  4065      1  1.0E+00   4067 (3.1E-07) 4.8E-02  4.4657698E-01    146 5.1E+02
  4066      1  1.0E+00   4068 (4.1E-07) 3.1E-02  4.4657678E-01    146 5.1E+02
  4067      1  1.4E-01   4069 (5.2E-07) 2.2E-02  4.4657666E-01    146 5.1E+02
  4068      1  5.1E-02   4070 (5.9E-07) 1.9E-02  4.4657657E-01    146 5.1E+02
  4069      1  2.2E-02   4071 (6.2E-07) 1.7E-02  4.4657650E-01    146 5.1E+02

 Major Minors     Step   nCon Feasible  Optimal  MeritFunction     nS Penalty
  4070      1  2.9E-02   4072 (6.6E-07) 1.5E-02  4.4657643E-01    146 5.1E+02
  4071      2  5.6E-02   4073 (7.5E-07) 1.4E-02  4.4657633E-01    146 5.1E+02   R
  4072      1  1.0E+00   4074 (2.2E-09) 1.1E-02  4.4657624E-01    146 5.1E+02 s
  4073      1  1.0E+00   4075 (2.4E-08) 9.1E-03  4.4657617E-01    146 5.1E+02
  4074      1  1.0E+00   4076 (1.1E-07) 8.5E-03  4.4657605E-01    146 5.1E+02
  4075      1  1.0E+00   4077 (2.7E-07) 2.1E-02  4.4657594E-01    146 5.1E+02
  4076      1  1.0E+00   4078  1.7E-06  4.4E-02  4.4657573E-01    146 5.1E+02
  4077      2  1.0E+00   4079  2.6E-06  5.5E-02  4.4657534E-01    146 5.1E+02
  4078      1  1.8E-02   4080  2.6E-06  5.6E-02  4.4657527E-01    146 5.1E+02
  4079      1  1.6E-02   4081  2.6E-06  5.5E-02  4.4657520E-01    146 5.1E+02

 Major Minors     Step   nCon Feasible  Optimal  MeritFunction     nS Penalty
  4080      1  1.0E-02   4082  2.6E-06  5.5E-02  4.4657514E-01    146 5.1E+02
  4081      1  5.4E-03   4083  2.6E-06  5.4E-02  4.4657510E-01    146 5.1E+02
  4082      2  3.8E-03   4084  2.6E-06  5.4E-02  4.4657506E-01    146 5.1E+02   R
  4083      1  1.0E+00   4085 (1.2E-08) 1.7E-02  4.4657471E-01    146 5.1E+02 s
  4084      1  1.0E+00   4086 (7.6E-08) 2.7E-02  4.4657466E-01    146 5.1E+02
  4085      1  1.0E+00   4087 (2.0E-08) 2.0E-02  4.4657450E-01    146 5.1E+02
  4086      1  1.0E+00   4088 (5.7E-08) 2.6E-02  4.4657442E-01    146 5.1E+02
  4087      1  1.0E+00   4089 (1.2E-07) 1.5E-02  4.4657422E-01    146 5.1E+02
  4088      1  4.9E-01   4090 (2.3E-07) 1.3E-02  4.4657402E-01    146 5.1E+02
  4089      1  4.4E-01   4091 (7.1E-07) 3.8E-02  4.4657380E-01    146 5.1E+02

 Major Minors     Step   nCon Feasible  Optimal  MeritFunction     nS Penalty
  4090      1  1.0E+00   4092  2.6E-06  9.3E-02  4.4657370E-01    146 5.1E+02
  4091      1  1.0E+00   4093 (3.7E-07) 7.3E-02  4.4657291E-01    146 5.1E+02
  4092      1  2.4E-01   4094  1.1E-06  4.5E-02  4.4657246E-01    146 5.1E+02
  4093      1  3.6E-01   4095  1.7E-06  2.2E-02  4.4657201E-01    146 5.1E+02   R
  4094      1  1.0E+00   4096 (4.3E-08) 1.5E-02  4.4657184E-01    146 5.1E+02 s
  4095      1  1.0E+00   4097 (8.1E-08) 1.0E-02  4.4657172E-01    146 5.1E+02
  4096      1  1.0E+00   4098 (8.5E-07) 1.9E-02  4.4657145E-01    146 5.1E+02
  4097      1  2.2E-01   4099 (9.9E-07) 2.0E-02  4.4657128E-01    146 5.1E+02
  4098      1  1.5E-01   4100  1.1E-06  1.9E-02  4.4657115E-01    146 5.1E+02
  4099      1  1.2E-01   4101  1.2E-06  2.0E-02  4.4657100E-01    146 5.1E+02

 Major Minors     Step   nCon Feasible  Optimal  MeritFunction     nS Penalty
  4100      1  5.8E-02   4102  1.3E-06  2.0E-02  4.4657087E-01    146 5.1E+02
  4101      2  1.5E-02   4103  1.3E-06  2.1E-02  4.4657081E-01    145 5.1E+02
  4102      1  7.9E-03   4104  1.3E-06  2.1E-02  4.4657076E-01    145 5.1E+02
  4103      1  8.5E-03   4105  1.3E-06  2.1E-02  4.4657071E-01    145 5.1E+02
  4104      4  9.2E-03   4106  1.3E-06  2.0E-02  4.4657065E-01    146 5.1E+02   R
  4105      1  1.0E+00   4107 (8.8E-08) 7.5E-03  4.4657043E-01    146 5.1E+02 s
  4106      1  1.0E+00   4108 (7.1E-07) 2.0E-02  4.4657022E-01    146 5.1E+02
  4107      1  1.0E+00   4109  5.6E-06  2.4E-02  4.4656993E-01    146 5.1E+02
  4108      1  2.1E-01   4110  5.5E-06  2.9E-02  4.4656968E-01    146 5.1E+02
  4109      2  8.9E-03   4111  5.4E-06  2.9E-02  4.4656964E-01    145 5.1E+02

 Major Minors     Step   nCon Feasible  Optimal  MeritFunction     nS Penalty
  4110      1  1.1E-02   4112  5.4E-06  2.9E-02  4.4656960E-01    145 5.1E+02
  4111      1  1.4E-02   4113  5.4E-06  2.9E-02  4.4656954E-01    145 5.1E+02
  4112      1  1.9E-02   4114  5.3E-06  2.8E-02  4.4656945E-01    145 5.1E+02
  4113      1  2.7E-02   4115  5.3E-06  2.7E-02  4.4656932E-01    145 5.1E+02
  4114      1  3.7E-02   4116  5.2E-06  2.5E-02  4.4656915E-01    145 5.1E+02
  4115      3  5.8E-02   4117  5.2E-06  2.2E-02  4.4656888E-01    146 5.1E+02   R
  4116      1  1.0E+00   4118 (2.7E-07) 9.6E-03  4.4656843E-01    146 5.1E+02 s
  4117      1  3.2E-01   4119  1.1E-06  1.3E-02  4.4656819E-01    146 5.1E+02
  4118      2  3.5E-01   4120  2.4E-06  2.6E-02  4.4656787E-01    145 5.1E+02
  4119      1  4.4E-02   4121  2.5E-06  2.7E-02  4.4656775E-01    145 5.1E+02

 Major Minors     Step   nCon Feasible  Optimal  MeritFunction     nS Penalty
  4120      1  7.9E-02   4122  2.6E-06  2.7E-02  4.4656753E-01    145 5.1E+02
  4121      1  2.1E-01   4123  3.2E-06  2.1E-02  4.4656698E-01    145 5.1E+02
  4122      1  3.7E-01   4124  2.1E-06  3.6E-02  4.4656631E-01    145 5.1E+02
  4123      1  4.5E-01   4125 (1.8E-07) 6.3E-02  4.4656585E-01    145 5.1E+02
  4124      1  1.0E+00   4126  6.7E-06  4.2E-02  4.4656556E-01    145 5.1E+02
  4125      1  1.0E+00   4127 (1.2E-08) 3.9E-02  4.4656544E-01    145 5.1E+02
  4126      1  4.9E-01   4128 (6.9E-09) 3.3E-02  4.4656516E-01    145 5.1E+02   R
  4127      1  4.8E-01   4129 (4.9E-09) 1.4E-02  4.4656499E-01    145 5.1E+02 s
  4128      1  1.0E+00   4130 (3.1E-09) 3.9E-02  4.4656498E-01    145 5.1E+02
  4129      1  1.0E+00   4131 (2.0E-09) 2.1E-02  4.4656495E-01    145 5.1E+02

 Major Minors     Step   nCon Feasible  Optimal  MeritFunction     nS Penalty
  4130      1  1.0E+00   4132 (5.8E-10) 9.8E-03  4.4656491E-01    145 5.1E+02
  4131      1  1.0E+00   4133 (2.9E-09) 5.5E-03  4.4656488E-01    145 5.1E+02
  4132      1  1.0E+00   4134 (2.4E-08) 2.6E-02  4.4656486E-01    145 5.1E+02
  4133      1  1.0E+00   4135 (1.7E-08) 9.1E-03  4.4656482E-01    145 5.1E+02
  4134      1  1.0E+00   4136 (1.6E-08) 7.5E-03  4.4656479E-01    145 5.1E+02
  4135      1  1.0E+00   4137 (5.6E-09) 7.7E-03  4.4656477E-01    145 5.1E+02
  4136      1  1.0E+00   4138 (6.1E-09) 6.0E-03  4.4656476E-01    145 5.1E+02
  4137      1  1.0E+00   4139 (1.1E-10) 2.6E-03  4.4656475E-01    145 5.1E+02   R
  4138      1  1.0E+00   4140 (2.9E-11) 1.8E-03  4.4656475E-01    145 5.1E+02 s
  4139      1  1.0E+00   4141 (9.1E-11) 2.5E-03  4.4656474E-01    145 5.1E+02

 Major Minors     Step   nCon Feasible  Optimal  MeritFunction     nS Penalty
  4140      1  1.0E+00   4142 (6.1E-10) 3.9E-03  4.4656474E-01    145 5.1E+02
  4141      1  1.0E+00   4143 (5.9E-10) 6.3E-03  4.4656473E-01    145 5.1E+02
  4142      1  1.0E+00   4144 (6.2E-10) 2.1E-03  4.4656473E-01    145 5.1E+02
  4143      1  1.0E+00   4145 (1.4E-09) 3.1E-03  4.4656473E-01    145 5.1E+02
  4144      1  1.0E+00   4146 (4.8E-10) 2.8E-03  4.4656472E-01    145 5.1E+02
  4145      1  1.0E+00   4147 (4.1E-09) 4.8E-03  4.4656472E-01    145 5.1E+02
  4146      1  1.0E+00   4148 (4.0E-10) 3.9E-03  4.4656471E-01    145 5.1E+02
  4147      1  1.0E+00   4149 (8.1E-12) 2.1E-03  4.4656471E-01    145 5.1E+02
  4148      1  1.0E+00   4150 (5.6E-10) 1.4E-03  4.4656471E-01    145 5.1E+02   R
  4149      1  1.0E+00   4151 (4.3E-12) 9.0E-04  4.4656471E-01    145 5.1E+02 s

 Major Minors     Step   nCon Feasible  Optimal  MeritFunction     nS Penalty
  4150      1  1.0E+00   4152 (9.6E-12) 1.1E-03  4.4656471E-01    145 5.1E+02
  4151      1  1.0E+00   4153 (1.9E-10) 6.8E-04  4.4656471E-01    145 5.1E+02
  4152      1  1.0E+00   4154 (4.8E-11) 4.2E-04  4.4656471E-01    145 5.1E+02
  4153      1  1.0E+00   4155 (6.4E-11) 5.7E-04  4.4656471E-01    145 5.1E+02
  4154      1  1.0E+00   4156 (5.1E-10) 9.9E-04  4.4656471E-01    145 5.1E+02
  4155      1  1.0E+00   4157 (1.0E-09) 9.1E-04  4.4656471E-01    145 5.1E+02
  4156      1  1.0E+00   4158 (1.1E-09) 7.5E-04  4.4656471E-01    145 5.1E+02
  4157      1  1.0E+00   4159 (5.5E-10) 6.2E-04  4.4656471E-01    145 5.1E+02
  4158      1  1.0E+00   4160 (5.7E-11) 5.1E-04  4.4656471E-01    145 5.1E+02
  4159      1  1.0E+00   4161 (4.8E-11) 4.6E-04  4.4656471E-01    145 5.1E+02   R

 Major Minors     Step   nCon Feasible  Optimal  MeritFunction     nS Penalty
  4160      1  1.0E+00   4162 (2.8E-13) 2.2E-04  4.4656471E-01    145 5.1E+02 s
  4161      1  1.0E+00   4163 (8.6E-13) 3.8E-04  4.4656471E-01    145 5.1E+02
  4162      1  1.0E+00   4164 (2.2E-12) 3.0E-04  4.4656471E-01    145 5.1E+02
  4163      1  1.0E+00   4165 (7.7E-13) 2.2E-04  4.4656471E-01    145 5.1E+02
  4164      1  1.0E+00   4166 (2.9E-12) 4.6E-04  4.4656471E-01    145 5.1E+02
  4165      1  1.0E+00   4167 (7.7E-12) 3.8E-04  4.4656471E-01    145 5.1E+02
  4166      1  1.0E+00   4168 (1.7E-11) 4.5E-04  4.4656471E-01    145 5.1E+02
  4167      1  1.0E+00   4169 (4.2E-11) 3.5E-04  4.4656471E-01    145 5.1E+02
  4168      1  1.0E+00   4170 (2.0E-12) 3.4E-04  4.4656471E-01    145 5.1E+02
  4169      1  1.0E+00   4171 (1.9E-12) 3.0E-04  4.4656471E-01    145 5.1E+02

 Major Minors     Step   nCon Feasible  Optimal  MeritFunction     nS Penalty
  4170      1  1.0E+00   4172 (6.5E-12) 2.9E-04  4.4656471E-01    145 5.1E+02   R
  4171      1  1.0E+00   4173 (5.7E-13) 2.2E-04  4.4656471E-01    145 5.1E+02 s
  4172      1  1.0E+00   4174 (8.2E-13) 1.8E-04  4.4656471E-01    145 5.1E+02
  4173      1  1.0E+00   4175 (5.3E-12) 2.3E-04  4.4656471E-01    145 5.1E+02
  4174      1  1.0E+00   4176 (6.0E-12) 2.5E-04  4.4656471E-01    145 5.1E+02
  4175      1  1.0E+00   4177 (2.6E-11) 1.7E-04  4.4656471E-01    145 5.1E+02
  4176      1  1.0E+00   4178 (3.9E-11) 2.0E-04  4.4656471E-01    145 5.1E+02
  4177      1  1.0E+00   4179 (1.1E-11) 2.1E-04  4.4656471E-01    145 5.1E+02
  4178      1  1.0E+00   4180 (2.5E-12) 1.9E-04  4.4656471E-01    145 5.1E+02
  4179      1  1.0E+00   4181 (1.3E-11) 1.5E-04  4.4656471E-01    145 5.1E+02

 Major Minors     Step   nCon Feasible  Optimal  MeritFunction     nS Penalty
  4180      1  1.0E+00   4182 (1.0E-11) 1.6E-04  4.4656471E-01    145 5.1E+02
  4181      1  1.0E+00   4183 (2.0E-11) 2.3E-04  4.4656471E-01    145 5.1E+02   R
  4182      1  1.0E+00   4184 (3.6E-13) 1.6E-04  4.4656471E-01    145 5.1E+02 s
  4183      1  1.0E+00   4185 (3.8E-12) 2.8E-04  4.4656470E-01    145 5.1E+02
  4184      1  1.0E+00   4186 (3.8E-12) 3.9E-04  4.4656470E-01    145 5.1E+02
  4185      1  1.0E+00   4187 (8.2E-12) 1.7E-04  4.4656470E-01    145 5.1E+02
  4186      1  1.0E+00   4188 (3.1E-11) 2.2E-04  4.4656470E-01    145 5.1E+02
  4187      1  1.0E+00   4189 (3.1E-11) 3.2E-04  4.4656470E-01    145 5.1E+02
  4188      1  1.0E+00   4190 (1.2E-11) 2.0E-04  4.4656470E-01    145 5.1E+02
  4189      1  1.0E+00   4191 (6.5E-13) 2.5E-04  4.4656470E-01    145 5.1E+02

 Major Minors     Step   nCon Feasible  Optimal  MeritFunction     nS Penalty
  4190      1  1.0E+00   4192 (6.3E-13) 2.9E-04  4.4656470E-01    145 5.1E+02
  4191      1  1.0E+00   4193 (6.1E-12) 4.1E-04  4.4656470E-01    145 5.1E+02
  4192      1  1.0E+00   4194 (2.8E-11) 1.2E-03  4.4656470E-01    145 5.1E+02   R
  4193      1  1.0E+00   4195 (2.9E-12) 3.9E-04  4.4656470E-01    145 5.1E+02 s
  4194      1  1.0E+00   4196 (8.1E-13) 2.2E-04  4.4656470E-01    145 5.1E+02
  4195      1  1.0E+00   4197 (2.9E-13) 1.2E-04  4.4656470E-01    145 5.1E+02
  4196      1  1.0E+00   4198 (8.9E-13) 1.2E-04  4.4656470E-01    145 5.1E+02
  4197      1  1.0E+00   4199 (1.2E-11) 1.9E-04  4.4656470E-01    145 5.1E+02
  4198      1  1.0E+00   4200 (5.5E-12) 2.4E-04  4.4656470E-01    145 5.1E+02
  4199      1  1.0E+00   4201 (6.4E-11) 2.8E-04  4.4656470E-01    145 5.1E+02

 Major Minors     Step   nCon Feasible  Optimal  MeritFunction     nS Penalty
  4200      1  1.0E+00   4202 (5.9E-11) 3.3E-04  4.4656470E-01    145 5.1E+02
  4201      1  1.0E+00   4203 (2.8E-11) 2.2E-04  4.4656470E-01    145 5.1E+02
  4202      1  1.0E+00   4204 (4.3E-12) 3.2E-04  4.4656470E-01    145 5.1E+02
  4203      1  1.0E+00   4205 (1.6E-12) 2.2E-04  4.4656470E-01    145 5.1E+02   R
  4204      1  1.0E+00   4206 (6.7E-13) 1.8E-04  4.4656470E-01    145 5.1E+02 s
  4205      1  1.0E+00   4207 (4.0E-11) 3.8E-04  4.4656470E-01    145 5.1E+02
  4206      1  1.0E+00   4208 (4.6E-11) 6.8E-04  4.4656470E-01    145 5.1E+02
  4207      1  1.0E+00   4209 (3.2E-11) 5.3E-04  4.4656470E-01    145 5.1E+02
  4208      1  1.0E+00   4210 (2.2E-11) 5.0E-04  4.4656470E-01    145 5.1E+02
  4209      1  1.0E+00   4211 (2.9E-11) 6.5E-04  4.4656470E-01    145 5.1E+02

 Major Minors     Step   nCon Feasible  Optimal  MeritFunction     nS Penalty
  4210      1  1.0E+00   4212 (2.2E-11) 4.9E-04  4.4656470E-01    145 5.1E+02
  4211      1  1.0E+00   4213 (1.3E-11) 6.9E-04  4.4656470E-01    145 5.1E+02
  4212      1  1.0E+00   4214 (8.9E-12) 5.9E-04  4.4656470E-01    145 5.1E+02
  4213      1  1.0E+00   4215 (5.7E-11) 1.5E-03  4.4656470E-01    145 5.1E+02
  4214      1  1.0E+00   4216 (2.8E-10) 1.2E-03  4.4656470E-01    145 5.1E+02   R
  4215      1  1.0E+00   4217 (8.6E-12) 9.2E-04  4.4656470E-01    145 5.1E+02 s
  4216      1  1.0E+00   4218 (2.9E-12) 7.0E-04  4.4656470E-01    145 5.1E+02
  4217      1  1.0E+00   4219 (8.7E-12) 7.3E-04  4.4656470E-01    145 5.1E+02
  4218      1  1.0E+00   4220 (2.6E-11) 5.6E-04  4.4656470E-01    145 5.1E+02
  4219      1  1.0E+00   4221 (1.3E-10) 7.4E-04  4.4656470E-01    145 5.1E+02

 Major Minors     Step   nCon Feasible  Optimal  MeritFunction     nS Penalty
  4220      1  1.0E+00   4222 (7.5E-11) 9.3E-04  4.4656470E-01    145 5.1E+02
  4221      1  1.0E+00   4223 (3.0E-10) 9.2E-04  4.4656470E-01    145 5.1E+02
  4222      1  1.0E+00   4224 (4.8E-10) 1.1E-03  4.4656470E-01    145 5.1E+02
  4223      1  1.0E+00   4225 (5.0E-11) 9.7E-04  4.4656470E-01    145 5.1E+02
  4224      1  1.0E+00   4226 (1.8E-11) 4.4E-04  4.4656470E-01    145 5.1E+02
  4225      1  1.0E+00   4227 (8.4E-11) 6.2E-04  4.4656470E-01    145 5.1E+02   R
  4226      1  1.0E+00   4228 (1.2E-11) 3.7E-04  4.4656470E-01    145 5.1E+02 s
  4227      1  1.0E+00   4229 (1.8E-10) 8.8E-04  4.4656469E-01    145 5.1E+02
  4228      1  1.0E+00   4230 (2.4E-09) 2.2E-03  4.4656469E-01    145 5.1E+02
  4229      1  1.0E+00   4231 (1.1E-09) 1.9E-03  4.4656469E-01    145 5.1E+02

 Major Minors     Step   nCon Feasible  Optimal  MeritFunction     nS Penalty
  4230      1  1.0E+00   4232 (9.4E-10) 1.4E-03  4.4656469E-01    145 5.1E+02
  4231      1  1.0E+00   4233 (2.5E-10) 1.1E-03  4.4656469E-01    145 5.1E+02
  4232      1  1.0E+00   4234 (1.0E-10) 1.0E-03  4.4656469E-01    145 5.1E+02
  4233      1  1.0E+00   4235 (7.0E-12) 4.1E-04  4.4656469E-01    145 5.1E+02
  4234      1  1.0E+00   4236 (1.9E-11) 6.9E-04  4.4656469E-01    145 5.1E+02
  4235      1  1.0E+00   4237 (5.4E-11) 5.5E-04  4.4656469E-01    145 5.1E+02
  4236      1  1.0E+00   4238 (8.8E-10) 7.8E-04  4.4656469E-01    145 5.1E+02   R
  4237      1  1.0E+00   4239 (3.1E-12) 6.3E-04  4.4656469E-01    145 5.1E+02 s
  4238      1  1.0E+00   4240 (5.3E-13) 3.0E-04  4.4656469E-01    145 5.1E+02
  4239      1  1.0E+00   4241 (2.0E-12) 1.6E-04  4.4656469E-01    145 5.1E+02

 Major Minors     Step   nCon Feasible  Optimal  MeritFunction     nS Penalty
  4240      1  1.0E+00   4242 (3.2E-11) 3.0E-04  4.4656469E-01    145 5.1E+02
  4241      1  1.0E+00   4243 (3.2E-11) 4.2E-04  4.4656469E-01    145 5.1E+02
  4242      1  1.0E+00   4244 (5.6E-11) 5.6E-04  4.4656469E-01    145 5.1E+02
  4243      1  1.0E+00   4245 (7.7E-11) 5.8E-04  4.4656469E-01    145 5.1E+02
  4244      1  1.0E+00   4246 (1.2E-10) 4.7E-04  4.4656469E-01    145 5.1E+02
  4245      1  1.0E+00   4247 (1.2E-10) 6.0E-04  4.4656469E-01    145 5.1E+02
  4246      1  1.0E+00   4248 (3.9E-10) 6.8E-04  4.4656469E-01    145 5.1E+02
  4247      1  1.0E+00   4249 (7.8E-10) 1.1E-03  4.4656469E-01    145 5.1E+02   R
  4248      1  1.0E+00   4250 (1.1E-11) 7.6E-04  4.4656469E-01    145 5.1E+02 s
  4249      1  3.0E-01   4251 (1.6E-10) 2.2E-03  4.4656469E-01    145 5.1E+02

 Major Minors     Step   nCon Feasible  Optimal  MeritFunction     nS Penalty
  4250      1  1.0E+00   4252 (1.5E-09) 2.5E-03  4.4656469E-01    145 5.1E+02
  4251      1  3.4E-01   4253 (9.8E-10) 1.9E-03  4.4656469E-01    145 5.1E+02
  4252      1  3.7E-01   4254 (6.4E-10) 1.3E-03  4.4656468E-01    145 5.1E+02
  4253      1  3.1E-01   4255 (4.6E-10) 6.8E-04  4.4656468E-01    145 5.1E+02
  4254      1  3.9E-01   4256 (2.8E-10) 9.9E-04  4.4656468E-01    145 5.1E+02
  4255      1  1.0E+00   4257 (2.8E-10) 1.1E-03  4.4656468E-01    145 5.1E+02
  4256      1  7.1E-02   4258 (4.9E-10) 1.1E-03  4.4656468E-01    145 5.1E+02
  4257      1  2.0E-01   4259 (1.6E-09) 1.1E-03  4.4656468E-01    145 5.1E+02
  4258      1  2.1E-01   4260 (2.1E-09) 1.3E-03  4.4656468E-01    145 5.1E+02   R
  4259      1  1.0E+00   4261 (3.9E-11) 1.6E-03  4.4656468E-01    145 5.1E+02 s

 Major Minors     Step   nCon Feasible  Optimal  MeritFunction     nS Penalty
  4260      1  1.0E+00   4262 (2.0E-10) 1.8E-03  4.4656467E-01    145 5.1E+02
  4261      1  1.0E+00   4263 (4.2E-09) 3.5E-03  4.4656467E-01    145 5.1E+02
  4262      1  1.0E+00   4264 (5.0E-09) 5.2E-03  4.4656467E-01    145 5.1E+02
  4263      1  1.0E+00   4265 (3.8E-09) 5.8E-03  4.4656466E-01    145 5.1E+02
  4264      1  1.0E+00   4266 (1.2E-09) 4.9E-03  4.4656465E-01    145 5.1E+02
  4265      1  1.0E+00   4267 (3.7E-09) 7.9E-03  4.4656465E-01    145 5.1E+02
  4266      1  1.0E+00   4268 (7.5E-09) 5.4E-03  4.4656464E-01    145 5.1E+02
  4267      1  1.0E+00   4269 (1.8E-08) 9.9E-03  4.4656464E-01    145 5.1E+02
  4268      1  1.0E+00   4270 (1.6E-08) 6.8E-03  4.4656462E-01    145 5.1E+02
  4269      1  1.0E+00   4271 (6.1E-08) 1.6E-02  4.4656462E-01    145 5.1E+02   R

 Major Minors     Step   nCon Feasible  Optimal  MeritFunction     nS Penalty
  4270      1  3.8E-01   4272 (3.8E-08) 3.6E-03  4.4656459E-01    145 5.1E+02 s
  4271      1  1.0E+00   4273 (2.5E-10) 1.2E-03  4.4656458E-01    145 5.1E+02
  4272      1  1.0E+00   4274 (7.2E-10) 3.2E-03  4.4656458E-01    145 5.1E+02
  4273      1  1.0E+00   4275 (3.9E-09) 5.1E-03  4.4656457E-01    145 5.1E+02
  4274      1  1.0E+00   4276 (1.4E-08) 4.6E-03  4.4656456E-01    145 5.1E+02
  4275      1  1.0E+00   4277 (2.5E-08) 2.5E-03  4.4656455E-01    145 5.1E+02
  4276      1  1.0E+00   4278 (2.6E-08) 2.3E-03  4.4656454E-01    145 5.1E+02
  4277      1  1.0E+00   4279 (1.7E-08) 4.4E-03  4.4656453E-01    145 5.1E+02
  4278      1  1.0E+00   4280 (9.6E-09) 3.9E-03  4.4656452E-01    145 5.1E+02
  4279      1  1.0E+00   4281 (1.7E-08) 2.2E-03  4.4656451E-01    145 5.1E+02

 Major Minors     Step   nCon Feasible  Optimal  MeritFunction     nS Penalty
  4280      1  1.0E+00   4282 (9.4E-08) 4.4E-03  4.4656449E-01    145 5.1E+02   R
  4281      1  1.0E+00   4283 (1.4E-09) 3.8E-03  4.4656448E-01    145 5.1E+02 s
  4282      1  1.0E+00   4284 (1.7E-08) 7.9E-03  4.4656448E-01    145 5.1E+02
  4283      1  1.0E+00   4285 (2.7E-09) 1.8E-03  4.4656446E-01    145 5.1E+02
  4284      1  1.0E+00   4286 (1.6E-09) 2.6E-03  4.4656446E-01    145 5.1E+02
  4285      1  1.0E+00   4287 (4.4E-09) 2.4E-03  4.4656445E-01    145 5.1E+02
  4286      1  1.0E+00   4288 (6.5E-08) 3.7E-03  4.4656443E-01    145 5.1E+02
  4287      1  1.0E+00   4289 (5.0E-08) 5.9E-03  4.4656442E-01    145 5.1E+02
  4288      1  1.0E+00   4290 (6.6E-08) 4.3E-03  4.4656441E-01    145 5.1E+02
  4289      1  1.0E+00   4291 (7.8E-08) 2.3E-03  4.4656440E-01    145 5.1E+02

 Major Minors     Step   nCon Feasible  Optimal  MeritFunction     nS Penalty
  4290      1  1.0E+00   4292 (9.2E-08) 3.3E-03  4.4656438E-01    145 5.1E+02
  4291      1  1.0E+00   4293 (1.3E-07) 5.6E-03  4.4656436E-01    145 5.1E+02   R
  4292      1  1.0E+00   4294 (6.7E-10) 3.1E-03  4.4656435E-01    145 5.1E+02 s
  4293      1  1.0E+00   4295 (7.5E-09) 5.1E-03  4.4656434E-01    145 5.1E+02
  4294      1  1.0E+00   4296 (4.1E-09) 5.3E-03  4.4656433E-01    145 5.1E+02
  4295      1  1.0E+00   4297 (7.0E-09) 9.0E-03  4.4656432E-01    145 5.1E+02
  4296      1  1.0E+00   4298 (1.0E-08) 7.1E-03  4.4656431E-01    145 5.1E+02
  4297      1  1.0E+00   4299 (8.6E-08) 5.2E-03  4.4656429E-01    145 5.1E+02
  4298      1  1.0E+00   4300 (3.8E-08) 7.0E-03  4.4656428E-01    145 5.1E+02
  4299      1  1.0E+00   4301 (2.9E-08) 4.0E-03  4.4656427E-01    145 5.1E+02

 Major Minors     Step   nCon Feasible  Optimal  MeritFunction     nS Penalty
  4300      1  1.0E+00   4302 (3.0E-08) 7.8E-03  4.4656426E-01    145 5.1E+02
  4301      1  1.0E+00   4303 (7.0E-07) 1.3E-02  4.4656422E-01    145 5.1E+02
  4302      1  5.5E-02   4304 (6.8E-07) 1.2E-02  4.4656421E-01    145 5.1E+02   R
  4303      1  1.0E+00   4305 (1.1E-09) 7.6E-03  4.4656421E-01    145 5.1E+02 s
  4304      1  1.0E+00   4306 (7.6E-11) 2.8E-03  4.4656419E-01    145 5.1E+02
  4305      1  1.0E+00   4307 (4.6E-10) 1.0E-03  4.4656419E-01    145 5.1E+02
  4306      1  1.0E+00   4308 (7.3E-09) 3.0E-03  4.4656418E-01    145 5.1E+02
  4307      1  1.0E+00   4309 (2.0E-08) 3.8E-03  4.4656417E-01    145 5.1E+02
  4308      1  1.0E+00   4310 (2.4E-08) 4.9E-03  4.4656416E-01    145 5.1E+02
  4309      1  1.0E+00   4311 (1.7E-07) 4.3E-03  4.4656415E-01    145 5.1E+02

 Major Minors     Step   nCon Feasible  Optimal  MeritFunction     nS Penalty
  4310      1  1.0E+00   4312 (1.8E-07) 3.4E-03  4.4656413E-01    145 5.1E+02
  4311      1  1.0E+00   4313 (3.1E-07) 4.9E-03  4.4656411E-01    145 5.1E+02
  4312      1  1.0E+00   4314 (6.1E-07) 4.2E-03  4.4656409E-01    145 5.1E+02
  4313      1  1.0E+00   4315  1.9E-06  4.3E-03  4.4656406E-01    145 5.1E+02   R
  4314      1  1.0E+00   4316 (2.3E-09) 3.6E-03  4.4656402E-01    145 5.1E+02 s
  4315      1  3.3E-01   4317 (6.3E-08) 1.5E-02  4.4656396E-01    145 5.1E+02
  4316      1  1.2E-01   4318 (7.0E-08) 7.2E-03  4.4656392E-01    145 5.1E+02
  4317      1  1.0E+00   4319 (9.0E-08) 1.2E-02  4.4656391E-01    145 5.1E+02
  4318      1  1.0E+00   4320 (3.5E-08) 1.6E-02  4.4656390E-01    145 5.1E+02
  4319      1  4.6E-01   4321 (2.2E-08) 8.2E-03  4.4656387E-01    145 5.1E+02

 Major Minors     Step   nCon Feasible  Optimal  MeritFunction     nS Penalty
  4320      1  4.6E-01   4322 (1.7E-08) 7.0E-03  4.4656385E-01    145 5.1E+02
  4321      1  1.0E+00   4323 (1.5E-08) 1.3E-02  4.4656384E-01    145 5.1E+02
  4322      1  1.0E+00   4324 (4.1E-08) 1.2E-02  4.4656380E-01    145 5.1E+02
  4323      1  1.0E+00   4325 (3.0E-07) 3.1E-02  4.4656376E-01    145 5.1E+02
  4324      1  4.6E-01   4326 (2.0E-07) 2.5E-02  4.4656371E-01    145 5.1E+02   R
  4325      1  1.0E+00   4327 (6.0E-09) 2.4E-02  4.4656368E-01    145 5.1E+02 s
  4326      1  1.0E+00   4328 (1.5E-09) 1.2E-02  4.4656365E-01    145 5.1E+02
  4327      1  1.0E+00   4329 (6.7E-09) 1.3E-02  4.4656363E-01    145 5.1E+02
  4328      1  1.0E+00   4330 (1.2E-08) 1.1E-02  4.4656360E-01    145 5.1E+02
  4329      1  1.0E+00   4331 (2.9E-07) 1.7E-02  4.4656351E-01    145 5.1E+02

 Major Minors     Step   nCon Feasible  Optimal  MeritFunction     nS Penalty
  4330      1  1.0E+00   4332 (7.3E-07) 2.2E-02  4.4656344E-01    145 5.1E+02
  4331      1  1.0E+00   4333  1.1E-06  1.4E-02  4.4656336E-01    145 5.1E+02
  4332      1  1.0E+00   4334 (5.8E-07) 8.5E-03  4.4656325E-01    145 5.1E+02
  4333      1  1.0E+00   4335  5.8E-06  2.3E-02  4.4656316E-01    145 5.1E+02
  4334      1  1.0E+00   4336  6.5E-06  5.9E-02  4.4656304E-01    145 5.1E+02
  4335      1  8.4E-02   4337  6.3E-06  4.2E-02  4.4656291E-01    145 5.1E+02   R
  4336      1  1.0E+00   4338 (3.7E-09) 2.1E-02  4.4656267E-01    145 5.1E+02 s
  4337      1  1.0E+00   4339 (6.5E-10) 1.4E-02  4.4656251E-01    145 5.1E+02
  4338      1  1.0E+00   4340 (7.4E-10) 6.1E-03  4.4656246E-01    145 5.1E+02
  4339      1  1.0E+00   4341 (3.3E-09) 5.3E-03  4.4656240E-01    145 5.1E+02

 Major Minors     Step   nCon Feasible  Optimal  MeritFunction     nS Penalty
  4340      1  1.0E+00   4342 (5.3E-08) 2.4E-02  4.4656228E-01    145 5.1E+02
  4341      1  1.0E+00   4343 (3.6E-08) 2.0E-02  4.4656219E-01    145 5.1E+02
  4342      1  1.0E+00   4344 (1.2E-07) 3.9E-02  4.4656211E-01    145 5.1E+02
  4343      1  1.0E+00   4345 (1.9E-08) 1.0E-02  4.4656201E-01    145 5.1E+02
  4344      1  1.0E+00   4346 (1.5E-07) 8.2E-03  4.4656194E-01    145 5.1E+02
  4345      1  1.0E+00   4347 (3.1E-07) 8.1E-03  4.4656188E-01    145 5.1E+02
  4346      1  1.0E+00   4348 (4.9E-07) 5.8E-03  4.4656182E-01    145 5.1E+02   R
  4347      1  1.0E+00   4349 (2.6E-09) 3.8E-03  4.4656179E-01    145 5.1E+02 s
  4348      1  3.1E-01   4350 (1.6E-07) 1.5E-02  4.4656167E-01    145 5.1E+02
  4349      1  4.5E-01   4351 (6.6E-07) 1.5E-02  4.4656150E-01    145 5.1E+02

 Major Minors     Step   nCon Feasible  Optimal  MeritFunction     nS Penalty
  4350      1  3.2E-01   4352 (9.6E-07) 1.5E-02  4.4656138E-01    145 5.1E+02
  4351      1  3.4E-01   4353 (8.9E-07) 9.3E-03  4.4656132E-01    145 5.1E+02
  4352      1  4.3E-01   4354 (9.2E-07) 1.1E-02  4.4656126E-01    145 5.1E+02
  4353      1  3.9E-01   4355  1.3E-06  9.3E-03  4.4656116E-01    145 5.1E+02
  4354      1  2.3E-01   4356  1.6E-06  7.6E-03  4.4656108E-01    145 5.1E+02
  4355      1  1.8E-01   4357  1.8E-06  5.5E-03  4.4656099E-01    145 5.1E+02
  4356      2  9.0E-03   4358  1.8E-06  5.6E-03  4.4656097E-01    146 5.1E+02
  4357      2  1.7E-03   4359  1.8E-06  5.4E-03  4.4656097E-01    145 5.1E+02   R
  4358      1  1.0E+00   4360 (4.3E-08) 7.4E-03  4.4656087E-01    145 5.1E+02 s
  4359      1  4.3E-01   4361 (8.2E-08) 8.4E-03  4.4656081E-01    145 5.1E+02

 Major Minors     Step   nCon Feasible  Optimal  MeritFunction     nS Penalty
  4360      1  5.0E-01   4362 (1.8E-07) 1.4E-02  4.4656074E-01    145 5.1E+02
  4361      1  3.9E-01   4363 (2.6E-07) 1.3E-02  4.4656067E-01    145 5.1E+02
  4362      1  4.1E-01   4364 (3.0E-07) 5.6E-03  4.4656062E-01    145 5.1E+02
  4363      1  4.2E-01   4365 (3.1E-07) 1.2E-02  4.4656058E-01    145 5.1E+02
  4364      1  1.0E+00   4366  1.2E-06  1.6E-02  4.4656053E-01    145 5.1E+02
  4365      1  1.0E+00   4367  1.3E-06  2.6E-02  4.4656051E-01    145 5.1E+02
  4366      1  1.0E+00   4368  1.2E-06  1.7E-02  4.4656041E-01    145 5.1E+02
  4367      1  1.0E+00   4369 (8.1E-07) 2.8E-02  4.4656034E-01    145 5.1E+02
  4368      1  4.8E-01   4370  1.3E-06  1.2E-02  4.4656014E-01    145 5.1E+02   R
  4369      1  3.8E-01   4371 (8.2E-07) 4.9E-03  4.4656004E-01    145 5.1E+02 s

 Major Minors     Step   nCon Feasible  Optimal  MeritFunction     nS Penalty
  4370      1  1.0E+00   4372 (7.1E-09) 3.0E-03  4.4656001E-01    145 5.1E+02
  4371      1  1.0E+00   4373 (6.6E-08) 5.9E-03  4.4655996E-01    145 5.1E+02
  4372      1  1.0E+00   4374 (1.1E-07) 1.1E-02  4.4655993E-01    145 5.1E+02
  4373      1  1.0E+00   4375 (5.2E-08) 9.7E-03  4.4655988E-01    145 5.1E+02
  4374      1  1.0E+00   4376 (3.1E-07) 7.3E-03  4.4655982E-01    145 5.1E+02
  4375      1  1.0E+00   4377 (5.7E-07) 1.2E-02  4.4655976E-01    145 5.1E+02
  4376      1  1.0E+00   4378 (7.5E-07) 1.9E-02  4.4655971E-01    145 5.1E+02
  4377      1  1.0E+00   4379  2.9E-06  1.6E-02  4.4655966E-01    145 5.1E+02
  4378      1  1.0E+00   4380 (3.6E-07) 1.1E-02  4.4655954E-01    145 5.1E+02
  4379      1  1.0E+00   4381  6.7E-06  7.3E-03  4.4655953E-01    145 5.1E+02   R

 Major Minors     Step   nCon Feasible  Optimal  MeritFunction     nS Penalty
  4380      1  1.0E+00   4382 (2.0E-09) 6.0E-03  4.4655924E-01    145 5.1E+02 s
  4381      1  1.0E+00   4383 (1.5E-07) 1.6E-02  4.4655913E-01    145 5.1E+02
  4382      1  1.0E+00   4384 (1.4E-07) 2.8E-02  4.4655907E-01    145 5.1E+02
  4383      1  1.0E+00   4385 (4.4E-08) 2.0E-02  4.4655901E-01    145 5.1E+02
  4384      1  1.0E+00   4386 (2.9E-08) 1.5E-02  4.4655893E-01    145 5.1E+02
  4385      1  1.0E+00   4387 (1.2E-07) 1.9E-02  4.4655889E-01    145 5.1E+02
  4386      1  1.0E+00   4388 (3.1E-07) 1.6E-02  4.4655883E-01    145 5.1E+02
  4387      1  1.0E+00   4389 (6.6E-07) 1.7E-02  4.4655874E-01    145 5.1E+02
  4388      1  1.0E+00   4390  2.1E-06  1.2E-02  4.4655858E-01    145 5.1E+02
  4389      1  2.1E-01   4391  2.3E-06  1.3E-02  4.4655849E-01    145 5.1E+02

 Major Minors     Step   nCon Feasible  Optimal  MeritFunction     nS Penalty
  4390      2  1.1E-02   4392  2.2E-06  1.3E-02  4.4655847E-01    145 5.1E+02   R
  4391      1  1.0E+00   4393 (2.3E-08) 1.4E-02  4.4655839E-01    145 5.1E+02 s
  4392      1  1.0E+00   4394 (7.9E-09) 6.2E-03  4.4655832E-01    145 5.1E+02
  4393      1  1.0E+00   4395 (5.5E-08) 4.3E-03  4.4655826E-01    145 5.1E+02
  4394      1  1.0E+00   4396 (4.6E-07) 1.0E-02  4.4655815E-01    145 5.1E+02
  4395      1  1.0E+00   4397 (7.2E-07) 1.1E-02  4.4655807E-01    145 5.1E+02
  4396      1  1.0E+00   4398 (4.6E-07) 7.1E-03  4.4655800E-01    145 5.1E+02
  4397      1  1.0E+00   4399 (7.7E-07) 9.8E-03  4.4655791E-01    145 5.1E+02
  4398      1  1.0E+00   4400  2.4E-06  1.7E-02  4.4655778E-01    145 5.1E+02
  4399      2  1.0E+00   4401  5.3E-06  3.6E-02  4.4655761E-01    144 5.1E+02

 Major Minors     Step   nCon Feasible  Optimal  MeritFunction     nS Penalty
  4400      1  1.4E-01   4402  5.1E-06  3.7E-02  4.4655748E-01    144 5.1E+02
  4401      4  2.9E-01   4403  5.3E-06  2.8E-02  4.4655718E-01    145 5.1E+02   R
  4402      1  1.0E+00   4404 (1.2E-08) 7.7E-03  4.4655687E-01    145 5.1E+02 s
  4403      1  1.0E+00   4405 (1.0E-08) 7.3E-03  4.4655681E-01    145 5.1E+02
  4404      1  1.0E+00   4406 (2.0E-08) 6.6E-03  4.4655674E-01    145 5.1E+02
  4405      1  1.0E+00   4407 (1.8E-07) 1.0E-02  4.4655667E-01    145 5.1E+02
  4406      1  1.0E+00   4408 (2.1E-08) 6.6E-03  4.4655661E-01    145 5.1E+02
  4407      1  1.0E+00   4409 (1.2E-07) 6.3E-03  4.4655654E-01    145 5.1E+02
  4408      2  1.0E+00   4410 (7.5E-07) 9.8E-03  4.4655645E-01    144 5.1E+02
  4409      1  1.0E+00   4411 (8.1E-07) 6.9E-03  4.4655634E-01    144 5.1E+02

 Major Minors     Step   nCon Feasible  Optimal  MeritFunction     nS Penalty
  4410      1  1.0E+00   4412 (3.2E-08) 3.4E-03  4.4655628E-01    144 5.1E+02
  4411      1  1.0E+00   4413 (1.9E-07) 6.2E-03  4.4655623E-01    144 5.1E+02
  4412      1  1.0E+00   4414 (1.7E-08) 6.4E-03  4.4655622E-01    144 5.1E+02   R
  4413      1  1.0E+00   4415 (6.2E-09) 2.3E-03  4.4655621E-01    144 5.1E+02 s
  4414      1  1.0E+00   4416 (8.4E-09) 3.1E-03  4.4655620E-01    144 5.1E+02
  4415      1  1.0E+00   4417 (6.0E-09) 9.4E-04  4.4655619E-01    144 5.1E+02
  4416      1  1.0E+00   4418 (1.5E-09) 7.8E-04  4.4655619E-01    144 5.1E+02
  4417      1  1.0E+00   4419 (9.2E-09) 1.6E-03  4.4655619E-01    144 5.1E+02
  4418      1  1.0E+00   4420 (6.7E-09) 1.1E-03  4.4655618E-01    144 5.1E+02
  4419      1  1.0E+00   4421 (5.3E-09) 1.5E-03  4.4655618E-01    144 5.1E+02

 Major Minors     Step   nCon Feasible  Optimal  MeritFunction     nS Penalty
  4420      1  1.0E+00   4422 (8.3E-09) 1.5E-03  4.4655617E-01    144 5.1E+02
  4421      1  1.0E+00   4423 (2.7E-08) 1.4E-03  4.4655616E-01    144 5.1E+02
  4422      1  1.0E+00   4424 (2.9E-08) 1.8E-03  4.4655616E-01    144 5.1E+02
  4423      1  1.0E+00   4425 (2.3E-08) 1.8E-03  4.4655615E-01    144 5.1E+02   R
  4424      1  1.0E+00   4426 (1.8E-09) 1.7E-03  4.4655614E-01    144 5.1E+02 s
  4425      1  1.0E+00   4427 (1.6E-08) 3.4E-03  4.4655614E-01    144 5.1E+02
  4426      1  1.0E+00   4428 (5.7E-09) 2.1E-03  4.4655614E-01    144 5.1E+02
  4427      1  4.1E-01   4429 (5.1E-09) 2.6E-03  4.4655614E-01    144 5.1E+02
  4428      1  4.6E-01   4430 (2.8E-09) 1.1E-03  4.4655613E-01    144 5.1E+02
  4429      1  1.0E+00   4431 (2.7E-09) 2.9E-03  4.4655613E-01    144 5.1E+02

 Major Minors     Step   nCon Feasible  Optimal  MeritFunction     nS Penalty
  4430      1  1.0E+00   4432 (1.5E-09) 1.1E-03  4.4655613E-01    144 5.1E+02
  4431      1  1.0E+00   4433 (4.5E-09) 2.8E-03  4.4655613E-01    144 5.1E+02
  4432      1  1.0E+00   4434 (3.8E-08) 3.5E-03  4.4655612E-01    144 5.1E+02
  4433      1  1.0E+00   4435 (6.9E-09) 4.0E-03  4.4655612E-01    144 5.1E+02
  4434      1  1.0E+00   4436 (2.1E-09) 4.2E-03  4.4655612E-01    144 5.1E+02   R
  4435      1  1.0E+00   4437 (2.0E-09) 5.7E-03  4.4655612E-01    144 5.1E+02 s
  4436      1  1.0E+00   4438 (3.3E-11) 1.1E-03  4.4655611E-01    144 5.1E+02
  4437      1  1.0E+00   4439 (1.7E-10) 5.4E-04  4.4655611E-01    144 5.1E+02
  4438      1  1.0E+00   4440 (4.2E-09) 3.3E-03  4.4655611E-01    144 5.1E+02
  4439      1  1.0E+00   4441 (3.5E-09) 2.8E-03  4.4655610E-01    144 5.1E+02

 Major Minors     Step   nCon Feasible  Optimal  MeritFunction     nS Penalty
  4440      1  1.0E+00   4442 (2.0E-09) 1.3E-03  4.4655610E-01    144 5.1E+02
  4441      1  1.0E+00   4443 (1.5E-09) 8.2E-04  4.4655610E-01    144 5.1E+02
  4442      1  1.0E+00   4444 (2.9E-09) 2.5E-03  4.4655610E-01    144 5.1E+02
  4443      1  1.0E+00   4445 (4.9E-09) 3.0E-03  4.4655610E-01    144 5.1E+02
  4444      1  1.0E+00   4446 (6.0E-09) 2.1E-03  4.4655609E-01    144 5.1E+02
  4445      1  1.0E+00   4447 (3.7E-09) 1.1E-03  4.4655609E-01    144 5.1E+02   R
  4446      1  1.0E+00   4448 (3.5E-10) 6.8E-04  4.4655609E-01    144 5.1E+02 s
  4447      1  1.0E+00   4449 (1.3E-08) 1.7E-03  4.4655609E-01    144 5.1E+02
  4448      1  1.0E+00   4450 (2.6E-09) 2.5E-03  4.4655609E-01    144 5.1E+02
  4449      1  1.0E+00   4451 (1.4E-09) 9.1E-04  4.4655608E-01    144 5.1E+02

 Major Minors     Step   nCon Feasible  Optimal  MeritFunction     nS Penalty
  4450      1  1.0E+00   4452 (4.0E-10) 9.9E-04  4.4655608E-01    144 5.1E+02
  4451      1  1.0E+00   4453 (1.1E-09) 1.6E-03  4.4655608E-01    144 5.1E+02
  4452      1  1.0E+00   4454 (2.2E-09) 1.2E-03  4.4655608E-01    144 5.1E+02
  4453      1  1.0E+00   4455 (3.2E-09) 2.5E-03  4.4655608E-01    144 5.1E+02
  4454      1  1.0E+00   4456 (1.7E-09) 1.1E-03  4.4655608E-01    144 5.1E+02
  4455      1  1.0E+00   4457 (5.0E-09) 4.1E-03  4.4655607E-01    144 5.1E+02
  4456      1  1.0E+00   4458 (1.6E-08) 2.8E-03  4.4655607E-01    144 5.1E+02   R
  4457      1  1.0E+00   4459 (1.9E-09) 2.8E-03  4.4655606E-01    144 5.1E+02 s
  4458      1  1.0E+00   4460 (1.8E-10) 1.1E-03  4.4655606E-01    144 5.1E+02
  4459      1  1.0E+00   4461 (6.6E-10) 6.9E-04  4.4655606E-01    144 5.1E+02

 Major Minors     Step   nCon Feasible  Optimal  MeritFunction     nS Penalty
  4460      1  1.0E+00   4462 (1.4E-09) 8.3E-04  4.4655606E-01    144 5.1E+02
  4461      1  1.0E+00   4463 (4.3E-10) 4.9E-04  4.4655606E-01    144 5.1E+02
  4462      1  1.0E+00   4464 (1.8E-10) 3.5E-04  4.4655606E-01    144 5.1E+02
  4463      1  1.0E+00   4465 (1.7E-10) 4.8E-04  4.4655605E-01    144 5.1E+02
  4464      1  1.0E+00   4466 (6.3E-10) 7.4E-04  4.4655605E-01    144 5.1E+02
  4465      1  1.0E+00   4467 (6.3E-10) 1.2E-03  4.4655605E-01    144 5.1E+02
  4466      1  1.0E+00   4468 (3.0E-09) 1.5E-03  4.4655605E-01    144 5.1E+02
  4467      1  1.0E+00   4469 (9.4E-09) 1.6E-03  4.4655605E-01    144 5.1E+02   R
  4468      1  1.0E+00   4470 (6.6E-10) 1.5E-03  4.4655604E-01    144 5.1E+02 s
  4469      1  1.0E+00   4471 (5.4E-09) 1.4E-03  4.4655604E-01    144 5.1E+02

 Major Minors     Step   nCon Feasible  Optimal  MeritFunction     nS Penalty
  4470      1  1.0E+00   4472 (3.6E-09) 1.9E-03  4.4655604E-01    144 5.1E+02
  4471      1  1.0E+00   4473 (6.6E-10) 6.5E-04  4.4655603E-01    144 5.1E+02
  4472      1  1.0E+00   4474 (1.9E-09) 1.3E-03  4.4655603E-01    144 5.1E+02
  4473      1  1.0E+00   4475 (4.5E-09) 2.1E-03  4.4655603E-01    144 5.1E+02
  4474      1  1.0E+00   4476 (6.0E-09) 2.5E-03  4.4655602E-01    144 5.1E+02
  4475      1  1.0E+00   4477 (8.5E-09) 2.4E-03  4.4655602E-01    144 5.1E+02
  4476      1  1.0E+00   4478 (4.0E-08) 4.0E-03  4.4655601E-01    144 5.1E+02
  4477      1  8.2E-03   4479 (3.9E-08) 4.0E-03  4.4655601E-01    144 5.1E+02
  4478      1  7.6E-03   4480 (3.9E-08) 4.0E-03  4.4655601E-01    144 5.1E+02   R
  4479      1  1.0E+00   4481 (1.3E-09) 3.0E-03  4.4655600E-01    144 5.1E+02 s

 Major Minors     Step   nCon Feasible  Optimal  MeritFunction     nS Penalty
  4480      1  1.8E-01   4482 (1.3E-09) 4.3E-03  4.4655600E-01    144 5.1E+02
  4481      1  1.0E+00   4483 (1.1E-09) 2.1E-03  4.4655599E-01    144 5.1E+02
  4482      1  1.0E+00   4484 (2.7E-09) 1.8E-03  4.4655597E-01    144 5.1E+02
  4483      1  1.0E+00   4485 (1.1E-08) 3.0E-03  4.4655596E-01    144 5.1E+02
  4484      1  1.0E+00   4486 (6.1E-09) 2.3E-03  4.4655595E-01    144 5.1E+02
  4485      1  9.3E-02   4487 (5.6E-09) 2.3E-03  4.4655595E-01    144 5.1E+02
  4486      1  3.6E-02   4488 (5.5E-09) 2.3E-03  4.4655594E-01    144 5.1E+02
  4487      1  1.8E-01   4489 (6.0E-09) 2.1E-03  4.4655593E-01    144 5.1E+02
  4488      1  3.2E-01   4490 (3.8E-08) 3.1E-03  4.4655591E-01    144 5.1E+02
  4489      1  1.0E+00   4491 (5.2E-08) 6.9E-03  4.4655591E-01    144 5.1E+02   R

 Major Minors     Step   nCon Feasible  Optimal  MeritFunction     nS Penalty
  4490      1  1.0E+00   4492 (6.7E-09) 5.4E-03  4.4655588E-01    144 5.1E+02 s
  4491      1  1.0E+00   4493 (3.3E-09) 3.4E-03  4.4655586E-01    144 5.1E+02
  4492      1  1.0E+00   4494 (4.8E-08) 4.7E-03  4.4655582E-01    144 5.1E+02
  4493      1  1.0E+00   4495 (9.8E-09) 4.2E-03  4.4655579E-01    144 5.1E+02
  4494      1  1.0E+00   4496 (2.3E-08) 4.3E-03  4.4655575E-01    144 5.1E+02
  4495      1  1.0E+00   4497 (4.7E-09) 2.7E-03  4.4655571E-01    144 5.1E+02
  4496      1  1.0E+00   4498 (1.8E-08) 4.0E-03  4.4655568E-01    144 5.1E+02
  4497      1  1.0E+00   4499 (1.7E-08) 2.6E-03  4.4655565E-01    144 5.1E+02
  4498      1  1.0E+00   4500 (1.9E-08) 2.8E-03  4.4655563E-01    144 5.1E+02
  4499      1  1.0E+00   4501 (1.1E-08) 2.6E-03  4.4655561E-01    144 5.1E+02

 Major Minors     Step   nCon Feasible  Optimal  MeritFunction     nS Penalty
  4500      1  1.0E+00   4502 (6.6E-09) 5.7E-03  4.4655558E-01    144 5.1E+02   R
  4501      1  1.0E+00   4503 (6.7E-09) 3.0E-03  4.4655556E-01    144 5.1E+02 s
  4502      1  1.0E+00   4504 (1.8E-08) 2.8E-03  4.4655554E-01    144 5.1E+02
  4503      1  1.0E+00   4505 (6.6E-09) 1.8E-03  4.4655553E-01    144 5.1E+02
  4504      1  1.0E+00   4506 (6.1E-10) 1.2E-03  4.4655552E-01    144 5.1E+02
  4505      1  1.0E+00   4507 (1.9E-09) 1.1E-03  4.4655552E-01    144 5.1E+02
  4506      1  1.0E+00   4508 (4.3E-09) 1.0E-03  4.4655551E-01    144 5.1E+02
  4507      1  1.0E+00   4509 (1.2E-09) 6.7E-04  4.4655551E-01    144 5.1E+02
  4508      1  1.0E+00   4510 (1.0E-09) 6.5E-04  4.4655551E-01    144 5.1E+02
  4509      1  1.0E+00   4511 (1.7E-10) 7.8E-04  4.4655551E-01    144 5.1E+02

 Major Minors     Step   nCon Feasible  Optimal  MeritFunction     nS Penalty
  4510      1  1.0E+00   4512 (4.6E-10) 6.7E-04  4.4655551E-01    144 5.1E+02
  4511      1  1.0E+00   4513 (5.5E-10) 5.5E-04  4.4655551E-01    144 5.1E+02   R
  4512      1  1.0E+00   4514 (2.1E-11) 6.6E-04  4.4655551E-01    144 5.1E+02 s
  4513      1  1.0E+00   4515 (1.4E-12) 2.1E-04  4.4655551E-01    144 5.1E+02
  4514      1  1.0E+00   4516 (1.1E-11) 2.0E-04  4.4655551E-01    144 5.1E+02
  4515      1  1.0E+00   4517 (5.3E-11) 3.0E-04  4.4655551E-01    144 5.1E+02
  4516      1  1.0E+00   4518 (2.8E-11) 3.5E-04  4.4655551E-01    144 5.1E+02
  4517      1  1.0E+00   4519 (1.6E-11) 2.9E-04  4.4655551E-01    144 5.1E+02
  4518      1  1.0E+00   4520 (6.2E-12) 2.7E-04  4.4655551E-01    144 5.1E+02
  4519      1  1.0E+00   4521 (3.1E-11) 1.8E-04  4.4655551E-01    144 5.1E+02

 Major Minors     Step   nCon Feasible  Optimal  MeritFunction     nS Penalty
  4520      1  1.0E+00   4522 (3.3E-11) 1.8E-04  4.4655551E-01    144 5.1E+02
  4521      1  1.0E+00   4523 (2.6E-11) 1.5E-04  4.4655551E-01    144 5.1E+02
  4522      1  1.0E+00   4524 (1.5E-11) 1.6E-04  4.4655551E-01    144 5.1E+02   R
  4523      1  1.0E+00   4525 (3.3E-12) 1.1E-04  4.4655551E-01    144 5.1E+02 s
  4524      1  1.0E+00   4526 (3.3E-10) 3.0E-04  4.4655551E-01    144 5.1E+02
  4525      1  1.0E+00   4527 (2.3E-11) 4.3E-04  4.4655551E-01    144 5.1E+02
  4526      1  1.0E+00   4528 (9.4E-11) 6.7E-04  4.4655551E-01    144 5.1E+02
  4527      1  1.0E+00   4529 (1.9E-10) 5.4E-04  4.4655551E-01    144 5.1E+02
  4528      1  1.0E+00   4530 (1.3E-10) 1.6E-03  4.4655551E-01    144 5.1E+02
  4529      1  1.0E+00   4531 (4.3E-11) 1.0E-03  4.4655551E-01    144 5.1E+02

 Major Minors     Step   nCon Feasible  Optimal  MeritFunction     nS Penalty
  4530      1  1.0E+00   4532 (4.1E-10) 2.0E-03  4.4655551E-01    144 5.1E+02
  4531      1  1.0E+00   4533 (4.6E-11) 2.0E-03  4.4655550E-01    144 5.1E+02
  4532      1  1.0E+00   4534 (6.0E-10) 3.4E-03  4.4655550E-01    144 5.1E+02
  4533      1  1.0E+00   4535 (4.3E-10) 3.3E-03  4.4655549E-01    144 5.1E+02   R
  4534      1  4.8E-01   4536 (4.7E-10) 1.0E-03  4.4655549E-01    144 5.1E+02 s
  4535      1  1.0E+00   4537 (1.2E-10) 6.8E-04  4.4655549E-01    144 5.1E+02
  4536      1  1.0E+00   4538 (4.1E-11) 6.4E-04  4.4655549E-01    144 5.1E+02
  4537      1  1.0E+00   4539 (6.6E-12) 5.3E-04  4.4655549E-01    144 5.1E+02
  4538      1  1.0E+00   4540 (3.2E-11) 9.4E-04  4.4655549E-01    144 5.1E+02
  4539      1  1.0E+00   4541 (1.3E-10) 1.0E-03  4.4655549E-01    144 5.1E+02

 Major Minors     Step   nCon Feasible  Optimal  MeritFunction     nS Penalty
  4540      1  1.0E+00   4542 (5.4E-11) 6.3E-04  4.4655549E-01    144 5.1E+02
  4541      1  1.0E+00   4543 (3.2E-11) 6.5E-04  4.4655549E-01    144 5.1E+02
  4542      1  1.0E+00   4544 (5.5E-11) 6.9E-04  4.4655548E-01    144 5.1E+02
  4543      1  1.0E+00   4545 (1.1E-10) 7.5E-04  4.4655548E-01    144 5.1E+02
  4544      1  1.0E+00   4546 (1.8E-10) 6.1E-04  4.4655548E-01    144 5.1E+02   R
  4545      1  1.0E+00   4547 (1.3E-11) 4.7E-04  4.4655548E-01    144 5.1E+02 s
  4546      1  1.0E+00   4548 (5.2E-10) 2.1E-03  4.4655548E-01    144 5.1E+02
  4547      1  1.0E+00   4549 (6.1E-11) 2.7E-03  4.4655548E-01    144 5.1E+02
  4548      1  1.0E+00   4550 (9.2E-11) 4.0E-03  4.4655548E-01    144 5.1E+02
  4549      1  1.0E+00   4551 (1.3E-10) 2.6E-03  4.4655548E-01    144 5.1E+02

 Major Minors     Step   nCon Feasible  Optimal  MeritFunction     nS Penalty
  4550      1  5.0E-01   4552 (9.4E-11) 1.7E-03  4.4655548E-01    144 5.1E+02
  4551      1  1.0E+00   4553 (1.0E-10) 2.7E-03  4.4655547E-01    144 5.1E+02
  4552      1  1.0E+00   4554 (4.1E-10) 4.7E-03  4.4655547E-01    144 5.1E+02
  4553      1  2.2E-01   4555 (3.9E-10) 3.1E-03  4.4655546E-01    144 5.1E+02
  4554      1  3.4E-01   4556 (3.7E-10) 2.1E-03  4.4655546E-01    144 5.1E+02
  4555      1  1.0E+00   4557 (3.3E-10) 6.7E-03  4.4655546E-01    144 5.1E+02   R
  4556      1  1.0E+00   4558 (2.1E-10) 6.4E-03  4.4655545E-01    144 5.1E+02 s
  4557      1  1.0E+00   4559 (8.6E-11) 3.7E-03  4.4655544E-01    144 5.1E+02
  4558      1  1.0E+00   4560 (1.9E-10) 2.0E-03  4.4655543E-01    144 5.1E+02
  4559      1  1.0E+00   4561 (4.7E-10) 3.1E-03  4.4655542E-01    144 5.1E+02

 Major Minors     Step   nCon Feasible  Optimal  MeritFunction     nS Penalty
  4560      1  1.0E+00   4562 (1.2E-08) 1.0E-02  4.4655538E-01    144 5.1E+02
  4561      1  4.0E-01   4563 (8.0E-09) 7.0E-03  4.4655537E-01    144 5.1E+02
  4562      1  1.0E+00   4564 (1.4E-10) 1.2E-02  4.4655536E-01    144 5.1E+02
  4563      1  1.0E+00   4565 (1.9E-10) 3.8E-03  4.4655535E-01    144 5.1E+02
  4564      1  1.0E+00   4566 (6.0E-10) 3.5E-03  4.4655535E-01    144 5.1E+02
  4565      1  1.0E+00   4567 (7.1E-10) 2.8E-03  4.4655534E-01    144 5.1E+02
  4566      1  1.0E+00   4568 (2.4E-09) 3.2E-03  4.4655533E-01    144 5.1E+02   R
  4567      1  1.0E+00   4569 (1.7E-10) 3.8E-03  4.4655533E-01    144 5.1E+02 s
  4568      1  1.0E+00   4570 (3.4E-11) 1.3E-03  4.4655532E-01    144 5.1E+02
  4569      1  1.0E+00   4571 (1.2E-10) 8.1E-04  4.4655532E-01    144 5.1E+02

 Major Minors     Step   nCon Feasible  Optimal  MeritFunction     nS Penalty
  4570      1  1.0E+00   4572 (9.2E-11) 9.2E-04  4.4655532E-01    144 5.1E+02
  4571      1  1.0E+00   4573 (7.3E-11) 6.1E-04  4.4655532E-01    144 5.1E+02
  4572      1  1.0E+00   4574 (1.7E-10) 6.9E-04  4.4655531E-01    144 5.1E+02
  4573      1  1.0E+00   4575 (1.4E-10) 9.4E-04  4.4655531E-01    144 5.1E+02
  4574      1  1.0E+00   4576 (7.3E-11) 9.6E-04  4.4655531E-01    144 5.1E+02
  4575      1  1.0E+00   4577 (2.2E-11) 7.6E-04  4.4655531E-01    144 5.1E+02
  4576      1  1.0E+00   4578 (4.7E-11) 6.6E-04  4.4655531E-01    144 5.1E+02
  4577      1  1.0E+00   4579 (7.4E-11) 1.2E-03  4.4655531E-01    144 5.1E+02   R
  4578      1  1.0E+00   4580 (3.5E-12) 7.5E-04  4.4655531E-01    144 5.1E+02 s
  4579      1  1.0E+00   4581 (1.3E-11) 4.9E-04  4.4655531E-01    144 5.1E+02

 Major Minors     Step   nCon Feasible  Optimal  MeritFunction     nS Penalty
  4580      1  1.0E+00   4582 (2.1E-11) 7.0E-04  4.4655531E-01    144 5.1E+02
  4581      1  1.0E+00   4583 (6.4E-11) 1.3E-03  4.4655531E-01    144 5.1E+02
  4582      1  1.0E+00   4584 (1.4E-10) 1.7E-03  4.4655531E-01    144 5.1E+02
  4583      1  1.0E+00   4585 (1.9E-10) 1.2E-03  4.4655531E-01    144 5.1E+02
  4584      1  1.0E+00   4586 (7.6E-11) 1.2E-03  4.4655530E-01    144 5.1E+02
  4585      1  1.0E+00   4587 (2.7E-10) 1.1E-03  4.4655530E-01    144 5.1E+02
  4586      1  1.0E+00   4588 (3.4E-10) 1.2E-03  4.4655530E-01    144 5.1E+02
  4587      1  1.0E+00   4589 (7.0E-10) 1.3E-03  4.4655530E-01    144 5.1E+02
  4588      1  1.0E+00   4590 (1.4E-10) 8.9E-04  4.4655530E-01    144 5.1E+02   R
  4589      1  1.0E+00   4591 (9.5E-11) 5.6E-04  4.4655530E-01    144 5.1E+02 s

 Major Minors     Step   nCon Feasible  Optimal  MeritFunction     nS Penalty
  4590      1  1.0E+00   4592 (7.3E-10) 2.4E-03  4.4655530E-01    144 5.1E+02
  4591      1  1.0E+00   4593 (1.4E-11) 9.8E-04  4.4655530E-01    144 5.1E+02
  4592      1  4.3E-01   4594 (1.7E-11) 1.2E-03  4.4655530E-01    144 5.1E+02
  4593      1  1.0E+00   4595 (1.0E-11) 5.9E-04  4.4655530E-01    144 5.1E+02
  4594      1  1.0E+00   4596 (7.0E-12) 5.8E-04  4.4655530E-01    144 5.1E+02
  4595      1  1.0E+00   4597 (1.1E-11) 7.9E-04  4.4655530E-01    144 5.1E+02
  4596      1  1.0E+00   4598 (6.6E-11) 8.8E-04  4.4655530E-01    144 5.1E+02
  4597      1  1.0E+00   4599 (2.1E-11) 1.2E-03  4.4655530E-01    144 5.1E+02
  4598      1  1.0E+00   4600 (3.1E-11) 8.3E-04  4.4655529E-01    144 5.1E+02
  4599      1  1.0E+00   4601 (2.1E-11) 6.1E-04  4.4655529E-01    144 5.1E+02   R

 Major Minors     Step   nCon Feasible  Optimal  MeritFunction     nS Penalty
  4600      1  1.0E+00   4602 (6.4E-11) 8.8E-04  4.4655529E-01    144 5.1E+02 s
  4601      1  1.0E+00   4603 (8.0E-12) 4.1E-04  4.4655529E-01    144 5.1E+02
  4602      1  1.0E+00   4604 (2.8E-11) 6.7E-04  4.4655529E-01    144 5.1E+02
  4603      1  1.0E+00   4605 (6.1E-11) 7.6E-04  4.4655529E-01    144 5.1E+02
  4604      1  1.0E+00   4606 (7.7E-11) 1.4E-03  4.4655529E-01    144 5.1E+02
  4605      1  1.0E+00   4607 (1.9E-10) 2.0E-03  4.4655529E-01    144 5.1E+02
  4606      1  1.0E+00   4608 (4.4E-10) 1.6E-03  4.4655529E-01    144 5.1E+02
  4607      1  1.0E+00   4609 (6.9E-10) 1.4E-03  4.4655528E-01    144 5.1E+02
  4608      1  1.0E+00   4610 (5.9E-10) 1.8E-03  4.4655528E-01    144 5.1E+02
  4609      1  1.0E+00   4611 (1.1E-09) 2.1E-03  4.4655528E-01    144 5.1E+02

 Major Minors     Step   nCon Feasible  Optimal  MeritFunction     nS Penalty
  4610      1  1.0E+00   4612 (2.3E-09) 2.5E-03  4.4655527E-01    144 5.1E+02   R
  4611      1  1.0E+00   4613 (1.1E-09) 2.2E-03  4.4655526E-01    144 5.1E+02 s
  4612      1  1.0E+00   4614 (1.2E-08) 2.8E-03  4.4655525E-01    144 5.1E+02
  4613      1  3.8E-01   4615 (7.8E-09) 1.6E-03  4.4655525E-01    144 5.1E+02
  4614      1  1.0E+00   4616 (2.5E-10) 2.3E-03  4.4655524E-01    144 5.1E+02
  4615      1  1.0E+00   4617 (6.1E-09) 4.7E-03  4.4655524E-01    144 5.1E+02
  4616      1  1.0E+00   4618 (8.6E-10) 3.5E-03  4.4655523E-01    144 5.1E+02
  4617      1  4.9E-01   4619 (5.4E-10) 3.0E-03  4.4655523E-01    144 5.1E+02
  4618      1  1.0E+00   4620 (3.2E-09) 3.7E-03  4.4655523E-01    144 5.1E+02
  4619      1  1.0E+00   4621 (1.8E-10) 3.2E-03  4.4655522E-01    144 5.1E+02

 Major Minors     Step   nCon Feasible  Optimal  MeritFunction     nS Penalty
  4620      1  1.0E+00   4622 (4.5E-10) 2.5E-03  4.4655522E-01    144 5.1E+02
  4621      1  1.0E+00   4623 (8.3E-10) 3.9E-03  4.4655522E-01    144 5.1E+02   R
  4622      1  4.9E-01   4624 (4.2E-10) 9.5E-04  4.4655521E-01    144 5.1E+02 s
  4623      1  1.0E+00   4625 (8.6E-11) 8.1E-04  4.4655520E-01    144 5.1E+02
  4624      1  1.0E+00   4626 (3.0E-10) 1.7E-03  4.4655520E-01    144 5.1E+02
  4625      1  1.0E+00   4627 (5.2E-10) 2.2E-03  4.4655519E-01    144 5.1E+02
  4626      1  1.0E+00   4628 (1.1E-09) 4.7E-03  4.4655518E-01    144 5.1E+02
  4627      1  1.0E+00   4629 (3.1E-09) 6.9E-03  4.4655516E-01    144 5.1E+02
  4628      1  1.0E+00   4630 (3.9E-09) 4.3E-03  4.4655515E-01    144 5.1E+02
  4629      1  1.0E+00   4631 (3.3E-10) 2.3E-03  4.4655514E-01    144 5.1E+02

 Major Minors     Step   nCon Feasible  Optimal  MeritFunction     nS Penalty
  4630      1  1.0E+00   4632 (4.4E-10) 1.6E-03  4.4655513E-01    144 5.1E+02
  4631      1  1.0E+00   4633 (9.2E-10) 1.5E-03  4.4655512E-01    144 5.1E+02
  4632      1  1.0E+00   4634 (5.8E-10) 1.8E-03  4.4655512E-01    144 5.1E+02   R
  4633      1  1.0E+00   4635 (1.4E-10) 1.6E-03  4.4655512E-01    144 5.1E+02 s
  4634      1  1.0E+00   4636 (1.5E-09) 1.1E-03  4.4655511E-01    144 5.1E+02
  4635      1  1.0E+00   4637 (5.7E-11) 2.5E-03  4.4655511E-01    144 5.1E+02
  4636      1  1.0E+00   4638 (5.0E-11) 2.6E-03  4.4655511E-01    144 5.1E+02
  4637      1  1.0E+00   4639 (5.4E-11) 4.1E-04  4.4655511E-01    144 5.1E+02
  4638      1  1.0E+00   4640 (6.3E-11) 6.9E-04  4.4655511E-01    144 5.1E+02
  4639      1  1.0E+00   4641 (4.0E-10) 2.0E-03  4.4655511E-01    144 5.1E+02

 Major Minors     Step   nCon Feasible  Optimal  MeritFunction     nS Penalty
  4640      1  1.0E+00   4642 (9.1E-11) 8.2E-04  4.4655511E-01    144 5.1E+02
  4641      1  1.0E+00   4643 (3.2E-11) 6.1E-04  4.4655511E-01    144 5.1E+02
  4642      1  1.0E+00   4644 (2.7E-11) 8.2E-04  4.4655511E-01    144 5.1E+02
  4643      1  1.0E+00   4645 (5.6E-11) 5.5E-04  4.4655511E-01    144 5.1E+02   R
  4644      1  1.0E+00   4646 (9.4E-12) 6.0E-04  4.4655511E-01    144 5.1E+02 s
  4645      1  1.0E+00   4647 (6.3E-13) 1.5E-04  4.4655511E-01    144 5.1E+02
  4646      1  1.0E+00   4648 (1.8E-12) 8.8E-05  4.4655511E-01    144 5.1E+02
  4647      1  1.0E+00   4649 (5.1E-11) 4.8E-04  4.4655511E-01    144 5.1E+02
  4648      1  1.0E+00   4650 (1.1E-10) 8.0E-04  4.4655511E-01    144 5.1E+02
  4649      1  1.0E+00   4651 (7.8E-11) 7.8E-04  4.4655511E-01    144 5.1E+02

 Major Minors     Step   nCon Feasible  Optimal  MeritFunction     nS Penalty
  4650      1  1.0E+00   4652 (1.8E-11) 8.3E-04  4.4655511E-01    144 5.1E+02
  4651      1  1.0E+00   4653 (1.7E-10) 1.0E-03  4.4655511E-01    144 5.1E+02
  4652      1  1.0E+00   4654 (6.1E-10) 1.5E-03  4.4655511E-01    144 5.1E+02
  4653      1  1.0E+00   4655 (1.9E-09) 2.3E-03  4.4655510E-01    144 5.1E+02
  4654      1  1.0E+00   4656 (4.8E-09) 3.1E-03  4.4655510E-01    144 5.1E+02   R
  4655      1  1.0E+00   4657 (1.8E-09) 1.4E-03  4.4655509E-01    144 5.1E+02 s
  4656      1  1.0E+00   4658 (1.8E-09) 8.7E-04  4.4655509E-01    144 5.1E+02
  4657      1  1.0E+00   4659 (3.3E-09) 7.8E-04  4.4655509E-01    144 5.1E+02
  4658      1  1.0E+00   4660 (7.8E-10) 4.9E-04  4.4655509E-01    144 5.1E+02
  4659      1  1.0E+00   4661 (4.9E-11) 4.6E-04  4.4655509E-01    144 5.1E+02

 Major Minors     Step   nCon Feasible  Optimal  MeritFunction     nS Penalty
  4660      1  1.0E+00   4662 (1.4E-10) 8.6E-04  4.4655509E-01    144 5.1E+02
  4661      1  1.0E+00   4663 (5.3E-10) 5.5E-04  4.4655509E-01    144 5.1E+02
  4662      1  1.0E+00   4664 (4.6E-10) 3.6E-04  4.4655509E-01    144 5.1E+02
  4663      1  1.0E+00   4665 (2.7E-10) 3.6E-04  4.4655508E-01    144 5.1E+02
  4664      1  1.0E+00   4666 (4.0E-10) 5.9E-04  4.4655508E-01    144 5.1E+02
  4665      1  1.0E+00   4667 (3.7E-10) 7.8E-04  4.4655508E-01    144 5.1E+02   R
  4666      1  1.0E+00   4668 (2.6E-10) 3.3E-04  4.4655508E-01    144 5.1E+02 s
  4667      1  1.0E+00   4669 (5.0E-09) 2.0E-03  4.4655508E-01    144 5.1E+02
  4668      1  1.0E+00   4670 (3.7E-09) 3.5E-03  4.4655508E-01    144 5.1E+02
  4669      1  1.0E+00   4671 (3.3E-10) 3.5E-03  4.4655507E-01    144 5.1E+02

 Major Minors     Step   nCon Feasible  Optimal  MeritFunction     nS Penalty
  4670      1  1.0E+00   4672 (3.3E-09) 5.9E-03  4.4655506E-01    144 5.1E+02
  4671      1  1.0E+00   4673 (4.7E-09) 9.0E-03  4.4655506E-01    144 5.1E+02
  4672      1  1.0E+00   4674 (1.7E-09) 4.6E-03  4.4655505E-01    144 5.1E+02
  4673      1  1.0E+00   4675 (6.8E-10) 3.8E-03  4.4655503E-01    144 5.1E+02
  4674      1  1.0E+00   4676 (1.8E-09) 8.4E-03  4.4655502E-01    144 5.1E+02
  4675      1  1.0E+00   4677 (3.2E-09) 6.6E-03  4.4655498E-01    144 5.1E+02
  4676      1  4.8E-01   4678 (1.9E-09) 6.1E-03  4.4655497E-01    144 5.1E+02   R
  4677      1  4.7E-01   4679 (1.4E-09) 3.7E-03  4.4655496E-01    144 5.1E+02 s
  4678      1  1.0E+00   4680 (3.2E-10) 2.2E-03  4.4655496E-01    144 5.1E+02
  4679      1  1.0E+00   4681 (4.4E-10) 3.7E-03  4.4655495E-01    144 5.1E+02

 Major Minors     Step   nCon Feasible  Optimal  MeritFunction     nS Penalty
  4680      1  1.0E+00   4682 (8.0E-10) 3.3E-03  4.4655494E-01    144 5.1E+02
  4681      1  1.0E+00   4683 (7.6E-10) 1.6E-03  4.4655493E-01    144 5.1E+02
  4682      1  1.0E+00   4684 (8.1E-10) 1.7E-03  4.4655493E-01    144 5.1E+02
  4683      1  1.0E+00   4685 (5.7E-10) 1.6E-03  4.4655492E-01    144 5.1E+02
  4684      1  1.0E+00   4686 (3.7E-10) 1.1E-03  4.4655492E-01    144 5.1E+02
  4685      1  1.0E+00   4687 (2.8E-10) 6.0E-04  4.4655492E-01    144 5.1E+02
  4686      1  1.0E+00   4688 (2.1E-10) 6.2E-04  4.4655492E-01    144 5.1E+02
  4687      1  1.0E+00   4689 (1.6E-10) 7.6E-04  4.4655492E-01    144 5.1E+02   R
  4688      1  1.0E+00   4690 (4.3E-11) 6.1E-04  4.4655492E-01    144 5.1E+02 s
  4689      1  4.0E-01   4691 (4.5E-10) 1.5E-03  4.4655491E-01    144 5.1E+02

 Major Minors     Step   nCon Feasible  Optimal  MeritFunction     nS Penalty
  4690      1  3.9E-01   4692 (2.8E-10) 4.9E-04  4.4655491E-01    144 5.1E+02
  4691      1  4.3E-01   4693 (2.6E-10) 5.9E-04  4.4655491E-01    144 5.1E+02
  4692      1  1.0E+00   4694 (5.1E-10) 1.7E-03  4.4655491E-01    144 5.1E+02
  4693      1  1.0E+00   4695 (1.5E-09) 1.2E-03  4.4655491E-01    144 5.1E+02
  4694      1  4.4E-01   4696 (1.3E-09) 1.3E-03  4.4655491E-01    144 5.1E+02
  4695      1  1.0E+00   4697 (1.0E-10) 1.0E-03  4.4655491E-01    144 5.1E+02
  4696      1  1.0E+00   4698 (1.1E-09) 2.9E-03  4.4655491E-01    144 5.1E+02
  4697      1  1.0E+00   4699 (2.1E-10) 1.8E-03  4.4655491E-01    144 5.1E+02
  4698      1  5.0E-01   4700 (1.3E-09) 1.5E-03  4.4655491E-01    144 5.1E+02   R
  4699      1  3.9E-01   4701 (7.9E-10) 4.3E-04  4.4655491E-01    144 5.1E+02 s

 Major Minors     Step   nCon Feasible  Optimal  MeritFunction     nS Penalty
  4700      1  1.0E+00   4702 (1.8E-11) 3.7E-04  4.4655491E-01    144 5.1E+02
  4701      1  1.0E+00   4703 (3.3E-11) 1.1E-03  4.4655491E-01    144 5.1E+02
  4702      1  1.0E+00   4704 (1.1E-10) 1.8E-03  4.4655491E-01    144 5.1E+02
  4703      1  1.0E+00   4705 (8.2E-11) 1.2E-03  4.4655491E-01    144 5.1E+02
  4704      1  1.0E+00   4706 (7.0E-11) 3.7E-04  4.4655491E-01    144 5.1E+02
  4705      1  1.0E+00   4707 (5.1E-11) 1.2E-03  4.4655491E-01    144 5.1E+02
  4706      1  1.0E+00   4708 (5.6E-11) 2.0E-03  4.4655491E-01    144 5.1E+02
  4707      1  1.0E+00   4709 (5.4E-11) 1.8E-03  4.4655491E-01    144 5.1E+02
  4708      1  1.0E+00   4710 (1.1E-10) 7.2E-04  4.4655491E-01    144 5.1E+02
  4709      1  1.0E+00   4711 (1.3E-10) 1.6E-03  4.4655490E-01    144 5.1E+02   R

 Major Minors     Step   nCon Feasible  Optimal  MeritFunction     nS Penalty
  4710      1  1.0E+00   4712 (6.5E-11) 7.5E-04  4.4655490E-01    144 5.1E+02 s
  4711      1  1.0E+00   4713 (1.4E-09) 3.8E-03  4.4655490E-01    144 5.1E+02
  4712      1  1.0E+00   4714 (2.4E-10) 2.8E-03  4.4655490E-01    144 5.1E+02
  4713      1  1.0E+00   4715 (5.8E-10) 3.6E-03  4.4655490E-01    144 5.1E+02
  4714      1  1.0E+00   4716 (4.8E-10) 2.5E-03  4.4655490E-01    144 5.1E+02
  4715      1  1.0E+00   4717 (3.1E-10) 3.3E-03  4.4655490E-01    144 5.1E+02
  4716      1  1.0E+00   4718 (2.4E-10) 2.4E-03  4.4655489E-01    144 5.1E+02
  4717      1  1.0E+00   4719 (2.4E-10) 3.3E-03  4.4655489E-01    144 5.1E+02
  4718      1  1.0E+00   4720 (2.7E-10) 3.0E-03  4.4655489E-01    144 5.1E+02
  4719      1  1.0E+00   4721 (2.4E-10) 5.2E-03  4.4655489E-01    144 5.1E+02

 Major Minors     Step   nCon Feasible  Optimal  MeritFunction     nS Penalty
  4720      1  1.0E+00   4722 (2.9E-10) 2.5E-03  4.4655489E-01    144 5.1E+02   R
  4721      1  1.0E+00   4723 (1.9E-10) 1.8E-03  4.4655488E-01    144 5.1E+02 s
  4722      1  1.0E+00   4724 (7.4E-11) 3.2E-03  4.4655488E-01    144 5.1E+02
  4723      1  1.0E+00   4725 (8.3E-10) 5.1E-03  4.4655487E-01    144 5.1E+02
  4724      1  1.0E+00   4726 (5.0E-09) 5.4E-03  4.4655486E-01    144 5.1E+02
  4725      1  1.0E+00   4727 (5.6E-09) 7.5E-03  4.4655485E-01    144 5.1E+02
  4726      1  1.0E+00   4728 (1.3E-09) 6.9E-03  4.4655484E-01    144 5.1E+02
  4727      1  1.0E+00   4729 (4.9E-10) 8.4E-03  4.4655483E-01    144 5.1E+02
  4728      1  1.0E+00   4730 (7.8E-10) 4.1E-03  4.4655482E-01    144 5.1E+02
  4729      1  1.0E+00   4731 (7.3E-10) 6.4E-03  4.4655481E-01    144 5.1E+02

 Major Minors     Step   nCon Feasible  Optimal  MeritFunction     nS Penalty
  4730      1  1.0E+00   4732 (2.5E-09) 6.9E-03  4.4655479E-01    144 5.1E+02
  4731      1  1.0E+00   4733 (4.9E-09) 1.0E-02  4.4655478E-01    144 5.1E+02   R
  4732      1  1.0E+00   4734 (4.0E-09) 6.5E-03  4.4655478E-01    144 5.1E+02 s
  4733      1  1.0E+00   4735 (8.1E-10) 1.4E-03  4.4655476E-01    144 5.1E+02
  4734      1  1.0E+00   4736 (1.1E-10) 1.2E-03  4.4655476E-01    144 5.1E+02
  4735      1  1.0E+00   4737 (4.2E-11) 9.2E-04  4.4655476E-01    144 5.1E+02
  4736      1  1.0E+00   4738 (9.0E-10) 1.7E-03  4.4655475E-01    144 5.1E+02
  4737      1  1.0E+00   4739 (1.4E-10) 1.4E-03  4.4655475E-01    144 5.1E+02
  4738      1  1.0E+00   4740 (4.6E-10) 1.4E-03  4.4655475E-01    144 5.1E+02
  4739      1  1.0E+00   4741 (2.8E-11) 1.7E-03  4.4655475E-01    144 5.1E+02

 Major Minors     Step   nCon Feasible  Optimal  MeritFunction     nS Penalty
  4740      1  1.0E+00   4742 (4.6E-11) 1.4E-03  4.4655474E-01    144 5.1E+02
  4741      1  1.0E+00   4743 (1.4E-11) 1.3E-03  4.4655474E-01    144 5.1E+02
  4742      1  1.0E+00   4744 (2.9E-10) 1.8E-03  4.4655474E-01    144 5.1E+02   R
  4743      1  1.0E+00   4745 (1.4E-11) 1.1E-03  4.4655474E-01    144 5.1E+02 s
  4744      1  1.0E+00   4746 (3.6E-11) 8.7E-04  4.4655474E-01    144 5.1E+02
  4745      1  1.0E+00   4747 (3.1E-11) 1.5E-03  4.4655474E-01    144 5.1E+02
  4746      1  1.0E+00   4748 (6.4E-11) 1.2E-03  4.4655474E-01    144 5.1E+02
  4747      1  1.0E+00   4749 (4.0E-10) 1.6E-03  4.4655473E-01    144 5.1E+02
  4748      1  1.0E+00   4750 (1.4E-10) 1.3E-03  4.4655473E-01    144 5.1E+02
  4749      1  1.0E+00   4751 (6.1E-11) 1.3E-03  4.4655473E-01    144 5.1E+02

 Major Minors     Step   nCon Feasible  Optimal  MeritFunction     nS Penalty
  4750      1  1.0E+00   4752 (8.2E-11) 1.3E-03  4.4655473E-01    144 5.1E+02
  4751      1  1.0E+00   4753 (3.5E-11) 7.6E-04  4.4655473E-01    144 5.1E+02
  4752      1  1.0E+00   4754 (2.0E-10) 9.8E-04  4.4655473E-01    144 5.1E+02
  4753      1  1.0E+00   4755 (2.6E-10) 1.0E-03  4.4655472E-01    144 5.1E+02   R
  4754      1  1.0E+00   4756 (7.0E-12) 1.1E-03  4.4655472E-01    144 5.1E+02 s
  4755      1  1.0E+00   4757 (9.7E-13) 2.8E-04  4.4655472E-01    144 5.1E+02
  4756      1  1.0E+00   4758 (4.2E-13) 1.8E-04  4.4655472E-01    144 5.1E+02
  4757      1  1.0E+00   4759 (6.7E-12) 5.1E-04  4.4655472E-01    144 5.1E+02
  4758      1  1.0E+00   4760 (4.7E-12) 4.2E-04  4.4655472E-01    144 5.1E+02
  4759      1  1.0E+00   4761 (5.9E-12) 4.7E-04  4.4655472E-01    144 5.1E+02

 Major Minors     Step   nCon Feasible  Optimal  MeritFunction     nS Penalty
  4760      1  1.0E+00   4762 (9.8E-12) 5.0E-04  4.4655472E-01    144 5.1E+02
  4761      1  1.0E+00   4763 (2.8E-11) 8.1E-04  4.4655472E-01    144 5.1E+02
  4762      1  1.0E+00   4764 (6.3E-11) 1.5E-03  4.4655472E-01    144 5.1E+02
  4763      1  1.0E+00   4765 (9.9E-11) 1.6E-03  4.4655472E-01    144 5.1E+02
  4764      1  1.0E+00   4766 (7.9E-11) 1.0E-03  4.4655472E-01    144 5.1E+02   R
  4765      1  1.0E+00   4767 (5.3E-12) 7.3E-04  4.4655472E-01    144 5.1E+02 s
  4766      1  3.0E-01   4768 (3.7E-10) 1.6E-03  4.4655471E-01    144 5.1E+02
  4767      1  4.1E-01   4769 (9.1E-10) 2.3E-03  4.4655471E-01    144 5.1E+02
  4768      1  3.8E-01   4770 (1.3E-09) 2.6E-03  4.4655471E-01    144 5.1E+02
  4769      1  3.2E-01   4771 (1.2E-09) 2.6E-03  4.4655470E-01    144 5.1E+02

 Major Minors     Step   nCon Feasible  Optimal  MeritFunction     nS Penalty
  4770      1  3.1E-01   4772 (8.6E-10) 4.7E-03  4.4655470E-01    144 5.1E+02
  4771      1  3.0E-01   4773 (6.2E-10) 3.6E-03  4.4655470E-01    144 5.1E+02
  4772      1  3.7E-01   4774 (7.3E-10) 3.5E-03  4.4655469E-01    144 5.1E+02
  4773      1  2.7E-01   4775 (1.2E-09) 9.5E-03  4.4655468E-01    144 5.1E+02
  4774      1  4.0E-01   4776 (1.2E-09) 5.5E-03  4.4655467E-01    144 5.1E+02
  4775      1  1.0E+00   4777 (4.9E-09) 2.1E-02  4.4655465E-01    144 5.1E+02   R
  4776      1  4.4E-01   4778 (3.0E-09) 1.1E-02  4.4655463E-01    144 5.1E+02 s
  4777      1  1.0E+00   4779 (1.5E-09) 1.1E-02  4.4655462E-01    144 5.1E+02
  4778      1  1.0E+00   4780 (4.2E-10) 8.4E-03  4.4655459E-01    144 5.1E+02
  4779      1  1.0E+00   4781 (5.8E-10) 5.5E-03  4.4655459E-01    144 5.1E+02

 Major Minors     Step   nCon Feasible  Optimal  MeritFunction     nS Penalty
  4780      1  1.0E+00   4782 (5.3E-10) 3.5E-03  4.4655458E-01    144 5.1E+02
  4781      1  1.0E+00   4783 (3.8E-10) 5.1E-03  4.4655457E-01    144 5.1E+02
  4782      1  1.0E+00   4784 (1.4E-10) 5.2E-03  4.4655457E-01    144 5.1E+02
  4783      1  1.0E+00   4785 (9.4E-11) 3.2E-03  4.4655456E-01    144 5.1E+02
  4784      1  1.0E+00   4786 (1.7E-10) 2.8E-03  4.4655456E-01    144 5.1E+02
  4785      1  1.0E+00   4787 (6.7E-11) 1.5E-03  4.4655456E-01    144 5.1E+02
  4786      1  1.0E+00   4788 (1.4E-10) 2.1E-03  4.4655456E-01    144 5.1E+02   R
  4787      1  1.0E+00   4789 (1.7E-10) 1.2E-03  4.4655456E-01    144 5.1E+02 s
  4788      1  1.0E+00   4790 (4.0E-11) 3.3E-04  4.4655456E-01    144 5.1E+02
  4789      1  1.0E+00   4791 (1.7E-12) 2.2E-04  4.4655456E-01    144 5.1E+02

 Major Minors     Step   nCon Feasible  Optimal  MeritFunction     nS Penalty
  4790      1  1.0E+00   4792 (2.9E-11) 3.9E-04  4.4655456E-01    144 5.1E+02
  4791      1  1.0E+00   4793 (8.9E-11) 5.5E-04  4.4655456E-01    144 5.1E+02
  4792      1  1.0E+00   4794 (1.5E-11) 4.0E-04  4.4655456E-01    144 5.1E+02
  4793      1  1.0E+00   4795 (3.1E-12) 2.4E-04  4.4655456E-01    144 5.1E+02
  4794      1  1.0E+00   4796 (3.1E-12) 2.6E-04  4.4655455E-01    144 5.1E+02
  4795      1  1.0E+00   4797 (1.1E-11) 2.7E-04  4.4655455E-01    144 5.1E+02
  4796      1  1.0E+00   4798 (1.6E-11) 4.2E-04  4.4655455E-01    144 5.1E+02
  4797      1  1.0E+00   4799 (2.1E-11) 4.5E-04  4.4655455E-01    144 5.1E+02   R
  4798      1  1.0E+00   4800 (7.3E-13) 3.6E-04  4.4655455E-01    144 5.1E+02 s
  4799      1  3.2E-01   4801 (9.1E-12) 6.2E-04  4.4655455E-01    144 5.1E+02

 Major Minors     Step   nCon Feasible  Optimal  MeritFunction     nS Penalty
  4800      1  4.6E-01   4802 (8.2E-12) 6.3E-04  4.4655455E-01    144 5.1E+02
  4801      1  1.0E+00   4803 (5.4E-11) 1.4E-03  4.4655455E-01    144 5.1E+02
  4802      1  1.0E+00   4804 (1.8E-11) 3.2E-03  4.4655455E-01    144 5.1E+02
  4803      1  1.0E+00   4805 (2.2E-11) 1.6E-03  4.4655455E-01    144 5.1E+02
  4804      1  3.4E-01   4806 (3.3E-11) 1.0E-03  4.4655455E-01    144 5.1E+02
  4805      1  1.0E+00   4807 (3.1E-11) 2.2E-03  4.4655455E-01    144 5.1E+02
  4806      1  1.0E+00   4808 (1.4E-10) 3.0E-03  4.4655455E-01    144 5.1E+02
  4807      1  1.0E+00   4809 (2.0E-10) 3.8E-03  4.4655455E-01    144 5.1E+02
  4808      1  1.0E+00   4810 (2.7E-10) 6.5E-03  4.4655454E-01    144 5.1E+02   R
  4809      1  3.8E-01   4811 (2.3E-10) 1.8E-03  4.4655453E-01    144 5.1E+02 s

 Major Minors     Step   nCon Feasible  Optimal  MeritFunction     nS Penalty
  4810      1  1.0E+00   4812 (4.5E-11) 1.3E-03  4.4655453E-01    144 5.1E+02
  4811      1  1.0E+00   4813 (1.6E-11) 2.2E-03  4.4655453E-01    144 5.1E+02
  4812      1  1.0E+00   4814 (2.7E-10) 3.1E-03  4.4655452E-01    144 5.1E+02
  4813      1  1.0E+00   4815 (6.7E-10) 3.6E-03  4.4655451E-01    144 5.1E+02
  4814      1  1.0E+00   4816 (1.0E-09) 4.7E-03  4.4655450E-01    144 5.1E+02
  4815      1  1.0E+00   4817 (2.8E-10) 2.7E-03  4.4655449E-01    144 5.1E+02
  4816      1  1.0E+00   4818 (7.2E-11) 3.0E-03  4.4655448E-01    144 5.1E+02
  4817      1  1.0E+00   4819 (4.3E-11) 2.8E-03  4.4655447E-01    144 5.1E+02
  4818      1  1.0E+00   4820 (4.8E-10) 3.1E-03  4.4655446E-01    144 5.1E+02
  4819      1  1.0E+00   4821 (5.0E-10) 3.2E-03  4.4655444E-01    144 5.1E+02   R

 Major Minors     Step   nCon Feasible  Optimal  MeritFunction     nS Penalty
  4820      1  1.0E+00   4822 (3.4E-10) 3.3E-03  4.4655444E-01    144 5.1E+02 s
  4821      1  1.0E+00   4823 (1.2E-10) 2.3E-03  4.4655443E-01    144 5.1E+02
  4822      1  1.0E+00   4824 (6.4E-10) 2.3E-03  4.4655442E-01    144 5.1E+02
  4823      1  1.0E+00   4825 (8.7E-11) 1.3E-03  4.4655442E-01    144 5.1E+02
  4824      1  1.0E+00   4826 (2.9E-11) 1.2E-03  4.4655442E-01    144 5.1E+02
  4825      1  1.0E+00   4827 (5.0E-11) 5.5E-04  4.4655441E-01    144 5.1E+02
  4826      1  1.0E+00   4828 (2.3E-11) 8.1E-04  4.4655441E-01    144 5.1E+02
  4827      1  1.0E+00   4829 (6.0E-12) 4.7E-04  4.4655441E-01    144 5.1E+02
  4828      1  1.0E+00   4830 (1.7E-12) 3.9E-04  4.4655441E-01    144 5.1E+02
  4829      1  1.0E+00   4831 (3.4E-12) 2.5E-04  4.4655441E-01    144 5.1E+02

 Major Minors     Step   nCon Feasible  Optimal  MeritFunction     nS Penalty
  4830      1  1.0E+00   4832 (2.3E-12) 2.4E-04  4.4655441E-01    144 5.1E+02   R
  4831      1  1.0E+00   4833 (2.3E-13) 1.7E-04  4.4655441E-01    144 5.1E+02 s
  4832      1  1.0E+00   4834 (5.6E-12) 3.6E-04  4.4655441E-01    144 5.1E+02
  4833      1  1.0E+00   4835 (5.7E-12) 7.1E-04  4.4655441E-01    144 5.1E+02
  4834      1  1.0E+00   4836 (3.6E-12) 1.7E-03  4.4655441E-01    144 5.1E+02
  4835      1  1.0E+00   4837 (5.1E-11) 2.7E-03  4.4655441E-01    144 5.1E+02
  4836      1  1.0E+00   4838 (5.3E-11) 2.1E-03  4.4655441E-01    144 5.1E+02
  4837      1  1.0E+00   4839 (6.1E-11) 4.5E-03  4.4655441E-01    144 5.1E+02
  4838      1  1.0E+00   4840 (2.7E-11) 1.5E-03  4.4655441E-01    144 5.1E+02
  4839      1  1.0E+00   4841 (6.4E-11) 1.7E-03  4.4655440E-01    144 5.1E+02

 Major Minors     Step   nCon Feasible  Optimal  MeritFunction     nS Penalty
  4840      1  1.0E+00   4842 (9.6E-10) 4.8E-03  4.4655440E-01    144 5.1E+02
  4841      1  1.0E+00   4843 (3.0E-09) 4.7E-03  4.4655439E-01    144 5.1E+02   R
  4842      1  1.0E+00   4844 (1.2E-08) 3.6E-03  4.4655439E-01    144 5.1E+02 s
  4843      1  1.0E+00   4845 (5.3E-09) 2.2E-03  4.4655438E-01    144 5.1E+02
  4844      1  1.0E+00   4846 (8.0E-10) 2.4E-03  4.4655438E-01    144 5.1E+02
  4845      1  1.0E+00   4847 (6.1E-10) 1.9E-03  4.4655438E-01    144 5.1E+02
  4846      1  1.0E+00   4848 (1.6E-09) 2.1E-03  4.4655437E-01    144 5.1E+02
  4847      1  1.0E+00   4849 (4.0E-10) 3.8E-03  4.4655437E-01    144 5.1E+02
  4848      1  1.0E+00   4850 (4.7E-10) 8.3E-04  4.4655437E-01    144 5.1E+02
  4849      1  1.0E+00   4851 (7.9E-10) 2.7E-03  4.4655436E-01    144 5.1E+02

 Major Minors     Step   nCon Feasible  Optimal  MeritFunction     nS Penalty
  4850      1  1.0E+00   4852 (3.2E-10) 3.3E-03  4.4655436E-01    144 5.1E+02
  4851      1  1.0E+00   4853 (5.7E-10) 1.4E-03  4.4655436E-01    144 5.1E+02
  4852      1  1.0E+00   4854 (1.8E-09) 1.1E-03  4.4655435E-01    144 5.1E+02   R
  4853      1  1.0E+00   4855 (3.4E-10) 8.5E-04  4.4655435E-01    144 5.1E+02 s
  4854      1  4.9E-01   4856 (3.7E-10) 3.2E-03  4.4655434E-01    144 5.1E+02
  4855      1  3.6E-01   4857 (5.6E-10) 2.3E-03  4.4655433E-01    144 5.1E+02
  4856      1  1.0E+00   4858 (3.7E-09) 5.5E-03  4.4655433E-01    144 5.1E+02
  4857      1  1.0E+00   4859 (1.2E-09) 5.1E-03  4.4655432E-01    144 5.1E+02
  4858      1  4.2E-01   4860 (3.2E-09) 5.8E-03  4.4655431E-01    144 5.1E+02
  4859      1  3.7E-01   4861 (3.2E-09) 3.3E-03  4.4655431E-01    144 5.1E+02

 Major Minors     Step   nCon Feasible  Optimal  MeritFunction     nS Penalty
  4860      1  2.5E-01   4862 (2.4E-09) 1.6E-03  4.4655431E-01    144 5.1E+02
  4861      1  1.0E+00   4863 (9.9E-10) 3.4E-03  4.4655431E-01    144 5.1E+02
  4862      1  1.0E+00   4864 (1.7E-09) 4.3E-03  4.4655431E-01    144 5.1E+02
  4863      1  4.3E-01   4865 (9.9E-10) 1.3E-03  4.4655431E-01    144 5.1E+02   R
  4864      1  3.3E-01   4866 (1.5E-09) 4.4E-04  4.4655430E-01    144 5.1E+02 s
  4865      1  1.0E+00   4867 (3.6E-12) 1.5E-04  4.4655430E-01    144 5.1E+02
  4866      1  1.0E+00   4868 (1.9E-11) 4.5E-04  4.4655430E-01    144 5.1E+02
  4867      1  1.0E+00   4869 (2.6E-12) 4.9E-04  4.4655430E-01    144 5.1E+02
  4868      1  1.0E+00   4870 (1.3E-11) 3.3E-04  4.4655430E-01    144 5.1E+02
  4869      1  1.0E+00   4871 (3.7E-12) 2.4E-04  4.4655430E-01    144 5.1E+02

 Major Minors     Step   nCon Feasible  Optimal  MeritFunction     nS Penalty
  4870      1  1.0E+00   4872 (8.1E-12) 3.9E-04  4.4655430E-01    144 5.1E+02
  4871      1  1.0E+00   4873 (9.9E-12) 4.4E-04  4.4655430E-01    144 5.1E+02
  4872      1  1.0E+00   4874 (1.1E-11) 4.8E-04  4.4655430E-01    144 5.1E+02
  4873      1  1.0E+00   4875 (7.7E-12) 4.5E-04  4.4655430E-01    144 5.1E+02
  4874      1  1.0E+00   4876 (1.5E-11) 5.9E-04  4.4655430E-01    144 5.1E+02   R
  4875      1  1.0E+00   4877 (4.6E-12) 3.8E-04  4.4655430E-01    144 5.1E+02 s
  4876      1  3.8E-01   4878 (1.0E-10) 1.4E-03  4.4655430E-01    144 5.1E+02
  4877      1  1.0E+00   4879 (5.5E-10) 2.5E-03  4.4655430E-01    144 5.1E+02
  4878      1  3.5E-01   4880 (3.9E-10) 2.3E-03  4.4655430E-01    144 5.1E+02
  4879      1  4.4E-01   4881 (2.6E-10) 4.3E-03  4.4655430E-01    144 5.1E+02

 Major Minors     Step   nCon Feasible  Optimal  MeritFunction     nS Penalty
  4880      1  3.6E-01   4882 (1.8E-10) 3.4E-03  4.4655430E-01    144 5.1E+02
  4881      1  1.0E+00   4883 (7.7E-10) 2.6E-03  4.4655429E-01    144 5.1E+02
  4882      1  1.0E+00   4884 (1.2E-09) 7.3E-03  4.4655429E-01    144 5.1E+02
  4883      1  1.0E+00   4885 (2.5E-09) 8.4E-03  4.4655428E-01    144 5.1E+02
  4884      1  4.6E-01   4886 (3.1E-09) 5.9E-03  4.4655427E-01    144 5.1E+02
  4885      1  3.6E-01   4887 (1.8E-09) 4.4E-03  4.4655427E-01    144 5.1E+02   R
  4886      1  4.5E-01   4888 (2.5E-09) 1.7E-03  4.4655426E-01    144 5.1E+02 s
  4887      1  1.0E+00   4889 (4.9E-11) 3.3E-03  4.4655425E-01    144 5.1E+02
  4888      1  1.0E+00   4890 (1.6E-09) 9.0E-03  4.4655424E-01    144 5.1E+02
  4889      1  1.0E+00   4891 (1.5E-10) 5.9E-03  4.4655423E-01    144 5.1E+02

 Major Minors     Step   nCon Feasible  Optimal  MeritFunction     nS Penalty
  4890      1  1.0E+00   4892 (3.3E-10) 2.5E-03  4.4655423E-01    144 5.1E+02
  4891      1  1.0E+00   4893 (2.1E-10) 4.6E-03  4.4655423E-01    144 5.1E+02
  4892      2  1.0E+00   4894 (2.0E-10) 3.5E-03  4.4655423E-01    144 5.1E+02
  4893      1  1.0E+00   4895 (2.8E-11) 1.6E-03  4.4655422E-01    144 5.1E+02
  4894      1  1.0E+00   4896 (1.1E-10) 3.3E-03  4.4655422E-01    144 5.1E+02
  4895      1  1.0E+00   4897 (2.5E-11) 2.4E-03  4.4655422E-01    144 5.1E+02
  4896      1  1.0E+00   4898 (9.5E-11) 9.2E-04  4.4655422E-01    144 5.1E+02   R
  4897      1  1.0E+00   4899 (1.4E-10) 6.4E-04  4.4655422E-01    144 5.1E+02 s
  4898      1  1.0E+00   4900 (5.2E-12) 5.3E-04  4.4655422E-01    144 5.1E+02
  4899      1  1.0E+00   4901 (4.5E-11) 7.2E-04  4.4655422E-01    144 5.1E+02

 Major Minors     Step   nCon Feasible  Optimal  MeritFunction     nS Penalty
  4900      1  1.0E+00   4902 (3.4E-12) 5.7E-04  4.4655422E-01    144 5.1E+02
  4901      1  1.0E+00   4903 (2.4E-11) 4.7E-04  4.4655422E-01    144 5.1E+02
  4902      1  1.0E+00   4904 (1.8E-11) 4.2E-04  4.4655422E-01    144 5.1E+02
  4903      1  1.0E+00   4905 (1.5E-11) 3.9E-04  4.4655422E-01    144 5.1E+02
  4904      1  1.0E+00   4906 (3.5E-12) 4.1E-04  4.4655422E-01    144 5.1E+02
  4905      1  1.0E+00   4907 (5.8E-13) 1.6E-04  4.4655422E-01    144 5.1E+02
  4906      2  1.0E+00   4908 (4.8E-13) 1.7E-04  4.4655422E-01    144 5.1E+02
  4907      1  1.0E+00   4909 (1.2E-12) 1.0E-04  4.4655422E-01    144 5.1E+02   R
  4908      1  1.0E+00   4910 (2.6E-13) 4.0E-05  4.4655422E-01    144 5.1E+02 s
  4909      1  1.0E+00   4911 (1.3E-13) 5.4E-05  4.4655422E-01    144 5.1E+02

 Major Minors     Step   nCon Feasible  Optimal  MeritFunction     nS Penalty
  4910      1  1.0E+00   4912 (9.4E-13) 8.1E-05  4.4655422E-01    144 5.1E+02
  4911      1  1.0E+00   4913 (2.5E-12) 7.4E-05  4.4655422E-01    144 5.1E+02
  4912      1  1.0E+00   4914 (3.6E-12) 4.9E-05  4.4655422E-01    144 5.1E+02
  4913      1  1.0E+00   4915 (4.3E-12) 7.4E-05  4.4655422E-01    144 5.1E+02
  4914      1  1.0E+00   4916 (3.7E-12) 9.8E-05  4.4655422E-01    144 5.1E+02
  4915      1  1.0E+00   4917 (5.3E-12) 1.2E-04  4.4655422E-01    144 5.1E+02
  4916      1  1.0E+00   4918 (8.2E-12) 1.9E-04  4.4655422E-01    144 5.1E+02
  4917      1  1.0E+00   4919 (4.9E-12) 1.6E-04  4.4655422E-01    144 5.1E+02
  4918      1  1.0E+00   4920 (4.2E-12) 1.7E-04  4.4655422E-01    144 5.1E+02   R
  4919      1  1.0E+00   4921 (9.2E-13) 1.5E-04  4.4655422E-01    144 5.1E+02 s

 Major Minors     Step   nCon Feasible  Optimal  MeritFunction     nS Penalty
  4920      1  1.0E+00   4922 (6.9E-12) 1.8E-04  4.4655422E-01    144 5.1E+02
  4921      1  1.0E+00   4923 (1.1E-11) 1.4E-04  4.4655422E-01    144 5.1E+02
  4922      1  1.0E+00   4924 (4.6E-12) 2.5E-04  4.4655422E-01    144 5.1E+02
  4923      1  1.0E+00   4925 (9.7E-13) 1.8E-04  4.4655422E-01    144 5.1E+02
  4924      1  1.0E+00   4926 (7.4E-13) 1.1E-04  4.4655422E-01    144 5.1E+02
  4925      1  1.0E+00   4927 (2.3E-12) 1.7E-04  4.4655422E-01    144 5.1E+02
  4926      1  1.0E+00   4928 (1.2E-11) 1.7E-04  4.4655422E-01    144 5.1E+02
  4927      1  1.0E+00   4929 (7.8E-13) 2.0E-04  4.4655422E-01    144 5.1E+02
  4928      1  1.0E+00   4930 (8.8E-13) 1.7E-04  4.4655422E-01    144 5.1E+02
  4929      1  1.0E+00   4931 (2.2E-12) 2.1E-04  4.4655422E-01    144 5.1E+02   R

 Major Minors     Step   nCon Feasible  Optimal  MeritFunction     nS Penalty
  4930      1  1.0E+00   4932 (1.0E-12) 2.8E-04  4.4655422E-01    144 5.1E+02 s
  4931      1  1.0E+00   4933 (1.4E-13) 1.1E-04  4.4655422E-01    144 5.1E+02
  4932      1  1.0E+00   4934 (1.5E-12) 1.8E-04  4.4655422E-01    144 5.1E+02
  4933      1  1.0E+00   4935 (6.5E-12) 1.6E-04  4.4655422E-01    144 5.1E+02
  4934      1  1.0E+00   4936 (5.9E-12) 1.8E-04  4.4655422E-01    144 5.1E+02
  4935      1  1.0E+00   4937 (6.1E-12) 8.7E-05  4.4655422E-01    144 5.1E+02
  4936      1  1.0E+00   4938 (1.1E-11) 3.3E-04  4.4655422E-01    144 5.1E+02
  4937      1  1.0E+00   4939 (1.3E-11) 3.5E-04  4.4655422E-01    144 5.1E+02
  4938      1  1.0E+00   4940 (1.2E-11) 2.2E-04  4.4655422E-01    144 5.1E+02
  4939      1  1.0E+00   4941 (8.8E-12) 1.9E-04  4.4655422E-01    144 5.1E+02

 Major Minors     Step   nCon Feasible  Optimal  MeritFunction     nS Penalty
  4940      2  1.0E+00   4942 (1.9E-11) 2.9E-04  4.4655422E-01    144 5.1E+02   R
  4941      1  1.0E+00   4943 (1.4E-12) 2.1E-04  4.4655422E-01    144 5.1E+02 s
  4942      1  1.0E+00   4944 (3.1E-12) 3.6E-04  4.4655422E-01    144 5.1E+02
  4943      1  1.0E+00   4945 (1.2E-11) 3.1E-04  4.4655422E-01    144 5.1E+02
  4944      1  1.0E+00   4946 (1.1E-12) 3.7E-04  4.4655422E-01    144 5.1E+02
  4945      1  1.0E+00   4947 (1.4E-12) 2.3E-04  4.4655422E-01    144 5.1E+02
  4946      2  1.0E+00   4948 (3.9E-12) 2.4E-04  4.4655422E-01    144 5.1E+02
  4947      1  1.0E+00   4949 (8.2E-12) 2.6E-04  4.4655422E-01    144 5.1E+02
  4948      1  1.0E+00   4950 (4.8E-12) 1.5E-04  4.4655422E-01    144 5.1E+02
  4949      1  1.0E+00   4951 (4.6E-12) 1.6E-04  4.4655422E-01    144 5.1E+02

 Major Minors     Step   nCon Feasible  Optimal  MeritFunction     nS Penalty
  4950      1  1.0E+00   4952 (1.5E-12) 1.6E-04  4.4655422E-01    144 5.1E+02
  4951      1  1.0E+00   4953 (1.4E-12) 6.9E-05  4.4655422E-01    144 5.1E+02   R
  4952      1  1.0E+00   4954 (1.0E-13) 7.3E-05  4.4655422E-01    144 5.1E+02 s
  4953      1  1.0E+00   4955 (1.4E-12) 1.1E-04  4.4655422E-01    144 5.1E+02
  4954      1  1.0E+00   4956 (5.7E-12) 1.7E-04  4.4655422E-01    144 5.1E+02
  4955      1  1.0E+00   4957 (3.3E-12) 2.6E-04  4.4655422E-01    144 5.1E+02
  4956      1  1.0E+00   4958 (1.1E-11) 3.4E-04  4.4655422E-01    144 5.1E+02
  4957      1  1.0E+00   4959 (1.1E-12) 2.1E-04  4.4655422E-01    144 5.1E+02
  4958      1  1.0E+00   4960 (1.4E-12) 2.6E-04  4.4655422E-01    144 5.1E+02
  4959      1  1.0E+00   4961 (1.3E-12) 2.4E-04  4.4655422E-01    144 5.1E+02

 Major Minors     Step   nCon Feasible  Optimal  MeritFunction     nS Penalty
  4960      1  1.0E+00   4962 (3.9E-12) 1.4E-04  4.4655422E-01    144 5.1E+02
  4961      1  1.0E+00   4963 (1.9E-12) 1.9E-04  4.4655422E-01    144 5.1E+02
  4962      1  1.0E+00   4964 (4.3E-12) 1.3E-04  4.4655422E-01    144 5.1E+02   R
  4963      1  1.0E+00   4965 (1.1E-12) 1.5E-04  4.4655422E-01    144 5.1E+02 s
  4964      1  1.0E+00   4966 (3.5E-13) 1.1E-04  4.4655422E-01    144 5.1E+02
  4965      1  1.0E+00   4967 (9.8E-13) 1.2E-04  4.4655422E-01    144 5.1E+02
  4966      1  1.0E+00   4968 (2.5E-12) 1.7E-04  4.4655422E-01    144 5.1E+02
  4967      1  1.0E+00   4969 (4.2E-12) 1.1E-04  4.4655422E-01    144 5.1E+02
  4968      1  1.0E+00   4970 (2.2E-12) 1.3E-04  4.4655422E-01    144 5.1E+02
  4969      2  1.0E+00   4971 (1.1E-12) 1.2E-04  4.4655422E-01    144 5.1E+02

 Major Minors     Step   nCon Feasible  Optimal  MeritFunction     nS Penalty
  4970      1  1.0E+00   4972 (3.6E-12) 1.4E-04  4.4655422E-01    144 5.1E+02
  4971      1  1.0E+00   4973 (2.4E-11) 1.8E-04  4.4655422E-01    144 5.1E+02
  4972      1  1.0E+00   4974 (6.6E-12) 2.4E-04  4.4655422E-01    144 5.1E+02
  4973      1  1.0E+00   4975 (1.5E-12) 1.7E-04  4.4655422E-01    144 5.1E+02   R
  4974      1  1.0E+00   4976 (1.7E-13) 1.1E-04  4.4655422E-01    144 5.1E+02 s
  4975      1  1.0E+00   4977 (1.4E-12) 1.4E-04  4.4655422E-01    144 5.1E+02
  4976      1  1.0E+00   4978 (1.1E-11) 3.7E-04  4.4655422E-01    144 5.1E+02
  4977      1  1.0E+00   4979 (1.0E-12) 4.6E-04  4.4655422E-01    144 5.1E+02
  4978      1  1.0E+00   4980 (6.3E-13) 4.0E-04  4.4655422E-01    144 5.1E+02
  4979      1  1.0E+00   4981 (2.3E-12) 2.7E-04  4.4655422E-01    144 5.1E+02

 Major Minors     Step   nCon Feasible  Optimal  MeritFunction     nS Penalty
  4980      1  1.0E+00   4982 (2.2E-11) 3.0E-04  4.4655422E-01    144 5.1E+02
  4981      1  1.0E+00   4983 (3.6E-11) 4.1E-04  4.4655422E-01    144 5.1E+02
  4982      1  1.0E+00   4984 (1.7E-12) 2.1E-04  4.4655422E-01    144 5.1E+02
  4983      1  1.0E+00   4985 (1.1E-12) 2.3E-04  4.4655422E-01    144 5.1E+02
  4984      1  1.0E+00   4986 (7.8E-13) 1.6E-04  4.4655422E-01    144 5.1E+02   R
  4985      1  1.0E+00   4987 (5.4E-13) 1.4E-04  4.4655422E-01    144 5.1E+02 s
  4986      1  1.0E+00   4988 (4.7E-13) 1.7E-04  4.4655422E-01    144 5.1E+02
  4987      1  1.0E+00   4989 (1.0E-11) 2.8E-04  4.4655422E-01    144 5.1E+02
  4988      1  1.0E+00   4990 (1.1E-11) 8.5E-04  4.4655422E-01    144 5.1E+02
  4989      1  1.0E+00   4991 (2.1E-12) 1.8E-04  4.4655422E-01    144 5.1E+02

 Major Minors     Step   nCon Feasible  Optimal  MeritFunction     nS Penalty
  4990      1  1.0E+00   4992 (6.1E-12) 4.6E-04  4.4655422E-01    144 5.1E+02
  4991      1  1.0E+00   4993 (3.4E-12) 4.4E-04  4.4655422E-01    144 5.1E+02
  4992      1  1.0E+00   4994 (3.3E-12) 1.3E-04  4.4655422E-01    144 5.1E+02
  4993      1  1.0E+00   4995 (8.8E-13) 2.6E-04  4.4655421E-01    144 5.1E+02
  4994      1  1.0E+00   4996 (3.0E-12) 3.8E-04  4.4655421E-01    144 5.1E+02
  4995      1  1.0E+00   4997 (9.6E-12) 2.4E-04  4.4655421E-01    144 5.1E+02   R
  4996      1  1.0E+00   4998 (4.8E-13) 1.4E-04  4.4655421E-01    144 5.1E+02 s
  4997      1  1.0E+00   4999 (1.1E-12) 1.9E-04  4.4655421E-01    144 5.1E+02
  4998      1  1.0E+00   5000 (2.7E-12) 8.9E-05  4.4655421E-01    144 5.1E+02
  4999      1  1.0E+00   5001 (1.6E-13) 9.2E-05  4.4655421E-01    144 5.1E+02

 Major Minors     Step   nCon Feasible  Optimal  MeritFunction     nS Penalty
  5000      1  1.0E+00   5002 (1.3E-12) 1.0E-04  4.4655421E-01    144 5.1E+02
  5001      1  1.0E+00   5003 (2.6E-12) 2.2E-04  4.4655421E-01    144 5.1E+02
  5002      1  1.0E+00   5004 (3.9E-12) 9.9E-05  4.4655421E-01    144 5.1E+02
  5003      1  1.0E+00   5005 (4.3E-12) 2.5E-04  4.4655421E-01    144 5.1E+02
  5004      1  1.0E+00   5006 (4.0E-12) 1.5E-04  4.4655421E-01    144 5.1E+02
  5005      1  1.0E+00   5007 (7.5E-13) 2.5E-04  4.4655421E-01    144 5.1E+02
  5006      1  1.0E+00   5008 (3.4E-13) 1.2E-04  4.4655421E-01    144 5.1E+02   R
  5007      1  1.0E+00   5009 (2.9E-13) 6.8E-05  4.4655421E-01    144 5.1E+02 s
  5008      1  1.0E+00   5010 (9.0E-13) 1.2E-04  4.4655421E-01    144 5.1E+02
  5009      1  1.0E+00   5011 (1.8E-12) 3.3E-04  4.4655421E-01    144 5.1E+02

 Major Minors     Step   nCon Feasible  Optimal  MeritFunction     nS Penalty
  5010      1  1.0E+00   5012 (1.5E-12) 2.0E-04  4.4655421E-01    144 5.1E+02
  5011      1  1.0E+00   5013 (3.2E-12) 2.2E-04  4.4655421E-01    144 5.1E+02
  5012      1  1.0E+00   5014 (1.5E-12) 1.9E-04  4.4655421E-01    144 5.1E+02
  5013      1  1.0E+00   5015 (4.1E-12) 2.7E-04  4.4655421E-01    144 5.1E+02
  5014      1  1.0E+00   5016 (3.0E-12) 3.3E-04  4.4655421E-01    144 5.1E+02
  5015      1  1.0E+00   5017 (1.5E-11) 3.3E-04  4.4655421E-01    144 5.1E+02
  5016      1  1.0E+00   5018 (1.1E-11) 4.4E-04  4.4655421E-01    144 5.1E+02
  5017      1  1.0E+00   5019 (2.0E-11) 4.9E-04  4.4655421E-01    144 5.1E+02   R
  5018      1  1.0E+00   5020 (1.1E-12) 2.8E-04  4.4655421E-01    144 5.1E+02 s
  5019      1  1.0E+00   5021 (7.4E-13) 1.9E-04  4.4655421E-01    144 5.1E+02

 Major Minors     Step   nCon Feasible  Optimal  MeritFunction     nS Penalty
  5020      1  1.0E+00   5022 (2.8E-13) 1.3E-04  4.4655421E-01    144 5.1E+02
  5021      1  1.0E+00   5023 (1.8E-12) 1.6E-04  4.4655421E-01    144 5.1E+02
  5022      1  1.0E+00   5024 (3.9E-12) 1.6E-04  4.4655421E-01    144 5.1E+02
  5023      1  1.0E+00   5025 (2.7E-12) 1.0E-04  4.4655421E-01    144 5.1E+02
  5024      1  1.0E+00   5026 (3.1E-12) 1.0E-04  4.4655421E-01    144 5.1E+02
  5025      1  1.0E+00   5027 (2.1E-12) 1.1E-04  4.4655421E-01    144 5.1E+02
  5026      1  1.0E+00   5028 (8.9E-13) 5.3E-05  4.4655421E-01    144 5.1E+02
  5027      1  1.0E+00   5029 (8.9E-13) 6.0E-05  4.4655421E-01    144 5.1E+02
  5028      1  1.0E+00   5030 (9.5E-13) 8.5E-05  4.4655421E-01    144 5.1E+02   R
  5029      1  1.0E+00   5031 (2.0E-13) 6.0E-05  4.4655421E-01    144 5.1E+02 s

 Major Minors     Step   nCon Feasible  Optimal  MeritFunction     nS Penalty
  5030      1  1.0E+00   5032 (9.8E-13) 1.4E-04  4.4655421E-01    144 5.1E+02
  5031      1  1.0E+00   5033 (7.5E-12) 2.1E-04  4.4655421E-01    144 5.1E+02
  5032      1  1.0E+00   5034 (1.1E-12) 6.8E-05  4.4655421E-01    144 5.1E+02
  5033      1  1.0E+00   5035 (1.2E-12) 1.5E-04  4.4655421E-01    144 5.1E+02
  5034      1  1.0E+00   5036 (7.5E-12) 1.8E-04  4.4655421E-01    144 5.1E+02
  5035      1  1.0E+00   5037 (2.4E-11) 1.2E-04  4.4655421E-01    144 5.1E+02
  5036      1  1.0E+00   5038 (1.1E-11) 1.3E-04  4.4655421E-01    144 5.1E+02
  5037      1  1.0E+00   5039 (5.8E-12) 2.2E-04  4.4655421E-01    144 5.1E+02
  5038      1  1.0E+00   5040 (2.7E-12) 2.6E-04  4.4655421E-01    144 5.1E+02
  5039      1  1.0E+00   5041 (8.8E-12) 3.5E-04  4.4655421E-01    144 5.1E+02   R

 Major Minors     Step   nCon Feasible  Optimal  MeritFunction     nS Penalty
  5040      1  1.0E+00   5042 (4.3E-12) 2.1E-04  4.4655421E-01    144 5.1E+02 s
  5041      1  1.0E+00   5043 (2.9E-12) 1.4E-04  4.4655421E-01    144 5.1E+02
  5042      1  1.0E+00   5044 (4.4E-12) 1.4E-04  4.4655421E-01    144 5.1E+02
  5043      1  1.0E+00   5045 (2.4E-13) 1.3E-04  4.4655421E-01    144 5.1E+02
  5044      1  1.0E+00   5046 (1.4E-12) 1.5E-04  4.4655421E-01    144 5.1E+02
  5045      1  1.0E+00   5047 (2.1E-12) 2.4E-04  4.4655421E-01    144 5.1E+02
  5046      1  1.0E+00   5048 (3.3E-12) 1.3E-04  4.4655421E-01    144 5.1E+02
  5047      1  1.0E+00   5049 (2.6E-12) 1.0E-04  4.4655421E-01    144 5.1E+02
  5048      1  1.0E+00   5050 (2.4E-12) 1.3E-04  4.4655421E-01    144 5.1E+02
  5049      1  1.0E+00   5051 (8.1E-13) 1.1E-04  4.4655421E-01    144 5.1E+02

 Major Minors     Step   nCon Feasible  Optimal  MeritFunction     nS Penalty
  5050      1  1.0E+00   5052 (1.2E-12) 1.1E-04  4.4655421E-01    144 5.1E+02   R
  5051      1  1.0E+00   5053 (1.7E-13) 8.0E-05  4.4655421E-01    144 5.1E+02 s
  5052      1  1.0E+00   5054 (1.3E-13) 1.2E-04  4.4655421E-01    144 5.1E+02
  5053      1  1.0E+00   5055 (1.5E-12) 8.4E-05  4.4655421E-01    144 5.1E+02
  5054      1  1.0E+00   5056 (4.1E-13) 1.4E-04  4.4655421E-01    144 5.1E+02
  5055      1  1.0E+00   5057 (1.3E-12) 1.3E-04  4.4655421E-01    144 5.1E+02
  5056      1  1.0E+00   5058 (3.5E-12) 1.0E-04  4.4655421E-01    144 5.1E+02
  5057      1  1.0E+00   5059 (9.1E-13) 1.2E-04  4.4655421E-01    144 5.1E+02
  5058      1  1.0E+00   5060 (7.6E-13) 1.1E-04  4.4655421E-01    144 5.1E+02
  5059      1  1.0E+00   5061 (6.4E-12) 6.8E-05  4.4655421E-01    144 5.1E+02

 Major Minors     Step   nCon Feasible  Optimal  MeritFunction     nS Penalty
  5060      1  1.0E+00   5062 (6.3E-13) 9.1E-05  4.4655421E-01    144 5.1E+02
  5061      1  1.0E+00   5063 (3.5E-12) 1.1E-04  4.4655421E-01    144 5.1E+02   R
  5062      1  1.0E+00   5064 (5.2E-13) 7.0E-05  4.4655421E-01    144 5.1E+02 s
  5063      1  1.0E+00   5065 (3.1E-13) 1.2E-04  4.4655421E-01    144 5.1E+02
  5064      1  1.0E+00   5066 (8.9E-13) 1.1E-04  4.4655421E-01    144 5.1E+02
  5065      1  1.0E+00   5067 (3.9E-13) 7.9E-05  4.4655421E-01    144 5.1E+02
  5066      1  1.0E+00   5068 (3.9E-13) 2.1E-04  4.4655421E-01    144 5.1E+02
  5067      1  1.0E+00   5069 (3.2E-13) 7.6E-05  4.4655421E-01    144 5.1E+02
  5068      1  1.0E+00   5070 (1.6E-12) 1.4E-04  4.4655421E-01    144 5.1E+02
  5069      1  1.0E+00   5071 (2.6E-12) 1.5E-04  4.4655421E-01    144 5.1E+02

 Major Minors     Step   nCon Feasible  Optimal  MeritFunction     nS Penalty
  5070      1  1.0E+00   5072 (5.9E-13) 1.2E-04  4.4655421E-01    144 5.1E+02
  5071      1  1.0E+00   5073 (3.2E-13) 1.2E-04  4.4655421E-01    144 5.1E+02
  5072      1  1.0E+00   5074 (7.4E-13) 1.0E-04  4.4655421E-01    144 5.1E+02   R
  5073      1  1.0E+00   5075 (5.1E-13) 1.0E-04  4.4655421E-01    144 5.1E+02 s
  5074      1  1.0E+00   5076 (6.1E-14) 4.2E-05  4.4655421E-01    144 5.1E+02
  5075      1  1.0E+00   5077 (2.7E-13) 5.5E-05  4.4655421E-01    144 5.1E+02
  5076      1  1.0E+00   5078 (8.1E-13) 8.3E-05  4.4655421E-01    144 5.1E+02
  5077      1  1.0E+00   5079 (8.3E-13) 5.8E-05  4.4655421E-01    144 5.1E+02
  5078      1  1.0E+00   5080 (9.9E-13) 2.8E-05  4.4655421E-01    144 5.1E+02
  5079      1  1.0E+00   5081 (2.1E-12) 6.3E-05  4.4655421E-01    144 5.1E+02

 Major Minors     Step   nCon Feasible  Optimal  MeritFunction     nS Penalty
  5080      1  1.0E+00   5082 (4.1E-12) 1.1E-04  4.4655421E-01    144 5.1E+02
  5081      1  1.0E+00   5083 (6.7E-12) 9.2E-05  4.4655421E-01    144 5.1E+02
  5082      1  1.0E+00   5084 (6.0E-12) 8.2E-05  4.4655421E-01    144 5.1E+02
  5083      1  1.0E+00   5085 (2.7E-12) 1.4E-04  4.4655421E-01    144 5.1E+02   R
  5084      1  1.0E+00   5086 (1.4E-13) 1.3E-04  4.4655421E-01    144 5.1E+02 s
  5085      1  1.0E+00   5087 (1.9E-12) 8.0E-05  4.4655421E-01    144 5.1E+02
  5086      1  1.0E+00   5088 (2.5E-12) 3.2E-04  4.4655421E-01    144 5.1E+02
  5087      1  1.0E+00   5089 (1.7E-12) 2.1E-04  4.4655421E-01    144 5.1E+02
  5088      1  1.0E+00   5090 (4.1E-12) 5.6E-04  4.4655421E-01    144 5.1E+02
  5089      1  1.0E+00   5091 (6.4E-13) 2.1E-04  4.4655421E-01    144 5.1E+02

 Major Minors     Step   nCon Feasible  Optimal  MeritFunction     nS Penalty
  5090      1  1.0E+00   5092 (4.5E-13) 1.9E-04  4.4655421E-01    144 5.1E+02
  5091      1  1.0E+00   5093 (2.6E-13) 1.0E-04  4.4655421E-01    144 5.1E+02
  5092      1  1.0E+00   5094 (8.8E-13) 1.7E-04  4.4655421E-01    144 5.1E+02
  5093      1  1.0E+00   5095 (8.3E-13) 1.3E-04  4.4655421E-01    144 5.1E+02
  5094      1  1.0E+00   5096 (7.1E-13) 1.9E-04  4.4655421E-01    144 5.1E+02   R
  5095      1  1.0E+00   5097 (9.1E-13) 1.6E-04  4.4655421E-01    144 5.1E+02 s
  5096      1  1.0E+00   5098 (1.1E-13) 8.1E-05  4.4655421E-01    144 5.1E+02
  5097      1  1.0E+00   5099 (1.1E-13) 5.6E-05  4.4655421E-01    144 5.1E+02
  5098      1  1.0E+00   5100 (4.3E-13) 8.5E-05  4.4655421E-01    144 5.1E+02
  5099      1  1.0E+00   5101 (3.5E-13) 6.8E-05  4.4655421E-01    144 5.1E+02

 Major Minors     Step   nCon Feasible  Optimal  MeritFunction     nS Penalty
  5100      1  1.0E+00   5102 (2.8E-13) 4.1E-05  4.4655421E-01    144 5.1E+02
  5101      1  1.0E+00   5103 (1.0E-12) 9.5E-05  4.4655421E-01    144 5.1E+02
  5102      1  1.0E+00   5104 (3.7E-12) 1.2E-04  4.4655421E-01    144 5.1E+02
  5103      1  1.0E+00   5105 (4.8E-12) 1.4E-04  4.4655421E-01    144 5.1E+02
  5104      1  1.0E+00   5106 (2.4E-12) 5.6E-05  4.4655421E-01    144 5.1E+02
  5105      1  1.0E+00   5107 (8.3E-13) 6.8E-05  4.4655421E-01    144 5.1E+02   R
  5106      1  1.0E+00   5108 (2.6E-13) 5.8E-05  4.4655421E-01    144 5.1E+02 s
  5107      1  1.0E+00   5109 (2.5E-12) 1.8E-04  4.4655421E-01    144 5.1E+02
  5108      1  1.0E+00   5110 (4.4E-12) 2.1E-04  4.4655421E-01    144 5.1E+02
  5109      1  1.0E+00   5111 (6.6E-13) 2.2E-04  4.4655421E-01    144 5.1E+02

 Major Minors     Step   nCon Feasible  Optimal  MeritFunction     nS Penalty
  5110      1  3.5E-01   5112 (8.2E-13) 1.2E-04  4.4655421E-01    144 5.1E+02
  5111      1  1.0E+00   5113 (2.2E-13) 1.2E-04  4.4655421E-01    144 5.1E+02
  5112      1  1.0E+00   5114 (1.5E-12) 2.3E-04  4.4655421E-01    144 5.1E+02
  5113      1  1.0E+00   5115 (8.1E-13) 1.3E-04  4.4655421E-01    144 5.1E+02
  5114      1  1.0E+00   5116 (5.0E-13) 2.3E-04  4.4655421E-01    144 5.1E+02
  5115      1  1.0E+00   5117 (1.9E-13) 1.7E-04  4.4655421E-01    144 5.1E+02
  5116      1  1.0E+00   5118 (3.8E-12) 2.1E-04  4.4655421E-01    144 5.1E+02   R
  5117      1  1.0E+00   5119 (2.5E-12) 1.8E-04  4.4655421E-01    144 5.1E+02 s
  5118      1  1.0E+00   5120 (5.7E-13) 4.7E-05  4.4655421E-01    144 5.1E+02
  5119      1  1.0E+00   5121 (7.2E-14) 2.4E-05  4.4655421E-01    144 5.1E+02

 Major Minors     Step   nCon Feasible  Optimal  MeritFunction     nS Penalty
  5120      1  1.0E+00   5122 (7.6E-13) 6.5E-05  4.4655421E-01    144 5.1E+02
  5121      1  1.0E+00   5123 (6.2E-13) 7.4E-05  4.4655421E-01    144 5.1E+02
  5122      1  1.0E+00   5124 (1.7E-13) 3.6E-05  4.4655421E-01    144 5.1E+02
  5123      1  1.0E+00   5125 (2.7E-13) 6.5E-05  4.4655421E-01    144 5.1E+02
  5124      1  1.0E+00   5126 (8.8E-13) 1.5E-04  4.4655421E-01    144 5.1E+02
  5125      1  1.0E+00   5127 (1.7E-12) 1.7E-04  4.4655421E-01    144 5.1E+02
  5126      1  1.0E+00   5128 (1.5E-12) 9.4E-05  4.4655421E-01    144 5.1E+02
  5127      1  1.0E+00   5129 (7.6E-13) 4.5E-05  4.4655421E-01    144 5.1E+02   R
  5128      1  1.0E+00   5130 (9.2E-14) 3.7E-05  4.4655421E-01    144 5.1E+02 s
  5129      1  1.0E+00   5131 (8.5E-12) 2.6E-04  4.4655421E-01    144 5.1E+02

 Major Minors     Step   nCon Feasible  Optimal  MeritFunction     nS Penalty
  5130      1  4.2E-01   5132 (4.4E-12) 7.7E-05  4.4655421E-01    144 5.1E+02
  5131      1  1.0E+00   5133 (1.8E-12) 2.6E-04  4.4655421E-01    144 5.1E+02
  5132      1  4.2E-01   5134 (7.6E-13) 1.4E-04  4.4655421E-01    144 5.1E+02
  5133      1  1.0E+00   5135 (1.1E-12) 2.8E-04  4.4655421E-01    144 5.1E+02
  5134      1  1.0E+00   5136 (2.6E-12) 2.7E-04  4.4655421E-01    144 5.1E+02
  5135      1  1.0E+00   5137 (1.8E-12) 2.8E-04  4.4655421E-01    144 5.1E+02
  5136      1  1.0E+00   5138 (1.2E-12) 2.9E-04  4.4655421E-01    144 5.1E+02
  5137      1  1.0E+00   5139 (2.2E-12) 3.1E-04  4.4655421E-01    144 5.1E+02
  5138      1  1.0E+00   5140 (2.9E-12) 6.9E-04  4.4655421E-01    144 5.1E+02   R
  5139      1  3.6E-01   5141 (2.2E-12) 2.6E-04  4.4655421E-01    144 5.1E+02 s

 Major Minors     Step   nCon Feasible  Optimal  MeritFunction     nS Penalty
  5140      1  1.0E+00   5142 (2.3E-13) 5.5E-05  4.4655421E-01    144 5.1E+02
  5141      1  1.0E+00   5143 (2.2E-13) 1.4E-04  4.4655421E-01    144 5.1E+02
  5142      1  1.0E+00   5144 (6.8E-14) 2.7E-04  4.4655421E-01    144 5.1E+02
  5143      1  1.0E+00   5145 (1.9E-13) 2.6E-04  4.4655421E-01    144 5.1E+02
  5144      1  1.0E+00   5146 (1.0E-12) 1.0E-04  4.4655421E-01    144 5.1E+02
  5145      2  1.0E+00   5147 (2.4E-12) 1.6E-04  4.4655421E-01    144 5.1E+02
  5146      1  1.0E+00   5148 (1.6E-12) 3.5E-04  4.4655421E-01    144 5.1E+02
  5147      1  1.0E+00   5149 (5.3E-13) 3.2E-04  4.4655421E-01    144 5.1E+02
  5148      1  1.0E+00   5150 (6.7E-13) 9.9E-05  4.4655421E-01    144 5.1E+02
  5149      1  1.0E+00   5151 (1.4E-12) 1.8E-04  4.4655421E-01    144 5.1E+02   R

 Major Minors     Step   nCon Feasible  Optimal  MeritFunction     nS Penalty
  5150      1  1.0E+00   5152 (2.3E-13) 6.9E-05  4.4655421E-01    144 5.1E+02 s
  5151      1  1.0E+00   5153 (9.1E-12) 4.5E-04  4.4655421E-01    144 5.1E+02
  5152      1  1.0E+00   5154 (4.4E-12) 2.4E-04  4.4655421E-01    144 5.1E+02
  5153      1  4.0E-01   5155 (2.7E-12) 1.7E-04  4.4655421E-01    144 5.1E+02
  5154      1  1.0E+00   5156 (5.2E-13) 1.9E-04  4.4655421E-01    144 5.1E+02
  5155      1  1.0E+00   5157 (2.2E-12) 4.0E-04  4.4655421E-01    144 5.1E+02
  5156      1  1.0E+00   5158 (1.8E-12) 2.1E-04  4.4655421E-01    144 5.1E+02
  5157      1  4.1E-01   5159 (1.2E-12) 1.3E-04  4.4655421E-01    144 5.1E+02
  5158      1  1.0E+00   5160 (2.3E-12) 2.4E-04  4.4655421E-01    144 5.1E+02
  5159      1  1.0E+00   5161 (5.2E-13) 1.9E-04  4.4655421E-01    144 5.1E+02

 Major Minors     Step   nCon Feasible  Optimal  MeritFunction     nS Penalty
  5160      1  1.0E+00   5162 (6.5E-13) 3.7E-04  4.4655421E-01    144 5.1E+02   R
  5161      1  4.0E-01   5163 (8.1E-13) 1.7E-04  4.4655421E-01    144 5.1E+02 s
  5162      1  1.0E+00   5164 (1.2E-13) 4.1E-05  4.4655421E-01    144 5.1E+02
  5163      1  1.0E+00   5165 (6.4E-14) 6.6E-05  4.4655421E-01    144 5.1E+02
  5164      1  1.0E+00   5166 (7.3E-13) 4.7E-04  4.4655421E-01    144 5.1E+02
  5165      2  1.0E+00   5167 (7.8E-13) 5.8E-04  4.4655421E-01    144 5.1E+02
  5166      1  1.0E+00   5168 (2.4E-12) 5.2E-04  4.4655421E-01    144 5.1E+02
  5167      1  1.0E+00   5169 (2.0E-12) 2.0E-04  4.4655421E-01    144 5.1E+02
  5168      1  1.0E+00   5170 (8.0E-13) 2.7E-04  4.4655421E-01    144 5.1E+02
  5169      2  1.0E+00   5171 (4.3E-13) 4.2E-04  4.4655421E-01    144 5.1E+02

 Major Minors     Step   nCon Feasible  Optimal  MeritFunction     nS Penalty
  5170      1  1.0E+00   5172 (6.6E-13) 3.2E-04  4.4655421E-01    144 5.1E+02
  5171      1  1.0E+00   5173 (5.7E-13) 6.1E-05  4.4655421E-01    144 5.1E+02   R
  5172      1  1.0E+00   5174 (1.8E-13) 4.6E-05  4.4655421E-01    144 5.1E+02 s
  5173      1  4.3E-01   5175 (9.3E-13) 2.4E-04  4.4655421E-01    144 5.1E+02
  5174      1  1.0E+00   5176 (1.6E-12) 2.6E-04  4.4655421E-01    144 5.1E+02
  5175      1  1.0E+00   5177 (1.8E-12) 3.1E-04  4.4655421E-01    144 5.1E+02
  5176      1  1.0E+00   5178 (1.1E-12) 2.3E-04  4.4655421E-01    144 5.1E+02
  5177      1  4.2E-01   5179 (7.2E-13) 2.0E-04  4.4655421E-01    144 5.1E+02
  5178      1  4.6E-01   5180 (2.7E-13) 1.3E-04  4.4655421E-01    144 5.1E+02
  5179      1  1.0E+00   5181 (1.9E-12) 2.1E-04  4.4655421E-01    144 5.1E+02

 Major Minors     Step   nCon Feasible  Optimal  MeritFunction     nS Penalty
  5180      1  1.0E+00   5182 (1.2E-12) 2.1E-04  4.4655421E-01    144 5.1E+02
  5181      1  1.0E+00   5183 (1.2E-12) 2.0E-04  4.4655421E-01    144 5.1E+02
  5182      1  1.0E+00   5184 (1.4E-12) 2.6E-04  4.4655421E-01    144 5.1E+02   R
  5183      1  4.7E-01   5185 (7.3E-13) 6.4E-05  4.4655421E-01    144 5.1E+02 s
  5184      1  1.0E+00   5186 (5.9E-14) 6.0E-05  4.4655421E-01    144 5.1E+02
  5185      1  1.0E+00   5187 (8.6E-14) 1.6E-04  4.4655421E-01    144 5.1E+02
  5186      1  1.0E+00   5188 (5.5E-13) 3.3E-04  4.4655421E-01    144 5.1E+02
  5187      1  1.0E+00   5189 (6.3E-13) 3.1E-04  4.4655421E-01    144 5.1E+02
  5188      2  1.0E+00   5190 (8.9E-13) 1.4E-04  4.4655421E-01    144 5.1E+02
  5189      1  1.0E+00   5191 (2.5E-13) 8.6E-05  4.4655421E-01    144 5.1E+02

 Major Minors     Step   nCon Feasible  Optimal  MeritFunction     nS Penalty
  5190      1  1.0E+00   5192 (2.8E-13) 1.8E-04  4.4655421E-01    144 5.1E+02
  5191      1  1.0E+00   5193 (8.3E-13) 3.0E-04  4.4655421E-01    144 5.1E+02
  5192      1  1.0E+00   5194 (3.4E-12) 3.9E-04  4.4655421E-01    144 5.1E+02
  5193      2  1.0E+00   5195 (3.9E-12) 3.4E-04  4.4655421E-01    144 5.1E+02   R
  5194      1  1.0E+00   5196 (1.7E-12) 1.2E-04  4.4655421E-01    144 5.1E+02 s
  5195      1  1.0E+00   5197 (7.3E-12) 2.1E-04  4.4655421E-01    144 5.1E+02
  5196      1  1.0E+00   5198 (1.1E-12) 2.4E-04  4.4655421E-01    144 5.1E+02
  5197      1  1.0E+00   5199 (6.2E-13) 1.2E-04  4.4655421E-01    144 5.1E+02
  5198      1  1.0E+00   5200 (2.1E-13) 1.1E-04  4.4655421E-01    144 5.1E+02
  5199      1  1.0E+00   5201 (2.8E-13) 1.3E-04  4.4655421E-01    144 5.1E+02

 Major Minors     Step   nCon Feasible  Optimal  MeritFunction     nS Penalty
  5200      1  1.0E+00   5202 (5.6E-13) 1.8E-04  4.4655421E-01    144 5.1E+02
  5201      2  1.0E+00   5203 (6.3E-13) 2.6E-04  4.4655421E-01    144 5.1E+02
  5202      2  1.0E+00   5204 (2.7E-12) 1.2E-04  4.4655421E-01    144 5.1E+02
  5203      2  1.0E+00   5205 (1.8E-12) 1.1E-04  4.4655421E-01    144 5.1E+02
  5204      1  1.0E+00   5206 (7.7E-13) 1.3E-04  4.4655421E-01    144 5.1E+02   R
  5205      1  1.0E+00   5207 (2.2E-13) 1.4E-04  4.4655421E-01    144 5.1E+02 s
  5206      1  1.0E+00   5208 (2.8E-13) 1.1E-04  4.4655421E-01    144 5.1E+02
  5207      1  1.0E+00   5209 (3.6E-12) 2.4E-04  4.4655421E-01    144 5.1E+02
  5208      1  1.0E+00   5210 (9.2E-13) 1.3E-04  4.4655421E-01    144 5.1E+02
  5209      1  1.0E+00   5211 (7.8E-13) 8.5E-05  4.4655421E-01    144 5.1E+02

 Major Minors     Step   nCon Feasible  Optimal  MeritFunction     nS Penalty
  5210      1  1.0E+00   5212 (1.8E-12) 1.4E-04  4.4655421E-01    144 5.1E+02
  5211      1  1.0E+00   5213 (3.5E-13) 1.6E-04  4.4655421E-01    144 5.1E+02
  5212      1  1.0E+00   5214 (2.0E-13) 8.3E-05  4.4655421E-01    144 5.1E+02
  5213      1  1.0E+00   5215 (5.1E-13) 8.5E-05  4.4655421E-01    144 5.1E+02
  5214      1  1.0E+00   5216 (3.2E-13) 1.1E-04  4.4655421E-01    144 5.1E+02
  5215      1  1.0E+00   5217 (1.5E-13) 1.7E-04  4.4655421E-01    144 5.1E+02   R
  5216      1  1.0E+00   5218 (9.7E-13) 1.1E-04  4.4655421E-01    144 5.1E+02 s
  5217      1  1.0E+00   5219 (1.8E-12) 1.3E-04  4.4655421E-01    144 5.1E+02
  5218      1  1.0E+00   5220 (4.8E-13) 1.5E-04  4.4655421E-01    144 5.1E+02
  5219      1  1.0E+00   5221 (1.1E-13) 1.0E-04  4.4655421E-01    144 5.1E+02

 Major Minors     Step   nCon Feasible  Optimal  MeritFunction     nS Penalty
  5220      1  1.0E+00   5222 (1.2E-12) 1.9E-04  4.4655421E-01    144 5.1E+02
  5221      1  1.0E+00   5223 (1.5E-13) 9.2E-05  4.4655421E-01    144 5.1E+02
  5222      1  1.0E+00   5224 (9.7E-13) 1.8E-04  4.4655421E-01    144 5.1E+02
  5223      1  1.0E+00   5225 (2.9E-12) 2.1E-04  4.4655421E-01    144 5.1E+02
  5224      1  1.0E+00   5226 (4.1E-13) 1.2E-04  4.4655421E-01    144 5.1E+02
  5225      1  1.0E+00   5227 (5.2E-13) 1.9E-04  4.4655421E-01    144 5.1E+02
  5226      1  1.0E+00   5228 (1.9E-13) 2.5E-04  4.4655421E-01    144 5.1E+02   R
  5227      1  1.0E+00   5229 (5.6E-13) 8.0E-05  4.4655421E-01    144 5.1E+02 s
  5228      1  1.0E+00   5230 (8.1E-13) 2.0E-04  4.4655421E-01    144 5.1E+02
  5229      1  1.0E+00   5231 (7.4E-13) 2.6E-04  4.4655421E-01    144 5.1E+02

 Major Minors     Step   nCon Feasible  Optimal  MeritFunction     nS Penalty
  5230      2  1.0E+00   5232 (9.0E-13) 1.0E-04  4.4655421E-01    144 5.1E+02
  5231      1  1.0E+00   5233 (1.1E-13) 1.1E-04  4.4655421E-01    144 5.1E+02
  5232      1  1.0E+00   5234 (1.7E-13) 1.5E-04  4.4655421E-01    144 5.1E+02
  5233      1  1.0E+00   5235 (4.1E-13) 1.1E-04  4.4655421E-01    144 5.1E+02
  5234      1  1.0E+00   5236 (2.8E-13) 8.0E-05  4.4655421E-01    144 5.1E+02
  5235      1  1.0E+00   5237 (1.4E-13) 1.1E-04  4.4655421E-01    144 5.1E+02
  5236      1  1.0E+00   5238 (1.3E-12) 1.6E-04  4.4655421E-01    144 5.1E+02
  5237      1  1.0E+00   5239 (4.7E-13) 2.6E-04  4.4655421E-01    144 5.1E+02   R
  5238      1  1.0E+00   5240 (1.6E-12) 1.4E-04  4.4655421E-01    144 5.1E+02 s
  5239      1  1.0E+00   5241 (1.1E-12) 1.3E-04  4.4655421E-01    144 5.1E+02

 Major Minors     Step   nCon Feasible  Optimal  MeritFunction     nS Penalty
  5240      1  1.0E+00   5242 (6.7E-14) 7.2E-05  4.4655421E-01    144 5.1E+02
  5241      2  1.0E+00   5243 (7.4E-14) 8.4E-05  4.4655421E-01    144 5.1E+02
  5242      2  1.0E+00   5244 (1.1E-12) 1.5E-04  4.4655421E-01    144 5.1E+02
  5243      1  1.0E+00   5245 (1.8E-13) 1.6E-04  4.4655421E-01    144 5.1E+02
  5244      1  1.0E+00   5246 (3.8E-13) 6.8E-05  4.4655421E-01    144 5.1E+02
  5245      1  1.0E+00   5247 (9.3E-13) 7.7E-05  4.4655421E-01    144 5.1E+02
  5246      1  1.0E+00   5248 (1.9E-13) 1.1E-04  4.4655421E-01    144 5.1E+02
  5247      1  1.0E+00   5249 (3.6E-13) 1.1E-04  4.4655421E-01    144 5.1E+02
  5248      1  1.0E+00   5250 (8.7E-14) 5.5E-05  4.4655421E-01    144 5.1E+02   R
  5249      1  1.0E+00   5251 (8.8E-14) 2.5E-05  4.4655421E-01    144 5.1E+02 s

 Major Minors     Step   nCon Feasible  Optimal  MeritFunction     nS Penalty
  5250      1  1.0E+00   5252 (6.8E-13) 1.8E-04  4.4655421E-01    144 5.1E+02
  5251      1  1.0E+00   5253 (8.5E-13) 1.9E-04  4.4655421E-01    144 5.1E+02
  5252      1  4.8E-01   5254 (1.2E-12) 1.8E-04  4.4655421E-01    144 5.1E+02
  5253      1  4.4E-01   5255 (6.6E-13) 1.1E-04  4.4655421E-01    144 5.1E+02
  5254      1  1.0E+00   5256 (3.5E-13) 1.8E-04  4.4655421E-01    144 5.1E+02
  5255      1  1.0E+00   5257 (1.3E-12) 2.4E-04  4.4655421E-01    144 5.1E+02
  5256      1  1.0E+00   5258 (1.7E-12) 2.6E-04  4.4655421E-01    144 5.1E+02
  5257      1  4.3E-01   5259 (8.7E-13) 1.2E-04  4.4655421E-01    144 5.1E+02
  5258      1  4.7E-01   5260 (5.2E-13) 9.7E-05  4.4655421E-01    144 5.1E+02
  5259      1  1.0E+00   5261 (9.4E-13) 2.0E-04  4.4655421E-01    144 5.1E+02   R

 Major Minors     Step   nCon Feasible  Optimal  MeritFunction     nS Penalty
  5260      1  4.5E-01   5262 (6.7E-13) 5.6E-05  4.4655421E-01    144 5.1E+02 s
  5261      1  1.0E+00   5263 (8.5E-14) 6.0E-05  4.4655421E-01    144 5.1E+02
  5262      1  1.0E+00   5264 (6.8E-14) 9.9E-05  4.4655421E-01    144 5.1E+02
  5263      1  1.0E+00   5265 (4.9E-13) 1.4E-04  4.4655421E-01    144 5.1E+02
  5264      1  1.0E+00   5266 (1.9E-13) 1.2E-04  4.4655421E-01    144 5.1E+02
  5265      1  1.0E+00   5267 (3.8E-13) 1.0E-04  4.4655421E-01    144 5.1E+02
  5266      1  1.0E+00   5268 (2.6E-13) 9.6E-05  4.4655421E-01    144 5.1E+02
  5267      1  1.0E+00   5269 (4.5E-13) 7.3E-05  4.4655421E-01    144 5.1E+02
  5268      1  1.0E+00   5270 (1.2E-13) 1.0E-04  4.4655421E-01    144 5.1E+02
  5269      1  1.0E+00   5271 (3.8E-13) 8.3E-05  4.4655421E-01    144 5.1E+02

 Major Minors     Step   nCon Feasible  Optimal  MeritFunction     nS Penalty
  5270      1  1.0E+00   5272 (3.5E-13) 7.4E-05  4.4655421E-01    144 5.1E+02   R
  5271      1  1.0E+00   5273 (5.6E-14) 6.6E-05  4.4655421E-01    144 5.1E+02 s
  5272      1  1.0E+00   5274 (1.9E-13) 1.1E-04  4.4655421E-01    144 5.1E+02
  5273      1  1.0E+00   5275 (2.5E-13) 1.2E-04  4.4655421E-01    144 5.1E+02
  5274      1  1.0E+00   5276 (4.5E-13) 5.6E-05  4.4655421E-01    144 5.1E+02
  5275      1  1.0E+00   5277 (1.0E-13) 4.8E-05  4.4655421E-01    144 5.1E+02
  5276      1  1.0E+00   5278 (5.8E-13) 1.1E-04  4.4655421E-01    144 5.1E+02
  5277      1  1.0E+00   5279 (2.9E-13) 7.3E-05  4.4655421E-01    144 5.1E+02
  5278      1  1.0E+00   5280 (1.0E-13) 2.9E-05  4.4655421E-01    144 5.1E+02
  5279      1  1.0E+00   5281 (1.7E-13) 4.5E-05  4.4655421E-01    144 5.1E+02

 Major Minors     Step   nCon Feasible  Optimal  MeritFunction     nS Penalty
  5280      1  1.0E+00   5282 (1.5E-13) 5.9E-05  4.4655421E-01    144 5.1E+02
  5281      1  1.0E+00   5283 (3.3E-13) 7.3E-05  4.4655421E-01    144 5.1E+02   R
  5282      1  1.0E+00   5284 (2.2E-13) 7.6E-05  4.4655421E-01    144 5.1E+02 s
  5283      1  1.0E+00   5285 (2.5E-13) 8.1E-05  4.4655421E-01    144 5.1E+02
  5284      1  1.0E+00   5286 (8.9E-14) 1.0E-04  4.4655421E-01    144 5.1E+02
  5285      1  1.0E+00   5287 (2.5E-13) 5.4E-05  4.4655421E-01    144 5.1E+02
  5286      1  1.0E+00   5288 (1.7E-13) 7.6E-05  4.4655421E-01    144 5.1E+02
  5287      1  1.0E+00   5289 (2.9E-13) 1.5E-04  4.4655421E-01    144 5.1E+02
  5288      1  1.0E+00   5290 (1.5E-13) 5.4E-05  4.4655421E-01    144 5.1E+02
  5289      1  1.0E+00   5291 (2.8E-13) 3.9E-05  4.4655421E-01    144 5.1E+02

 Major Minors     Step   nCon Feasible  Optimal  MeritFunction     nS Penalty
  5290      1  1.0E+00   5292 (6.5E-13) 1.3E-04  4.4655421E-01    144 5.1E+02
  5291      1  1.0E+00   5293 (1.2E-13) 6.1E-05  4.4655421E-01    144 5.1E+02
  5292      1  1.0E+00   5294 (2.0E-13) 7.9E-05  4.4655421E-01    144 5.1E+02   R
  5293      1  1.0E+00   5295 (5.7E-13) 4.4E-05  4.4655421E-01    144 5.1E+02 s
  5294      1  1.0E+00   5296 (2.9E-13) 6.3E-05  4.4655421E-01    144 5.1E+02
  5295      1  1.0E+00   5297 (1.5E-13) 6.3E-05  4.4655421E-01    144 5.1E+02
  5296      1  1.0E+00   5298 (1.1E-13) 8.3E-05  4.4655421E-01    144 5.1E+02
  5297      1  1.0E+00   5299 (9.4E-14) 3.8E-05  4.4655421E-01    144 5.1E+02
  5298      1  1.0E+00   5300 (2.5E-13) 6.9E-05  4.4655421E-01    144 5.1E+02
  5299      1  1.0E+00   5301 (1.6E-13) 1.1E-04  4.4655421E-01    144 5.1E+02

 Major Minors     Step   nCon Feasible  Optimal  MeritFunction     nS Penalty
  5300      1  1.0E+00   5302 (2.0E-13) 4.1E-05  4.4655421E-01    144 5.1E+02
  5301      1  1.0E+00   5303 (2.3E-13) 4.1E-05  4.4655421E-01    144 5.1E+02
  5302      1  1.0E+00   5304 (1.6E-13) 6.1E-05  4.4655421E-01    144 5.1E+02
  5303      1  1.0E+00   5305 (6.0E-14) 4.8E-05  4.4655421E-01    144 5.1E+02   R
  5304      1  1.0E+00   5306 (7.4E-14) 3.2E-05  4.4655421E-01    144 5.1E+02 s
  5305      1  1.0E+00   5307 (6.7E-14) 6.1E-05  4.4655421E-01    144 5.1E+02
  5306      1  1.0E+00   5308 (9.3E-14) 6.1E-05  4.4655421E-01    144 5.1E+02
  5307      1  1.0E+00   5309 (7.3E-14) 6.4E-05  4.4655421E-01    144 5.1E+02
  5308      1  1.0E+00   5310 (2.6E-13) 5.7E-05  4.4655421E-01    144 5.1E+02
  5309      1  1.0E+00   5311 (5.3E-13) 1.2E-04  4.4655421E-01    144 5.1E+02

 Major Minors     Step   nCon Feasible  Optimal  MeritFunction     nS Penalty
  5310      1  1.0E+00   5312 (9.3E-14) 5.4E-05  4.4655421E-01    144 5.1E+02
  5311      1  1.0E+00   5313 (6.8E-14) 6.1E-05  4.4655421E-01    144 5.1E+02
  5312      1  1.0E+00   5314 (1.3E-13) 7.6E-05  4.4655421E-01    144 5.1E+02
  5313      1  1.0E+00   5315 (1.7E-13) 8.1E-05  4.4655421E-01    144 5.1E+02
  5314      1  1.0E+00   5316 (1.5E-13) 7.6E-05  4.4655421E-01    144 5.1E+02   R
  5315      1  1.0E+00   5317 (2.3E-13) 7.5E-05  4.4655421E-01    144 5.1E+02 s
  5316      1  1.0E+00   5318 (7.9E-13) 7.5E-05  4.4655421E-01    144 5.1E+02
  5317      1  1.0E+00   5319 (8.9E-14) 6.2E-05  4.4655421E-01    144 5.1E+02
  5318      1  1.0E+00   5320 (8.4E-14) 3.9E-05  4.4655421E-01    144 5.1E+02
  5319      1  1.0E+00   5321 (5.6E-14) 4.9E-05  4.4655421E-01    144 5.1E+02

 Major Minors     Step   nCon Feasible  Optimal  MeritFunction     nS Penalty
  5320      1  1.0E+00   5322 (6.2E-14) 5.0E-05  4.4655421E-01    144 5.1E+02
  5321      1  1.0E+00   5323 (1.7E-13) 7.1E-05  4.4655421E-01    144 5.1E+02
  5322      1  1.0E+00   5324 (1.3E-13) 6.9E-05  4.4655421E-01    144 5.1E+02
  5323      1  1.0E+00   5325 (6.6E-14) 3.0E-05  4.4655421E-01    144 5.1E+02
  5324      1  1.0E+00   5326 (8.5E-14) 3.4E-05  4.4655421E-01    144 5.1E+02
  5325      1  1.0E+00   5327 (6.6E-14) 2.7E-05  4.4655421E-01    144 5.1E+02   R
  5326      1  1.0E+00   5328 (5.6E-14) 2.2E-05  4.4655421E-01    144 5.1E+02 s
  5327      1  1.0E+00   5329 (7.9E-14) 2.5E-05  4.4655421E-01    144 5.1E+02
  5328      1  1.0E+00   5330 (8.9E-14) 1.8E-05  4.4655421E-01    144 5.1E+02
  5329      1  1.0E+00   5331 (6.2E-14) 2.5E-05  4.4655421E-01    144 5.1E+02

 Major Minors     Step   nCon Feasible  Optimal  MeritFunction     nS Penalty
  5330      1  1.0E+00   5332 (6.2E-14) 2.3E-05  4.4655421E-01    144 5.1E+02
  5331      1  1.0E+00   5333 (8.4E-14) 3.8E-05  4.4655421E-01    144 5.1E+02
  5332      1  1.0E+00   5334 (5.6E-14) 2.0E-05  4.4655421E-01    144 5.1E+02
  5333      1  1.0E+00   5335 (1.8E-13) 2.3E-05  4.4655421E-01    144 5.1E+02
  5334      1  1.0E+00   5336 (1.1E-13) 1.2E-04  4.4655421E-01    144 5.1E+02
  5335      1  1.0E+00   5337 (6.8E-14) 8.2E-05  4.4655421E-01    144 5.1E+02
  5336      1  1.0E+00   5338 (1.3E-13) 2.3E-05  4.4655421E-01    144 5.1E+02   R
  5337      1  1.0E+00   5339 (7.1E-14) 3.1E-05  4.4655421E-01    144 5.1E+02 s
  5338      1  1.0E+00   5340 (2.8E-13) 4.0E-05  4.4655421E-01    144 5.1E+02
  5339      1  1.0E+00   5341 (5.6E-14) 4.4E-05  4.4655421E-01    144 5.1E+02

 Major Minors     Step   nCon Feasible  Optimal  MeritFunction     nS Penalty
  5340      1  1.0E+00   5342 (6.5E-14) 2.3E-05  4.4655421E-01    144 5.1E+02
  5341      1  1.0E+00   5343 (2.0E-13) 2.8E-05  4.4655421E-01    144 5.1E+02
  5342      1  1.0E+00   5344 (5.6E-14) 3.2E-05  4.4655421E-01    144 5.1E+02
  5343      1  1.0E+00   5345 (5.6E-14) 2.0E-05  4.4655421E-01    144 5.1E+02
  5344      1  1.0E+00   5346 (5.6E-14) 2.8E-05  4.4655421E-01    144 5.1E+02
  5345      1  1.0E+00   5347 (5.6E-14) 2.7E-05  4.4655421E-01    144 5.1E+02
  5346      1  1.0E+00   5348 (5.6E-14) 1.3E-05  4.4655421E-01    144 5.1E+02
  5347      1  1.0E+00   5349 (7.2E-14) 1.7E-05  4.4655421E-01    144 5.1E+02   R
  5348      1  1.0E+00   5350 (5.6E-14) 1.7E-05  4.4655421E-01    144 5.1E+02 s
  5349      1  1.0E+00   5351 (5.6E-14) 1.3E-05  4.4655421E-01    144 5.1E+02

 Major Minors     Step   nCon Feasible  Optimal  MeritFunction     nS Penalty
  5350      1  1.0E+00   5352 (5.6E-14) 1.8E-05  4.4655421E-01    144 5.1E+02
  5351      1  1.0E+00   5353 (5.6E-14) 1.9E-05  4.4655421E-01    144 5.1E+02
  5352      1  1.0E+00   5354 (5.6E-14) 1.3E-05  4.4655421E-01    144 5.1E+02
  5353      1  1.0E+00   5355 (5.6E-14)(7.9E-06) 4.4655421E-01    144 5.1E+02
 
 SNOPTC EXIT   0 -- finished successfully
 SNOPTC INFO   1 -- optimality conditions satisfied

 Problem name                 Determin
 No. of iterations                7773   Objective            4.4655420829E-01
 No. of major iterations          5353   Linear    obj. term  0.0000000000E+00
 Penalty parameter           5.113E+02   Nonlinear obj. term  4.4655420829E-01
 User function calls (total)     11556   Calls with modes 1,2 (known g)   5355
 No. of superbasics                144   No. of basic nonlinears            31
 No. of degenerate steps           359   Percentage                       4.62
 Max x                     177 4.6E+00   Max pi                      1 2.0E+00
 Max Primal infeas         221 2.6E-13   Max Dual infeas           118 1.6E-05
 Nonlinear constraint violn    2.6E-13
 
 

 Solution printed on file  18
 
 Time for MPS input                             0.00 seconds
 Time for solving problem                     308.21 seconds
 Time for solution output                       0.00 seconds
 Time for constraint functions                294.39 seconds
 Time for objective function                    0.00 seconds
