
         ==============================
         S N O P T  7.7.1    (Nov 2018)
         ==============================
      Print file 18
      Summary file 19
      Minor print level               0
      Minimize
      Derivative level               3
      Iterations limit        10000000
      Minor iterations limit           10000
      Proximal iterations limit           10000
      Total character workspace             500
      Total integer workspace           32400
      Total real workspace           64300
      Major optimality tolerance  1.00000000E-05
      Major feasibility tolerance  1.00000000E-06
      Minor feasibility tolerance  1.00000000E-06
      Major iterations limit           10000
      Partial prince               1
      Linesearch tolerance  9.90000000E-01
      Function precision  1.00000000E-10
      Verify level              -1
      Nonderivative linesearch               0
      Major step limit  1.00000000E+00
      Elastic weight  1.00000000E+04
1
 
 SNMEMB EXIT 100 -- finished successfully
 SNMEMB INFO 104 -- memory requirements estimated

         ==============================
         S N O P T  7.7.1    (Nov 2018)
         ==============================
      Print file 18
      Summary file 19
      Minor print level               0
      Minimize
      Derivative level               3
      Iterations limit        10000000
      Minor iterations limit           10000
      Proximal iterations limit           10000
      Total character workspace             500
      Total integer workspace          201970
      Total real workspace          187910
      Major optimality tolerance  1.00000000E-05
      Major feasibility tolerance  1.00000000E-06
      Minor feasibility tolerance  1.00000000E-06
      Major iterations limit           10000
      Partial prince               1
      Linesearch tolerance  9.90000000E-01
      Function precision  1.00000000E-10
      Verify level              -1
      Nonderivative linesearch               0
      Major step limit  1.00000000E+00
      Elastic weight  1.00000000E+04
1
 
 Parameters
 ==========

 Files
 -----
 Solution file..........         0       Old basis file ........         0       Standard input.........         5
 Insert file............         0       New basis file ........         0       (Printer)..............        18
 Punch file.............         0       Backup basis file......         0       (Specs file)...........         0
 Load file..............         0       Dump file..............         0       Standard output........         6

 Frequencies
 -----------
 Print frequency........       100       Check frequency........        60       Save new basis map.....       100
 Summary frequency......       100       Factorization frequency        50       Expand frequency.......     10000

 QP subproblems
 --------------
 QPsolver Cholesky......
 Scale tolerance........     0.900       Minor feasibility tol..  1.00E-06       Iteration limit........  10000000
 Scale option...........         0       Minor optimality  tol..  1.00E-06       Minor print level......         0
 Crash tolerance........     0.100       Pivot tolerance........  3.25E-11       New superbasics........        99
 Crash option...........         3       Elastic weight.........  1.00E+04

 Partial pricing
 ---------------
 LP Partial price.......         1       Prtl price section ( A)       177       Prtl price section (-I)       142
 QP Partial price.......         1       Prtl price section ( A)       177       Prtl price section (-I)       142

 The SQP Method
 --------------
 Minimize...............                 Cold start.............                 Proximal Point method..     10000
 Nonlinear objectiv vars       177       Major optimality tol...  1.00E-05       Function precision.....  1.00E-10
 Unbounded step size....  1.00E+20       Superbasics limit......       177       Difference interval....  1.00E-05
 Unbounded objective....  1.00E+10       Reduced Hessian dim....       177       Central difference int.  4.64E-04
 Major step limit.......  1.00E+00       Nonderiv.  linesearch..                 Derivative level.......         3
 Major iterations limit.     10000       Linesearch tolerance...   0.99000       Verify level...........        -1
 Minor iterations limit.     10000       Penalty parameter......  0.00E+00       Major Print Level......         1
 Time limit (secs)...... 9999999.0

 Hessian Approximation
 ---------------------
 Hessian limited-memory.                 Hessian updates........        10       Hessian frequency......  99999999
                                                                                 Hessian flush..........  99999999

 Nonlinear constraints
 ---------------------
 Nonlinear constraints..       100       Major feasibility tol..  1.00E-06       Violation limit........  1.00E+01
 Nonlinear Jacobian vars       177

 Miscellaneous
 -------------
 LU factor tolerance....      3.99       LU singularity tol.....  3.25E-11       Timing level...........         3
 LU update tolerance....      3.99       LU swap tolerance......  1.22E-04       Debug level............         0
 LU partial  pivoting...                 eps (machine precision)  2.22E-16       System information.....        No
                                                                                 Sticky parameters......        No
1
 

 

 Matrix statistics
 -----------------
               Total      Normal        Free       Fixed     Bounded
 Rows            142          80           0          22          40
 Columns         177           0           0           0         177

 No. of matrix elements                14851     Density      59.087
 Biggest  constant element        1.0000E+00  (excluding fixed columns,
 Smallest constant element        0.0000E+00   free rows, and RHS)

 No. of objective coefficients             0

 Nonlinear constraints     100     Linear constraints      42
 Nonlinear variables       177     Linear variables         0
 Jacobian  variables       177     Objective variables    177
 Total constraints         142     Total variables        177
1
 

 
 The user has defined   13129   out of   13129   constraint gradients.
 The user has defined     177   out of     177   objective  gradients.
1
 
 

   Itns Major Minors    Step   nCon Feasible  Optimal  MeritFunction     L+U BSwap     nS condZHZ Penalty
    119     0    119              1  1.1E-01  5.0E-02  2.4724354E-01     865          100 9.3E+00         _  r  T
    172     1     53 1.0E-01      2  1.1E-01  4.5E-02  9.8460235E-01     801     5    148 2.7E+01 4.0E+00 _  r
    551     2    379 1.0E+00      3  1.1E-01  4.7E-02  4.0223308E-01    1541          150 4.6E+05 4.0E+00 _s
    588     3     37 4.8E-01      4  4.8E-02  2.0E-01  2.4279431E-01    1586          144 1.0E+03 4.1E+00 _
    648     4     60 2.1E-01      5  3.1E-02  7.2E-02  2.7936782E-01    1576          145 1.5E+04 9.5E+00 _
    668     5     20 5.2E-02      6  2.9E-02  2.4E-02  3.1908547E-01    1435          140 7.0E+01 1.2E+01 _
    753     6     85 8.8E-02      7  2.6E-02  2.1E-01  2.8205143E-01    1556          144 4.5E+04 8.2E+00 _
    765     7     12 3.7E-02      8  2.5E-02  3.7E-01  5.3210988E-01    1464          141 2.0E+02 4.0E+01 _
    771     8      6 2.0E-02      9  2.4E-02  2.6E-01  5.2730306E-01    1462          136 2.5E+02 4.0E+01 _
    789     9     18 7.6E-02     10  2.2E-02  3.7E-01  5.1915819E-01    1484          145 2.4E+02 4.0E+01 _
    802    10     13 4.6E-02     11  2.1E-02  3.0E-02  5.3997066E-01    1466          133 2.2E+02 4.4E+01 _
    840    11     38 7.3E-02     12  2.1E-02  8.2E-01  3.7629778E-01    1505          136 4.7E+01 1.8E+01 _
    858    12     18 1.3E-02     13  2.0E-02  1.6E-01  4.4189922E-01    1446          149 2.4E+04 3.0E+01 _  R
    865    13      7 1.5E-01     14  1.7E-02  1.0E-01  5.0279799E-01    1462          151 1.6E+03 4.4E+01 _s
    878    14     13 1.0E+00     15  9.0E-04  2.5E-01  5.8857599E-01    1446          151 1.6E+03 7.3E+01 _
    881    15      3 1.0E+00     16  5.5E-04  1.7E-01  5.7956474E-01    1439          149 1.5E+03 4.7E+01 _
    883    16      2 4.0E-01     17  1.1E-03  1.3E-01  5.7112831E-01    1440          148 1.4E+03 4.7E+01 _
    884    17      1 2.8E-01     18  1.0E-03  1.6E-01  5.6864923E-01    1440          148 1.4E+03 4.7E+01 _
    886    18      2 2.4E-01     19  7.6E-04  1.5E-01  5.6413354E-01    1440          147 1.3E+03 4.7E+01 _
    888    19      2 1.6E-01     20  6.1E-04  2.0E-01  5.5969880E-01    1440          146 1.3E+03 4.7E+01 _

   Itns Major Minors    Step   nCon Feasible  Optimal  MeritFunction     L+U BSwap     nS condZHZ Penalty
    893    20      5 1.2E-01     21  4.6E-04  2.8E-01  5.5896659E-01    1440          150 1.4E+03 4.7E+01 _
    895    21      2 4.2E-01     22  1.8E-04  2.8E-01  5.5627798E-01    1440          149 1.4E+03 4.7E+01 _
    897    22      2 2.9E-01     23  1.6E-04  1.8E-01  5.5382903E-01    1440          148 1.4E+03 4.7E+01 _
    900    23      3 2.8E-01     24  1.4E-04  1.1E-01  5.5152310E-01    1440          150 1.6E+03 4.7E+01 _  R
    901    24      1 3.9E-01     25  1.0E-04  1.1E-01  5.4882483E-01    1440          150 1.6E+03 4.7E+01 _s
    903    25      2 1.0E+00     26  9.0E-06  1.2E-01  5.4721928E-01    1440          149 1.5E+03 4.7E+01 _
    905    26      2 1.0E+00     27  5.1E-05  2.1E-01  5.4692404E-01    1440          148 1.4E+03 4.7E+01 _
    906    27      1 1.0E+00     28  1.6E-05  1.3E-01  5.4529056E-01    1440          148 1.4E+03 4.7E+01 _
    907    28      1 3.9E-01     29  2.2E-05  1.2E-01  5.4435791E-01    1440          148 1.4E+03 4.7E+01 _
    908    29      1 1.0E+00     30  4.0E-05  1.1E-01  5.4335567E-01    1440          148 1.3E+03 4.7E+01 _
    909    30      1 2.3E-01     31  3.8E-05  1.1E-01  5.4258722E-01    1440          148 1.3E+03 4.7E+01 _
    912    31      3 3.1E-02     32  4.0E-05  2.9E-01  5.4228094E-01    1440          149 1.3E+03 4.7E+01 _
    913    32      1 9.0E-02     33  3.9E-05  2.3E-01  5.4186331E-01    1440          149 1.3E+03 4.7E+01 _
    914    33      1 1.0E-01     34  4.1E-05  1.5E-01  5.4145936E-01    1440          149 1.3E+03 4.7E+01 _
    916    34      2 1.3E-01     35  4.8E-05  1.1E-01  5.4070845E-01    1440          148 1.6E+03 4.7E+01 _  R
    917    35      1 4.3E-01     36  2.8E-05  9.3E-02  5.4007294E-01    1440          148 1.5E+03 4.7E+01 _s
    918    36      1 1.0E+00     37  2.3E-06  1.9E-01  5.3952574E-01    1440          148 1.5E+03 4.7E+01 _
    919    37      1 4.1E-01     38  3.9E-06  1.3E-01  5.3931837E-01    1440          148 1.4E+03 4.7E+01 _
    920    38      1 1.0E+00     39  3.7E-06  1.0E-01  5.3912782E-01    1440          148 1.4E+03 4.7E+01 _
    922    39      2 1.0E+00     40  1.0E-06  1.1E-01  5.3875806E-01    1440          147 1.2E+03 4.7E+01 _

   Itns Major Minors    Step   nCon Feasible  Optimal  MeritFunction     L+U BSwap     nS condZHZ Penalty
    923    40      1 1.0E+00     41  1.6E-05  2.2E-01  5.3843634E-01    1440          147 1.2E+03 4.7E+01 _
    924    41      1 1.0E+00     42  5.3E-06  2.4E-01  5.3766741E-01    1440          147 1.2E+03 4.7E+01 _
    925    42      1 1.0E+00     43  2.0E-05  2.6E-01  5.3737481E-01    1440          147 1.2E+03 4.7E+01 _
    926    43      1 1.0E+00     44  4.2E-05  1.7E-01  5.3664048E-01    1440          147 1.2E+03 4.7E+01 _
    927    44      1 4.2E-01     45  5.2E-05  1.6E-01  5.3645465E-01    1440          147 1.2E+03 4.7E+01 _
    929    45      2 1.0E+00     46  9.2E-05  2.2E-01  5.3436846E-01    1440          148 1.4E+03 4.7E+01 _  R
    930    46      1 1.0E+00     47  5.2E-06  1.1E-01  5.3356462E-01    1440          148 1.4E+03 4.7E+01 _s
    931    47      1 1.0E+00     48  3.2E-06  1.1E-01  5.3325593E-01    1440          148 1.4E+03 4.7E+01 _
    932    48      1 1.0E+00     49  1.4E-06  2.2E-01  5.3296965E-01    1440          148 1.3E+03 4.7E+01 _
    933    49      1 1.0E+00     50  2.6E-06  9.6E-02  5.3274191E-01    1440          148 1.2E+03 4.7E+01 _
    934    50      1 1.0E+00     51  3.7E-06  2.1E-01  5.3244553E-01    1440          148 1.2E+03 4.7E+01 _
    935    51      1 1.0E+00     52  1.3E-05  1.1E-01  5.3189254E-01    1440          148 1.1E+03 4.7E+01 _
    936    52      1 1.0E+00     53  1.5E-05  2.8E-01  5.3170677E-01    1440          148 1.1E+03 4.7E+01 _
    937    53      1 1.0E+00     54  2.0E-05  2.1E-01  5.3067426E-01    1440          148 1.1E+03 4.7E+01 _
    938    54      1 1.0E+00     55  8.9E-05  1.8E-01  5.3003419E-01    1440          148 1.1E+03 4.7E+01 _
    941    55      3 1.0E+00     56  8.6E-05  1.8E-01  5.2846148E-01    1440          149 1.1E+03 4.7E+01 _
    943    56      2 1.0E+00     57  7.8E-04  2.0E-01  5.2544666E-01    1440          148 1.4E+03 4.7E+01 _  R
    944    57      1 1.0E+00     58  1.7E-06  3.1E-01  5.2405090E-01    1440          148 1.3E+03 4.7E+01 _s
    945    58      1 4.3E-01     59  6.3E-06  1.8E-01  5.2336264E-01    1440          148 1.3E+03 4.7E+01 _
    946    59      1 1.0E+00     60  7.1E-06  1.8E-01  5.2306346E-01    1440          148 1.2E+03 4.7E+01 _

   Itns Major Minors    Step   nCon Feasible  Optimal  MeritFunction     L+U BSwap     nS condZHZ Penalty
    947    60      1 1.0E+00     61  9.2E-06  1.3E-01  5.2262116E-01    1440          148 1.2E+03 4.7E+01 _
    948    61      1 4.6E-01     62  9.3E-06  1.6E-01  5.2232104E-01    1440          148 1.2E+03 4.7E+01 _
    949    62      1 1.0E+00     63  3.8E-05  1.3E-01  5.2164796E-01    1440          148 1.1E+03 4.7E+01 _
    950    63      1 1.0E+00     64  3.4E-05  3.1E-01  5.2104814E-01    1440          148 1.1E+03 4.7E+01 _
    951    64      1 1.0E+00     65  6.8E-05  2.6E-01  5.2072454E-01    1440          148 1.1E+03 4.7E+01 _
    952    65      1 1.0E+00     66  1.5E-04  1.9E-01  5.1833737E-01    1440          148 1.1E+03 4.7E+01 _
    954    66      2 1.0E+00     67  4.7E-04  3.0E-01  5.1601024E-01    1440          147 1.1E+03 4.7E+01 _
    955    67      1 1.0E+00     68  1.2E-03  1.6E-01  5.1282611E-01    1440          147 1.3E+03 4.7E+01 _  R
    956    68      1 1.0E+00     69  1.7E-05  1.3E-01  5.1179355E-01    1440          147 1.2E+03 4.7E+01 _s
    957    69      1 1.0E+00     70  8.4E-06  9.5E-02  5.1116803E-01    1440          147 1.1E+03 4.7E+01 _
    958    70      1 1.0E+00     71  1.2E-05  1.6E-01  5.1076494E-01    1440          147 1.0E+03 4.7E+01 _
    959    71      1 1.0E+00     72  6.6E-06  2.4E-01  5.1047250E-01    1440          147 9.9E+02 4.7E+01 _
    960    72      1 2.8E-01     73  5.8E-06  2.3E-01  5.1042825E-01    1440          147 9.3E+02 4.7E+01 _
    961    73      1 3.4E-01     74  1.4E-05  3.4E-01  5.1033435E-01    1440          147 9.4E+02 4.7E+01 _
    962    74      1 1.0E+00     75  1.8E-05  1.6E-01  5.1026409E-01    1440          147 9.2E+02 4.7E+01 _
    963    75      1 1.0E+00     76  6.1E-06  1.1E-01  5.0953025E-01    1440          147 9.0E+02 4.7E+01 _
    964    76      1 1.0E+00     77  3.7E-06  1.2E-01  5.0911715E-01    1440          147 8.1E+02 4.7E+01 _
    966    77      2 3.2E-01     78  4.0E-06  1.4E-01  5.0895699E-01    1440          146 6.1E+02 4.7E+01 _
    968    78      2 2.4E-01     79  4.5E-06  2.2E-01  5.0872467E-01    1440          147 1.2E+03 4.7E+01 _  R
    969    79      1 4.7E-01     80  5.5E-06  9.4E-02  5.0850798E-01    1440          147 1.1E+03 4.7E+01 _s

   Itns Major Minors    Step   nCon Feasible  Optimal  MeritFunction     L+U BSwap     nS condZHZ Penalty
    970    80      1 1.0E+00     81 (5.4E-07) 7.3E-02  5.0836261E-01    1440          147 9.5E+02 4.7E+01 _
    971    81      1 3.1E-01     82  1.2E-06  9.3E-02  5.0833028E-01    1440          147 9.2E+02 4.7E+01 _
    972    82      1 1.0E+00     83 (6.0E-07) 3.7E-01  5.0820241E-01    1440          147 8.1E+02 4.7E+01 _
    973    83      1 4.9E-01     84  1.3E-06  1.6E-01  5.0813151E-01    1440          147 8.3E+02 4.7E+01 _
    974    84      1 1.0E+00     85  1.2E-06  1.5E-01  5.0802502E-01    1440          147 9.2E+02 4.7E+01 _
    976    85      2 1.0E+00     86  3.8E-06  1.5E-01  5.0792513E-01    1440          146 8.0E+02 4.7E+01 _
    978    86      2 1.0E+00     87  5.2E-06  3.7E-01  5.0777971E-01    1440          147 1.0E+03 4.7E+01 _
    979    87      1 1.0E+00     88  5.2E-06  1.9E-01  5.0772969E-01    1440          147 1.0E+03 4.7E+01 _
    981    88      2 4.6E-01     89  5.1E-06  1.8E-01  5.0764146E-01    1440          146 7.9E+02 4.7E+01 _
    982    89      1 1.0E+00     90  3.8E-06  1.7E-01  5.0755090E-01    1440          146 1.0E+03 4.7E+01 _  R
    983    90      1 1.0E+00     91  2.9E-06  1.8E-01  5.0735876E-01    1440          146 9.9E+02 4.7E+01 _s
    984    91      1 1.0E+00     92 (2.9E-07) 1.1E-01  5.0725934E-01    1440          146 1.0E+03 4.7E+01 _
    985    92      1 3.8E-01     93 (4.9E-07) 1.2E-01  5.0723401E-01    1440          146 1.0E+03 4.7E+01 _
    986    93      1 1.0E+00     94 (3.3E-07) 2.2E-01  5.0718308E-01    1440          146 1.0E+03 4.7E+01 _
    987    94      1 4.0E-01     95 (4.2E-07) 1.6E-01  5.0712585E-01    1440          146 9.9E+02 4.7E+01 _
    988    95      1 1.8E-01     96 (7.3E-07) 4.5E-01  5.0709193E-01    1440          146 9.9E+02 4.7E+01 _
    989    96      1 3.3E-01     97  1.0E-06  3.4E-01  5.0703317E-01    1440          146 1.0E+03 4.7E+01 _
    990    97      1 1.0E-01     98  1.1E-06  2.1E-01  5.0700791E-01    1440          146 1.0E+03 4.7E+01 _
    991    98      1 1.3E-01     99  1.2E-06  1.7E-01  5.0698846E-01    1440          146 1.0E+03 4.7E+01 _
    992    99      1 1.3E-01    100  1.5E-06  1.1E-01  5.0696201E-01    1440          146 1.0E+03 4.7E+01 _

   Itns Major Minors    Step   nCon Feasible  Optimal  MeritFunction     L+U BSwap     nS condZHZ Penalty
    993   100      1 3.8E-01    101  1.6E-06  1.5E-01  5.0691953E-01    1440          146 3.7E+03 4.7E+01 _  R
    994   101      1 1.0E+00    102 (7.1E-07) 9.7E-02  5.0686013E-01    1440          146 3.7E+03 4.7E+01 _s
    995   102      1 1.0E+00    103 (2.4E-07) 9.6E-02  5.0681563E-01    1440          146 3.7E+03 4.7E+01 _
    996   103      1 1.0E+00    104 (4.1E-07) 2.3E-01  5.0679324E-01    1440          146 3.7E+03 4.7E+01 _
    997   104      1 1.0E+00    105 (2.1E-07) 2.0E-01  5.0673915E-01    1440          146 3.7E+03 4.7E+01 _
    998   105      1 4.1E-01    106 (4.9E-07) 1.6E-01  5.0669701E-01    1440          146 3.7E+03 4.7E+01 _
    999   106      1 1.0E+00    107  1.3E-06  5.3E-01  5.0666438E-01    1440          146 3.7E+03 4.7E+01 _
   1001   107      2 1.0E+00    108  1.9E-06  2.1E-01  5.0651111E-01    1440          146 4.0E+03 4.7E+01 _
   1003   108      2 1.0E+00    109  1.7E-05  2.6E-01  5.0632704E-01    1440          146 5.2E+03 4.7E+01 _
   1005   109      2 1.0E+00    110  2.5E-04  2.9E-01  5.0561860E-01    1440          146 6.5E+03 4.7E+01 _
   1008   110      3 1.0E+00    111  3.5E-04  3.0E-01  5.0438928E-01    1440          145 8.1E+03 4.7E+01 _
   1010   111      2 1.0E+00    112  1.0E-03  1.5E-01  5.0305221E-01    1439          146 4.1E+03 4.7E+01 _  R
   1012   112      2 1.0E+00    113  2.0E-06  8.5E-02  5.0248128E-01    1439          145 4.2E+03 4.7E+01 _s
   1013   113      1 4.8E-01    114  6.6E-06  3.6E-01  5.0185852E-01    1439          145 4.2E+03 4.7E+01 _
   1014   114      1 3.4E-01    115  1.1E-05  2.1E-01  5.0156989E-01    1439          145 4.2E+03 4.7E+01 _
   1015   115      1 5.0E-01    116  1.1E-05  2.1E-01  5.0113699E-01    1439          145 4.2E+03 4.7E+01 _
   1016   116      1 1.0E+00    117  1.8E-05  1.0E-01  5.0087450E-01    1439          145 4.2E+03 4.7E+01 _
   1017   117      1 1.0E+00    118  1.3E-05  8.8E-02  5.0054166E-01    1439          145 4.2E+03 4.7E+01 _
   1020   118      3 1.0E+00    119  2.5E-05  1.5E-01  4.9977446E-01    1439          143 4.3E+03 4.7E+01 _
   1021   119      1 4.9E-01    120  2.8E-05  3.5E-01  4.9947485E-01    1439          143 4.7E+03 4.7E+01 _

   Itns Major Minors    Step   nCon Feasible  Optimal  MeritFunction     L+U BSwap     nS condZHZ Penalty
   1023   120      2 1.0E+00    121  1.7E-04  2.1E-01  4.9893080E-01    1439          143 5.4E+03 4.7E+01 _
   1027   121      4 1.0E+00    122  2.3E-04  1.8E-01  4.9740218E-01    1439          140 3.8E+03 4.7E+01 _
   1029   122      2 1.0E+00    123  7.9E-04  1.1E-01  4.9565653E-01    1439          141 4.4E+03 4.7E+01 _  R
   1031   123      2 1.0E+00    124  1.4E-05  8.0E-02  4.9428370E-01    1439          142 4.4E+03 4.7E+01 _s
   1032   124      1 1.0E+00    125  2.8E-05  5.4E-02  4.9404020E-01    1439          142 4.4E+03 4.7E+01 _
   1034   125      2 1.0E+00    126  8.0E-06  6.3E-02  4.9306436E-01    1439          141 4.4E+03 4.7E+01 _
   1035   126      1 1.0E+00    127  5.2E-05  1.5E-01  4.9270307E-01    1439          141 4.4E+03 4.7E+01 _
   1036   127      1 1.0E+00    128  7.3E-06  9.0E-02  4.9193622E-01    1439          141 4.7E+03 4.7E+01 _
   1038   128      2 1.0E+00    129  1.1E-04  1.1E-01  4.9097441E-01    1455          140 5.0E+03 4.7E+01 _
   1040   129      2 1.0E+00    130  7.0E-05  2.6E-01  4.8993652E-01    1476          139 5.4E+03 4.7E+01 _
   1041   130      1 5.0E-01    131  1.7E-04  2.5E-01  4.8886595E-01    1482          139 5.5E+03 4.7E+01 _
   1046   131      5 1.0E+00    132  4.0E-04  5.1E-01  4.8726432E-01    1482          141 4.5E+03 4.7E+01 _
   1049   132      3 1.0E+00    133  8.1E-04  4.4E-01  4.8422062E-01     943    33    141 3.8E+03 4.7E+01 _
   1050   133      1 1.0E+00    134  7.9E-05  2.7E-01  4.7958536E-01     936          141 2.8E+03 4.7E+01 _  R
   1052   134      2 1.0E+00    135  2.1E-05  1.2E-01  4.7827384E-01     952          140 2.8E+03 4.7E+01 _s
   1054   135      2 1.0E+00    136  2.4E-04  1.7E-01  4.7716098E-01     926          139 3.2E+03 4.7E+01 _
   1058   136      4 1.0E+00    137  5.5E-04  1.9E-01  4.7538421E-01     986          136 3.0E+03 4.7E+01 _
   1060   137      2 1.0E+00    138  2.6E-04  1.7E-01  4.7263870E-01     995     9    137 2.4E+03 4.7E+01 _
   1064   138      4 1.0E+00    139  5.2E-04  1.8E-01  4.6832872E-01    1052          136 3.3E+03 4.7E+01 _
   1066   139      2 1.0E+00    140  6.0E-04  1.5E-01  4.6470872E-01    1037          135 3.3E+03 4.7E+01 _

   Itns Major Minors    Step   nCon Feasible  Optimal  MeritFunction     L+U BSwap     nS condZHZ Penalty
   1069   140      3 3.5E-01    141  1.0E-03  1.9E-01  4.6155104E-01    1054          135 3.9E+03 4.7E+01 _
   1070   141      1 3.5E-01    142  1.3E-03  7.5E-02  4.5887829E-01    1000    12    135 2.4E+03 4.7E+01 _
   1073   142      3 1.0E+00    143  3.2E-03  2.3E-01  4.5535280E-01    1029          133 2.5E+03 4.7E+01 _
   1074   143      1 1.0E+00    144  1.8E-04  8.1E-02  4.5276190E-01    1052     5    133 2.6E+03 4.7E+01 _
   1075   144      1 1.0E+00    145  1.1E-05  1.3E-01  4.5225007E-01    1052          133 2.7E+03 4.7E+01 _  R
   1076   145      1 1.0E+00    146  3.1E-06  6.6E-02  4.5185183E-01    1052          133 2.7E+03 4.7E+01 _s
   1077   146      1 1.0E+00    147  4.8E-06  1.0E-01  4.5153327E-01    1052          133 2.7E+03 4.7E+01 _
   1079   147      2 1.0E+00    148  6.0E-05  1.5E-01  4.5117542E-01    1064          132 2.7E+03 4.7E+01 _
   1082   148      3 3.7E-01    149  4.2E-05  3.1E-01  4.5087190E-01    1099          132 2.7E+03 4.7E+01 _
   1084   149      2 4.1E-01    150  3.2E-05  1.2E-01  4.5059863E-01    1090          131 2.7E+03 4.7E+01 _
   1085   150      1 1.0E+00    151  2.0E-05  1.6E-01  4.5045874E-01    1090          131 2.8E+03 4.7E+01 _
   1087   151      2 1.0E+00    152  4.3E-05  1.9E-01  4.4974849E-01    1110          130 2.9E+03 4.7E+01 _
   1088   152      1 1.0E+00    153  1.8E-05  1.8E-01  4.4956703E-01    1110          130 3.5E+03 4.7E+01 _
   1089   153      1 1.0E+00    154  5.5E-05  1.6E-01  4.4922843E-01    1110          130 3.7E+03 4.7E+01 _
   1090   154      1 1.0E+00    155  4.7E-06  7.1E-02  4.4891254E-01    1110          130 3.9E+03 4.7E+01 _
   1091   155      1 1.0E+00    156  1.2E-05  9.2E-02  4.4852924E-01    1110          130 2.7E+03 4.7E+01 _  R
   1092   156      1 1.0E+00    157  3.4E-06  9.5E-02  4.4850751E-01    1110          130 2.7E+03 4.7E+01 _s
   1093   157      1 1.0E+00    158  1.1E-06  8.0E-02  4.4840278E-01    1110          130 2.7E+03 4.7E+01 _
   1094   158      1 1.0E+00    159 (9.6E-07) 4.5E-02  4.4831340E-01    1110          130 2.7E+03 4.7E+01 _
   1095   159      1 1.0E+00    160 (5.6E-07) 5.9E-02  4.4822186E-01    1110          130 2.7E+03 4.7E+01 _

   Itns Major Minors    Step   nCon Feasible  Optimal  MeritFunction     L+U BSwap     nS condZHZ Penalty
   1096   160      1 1.0E+00    161  5.4E-06  1.2E-01  4.4819341E-01    1110          130 2.7E+03 4.7E+01 _
   1097   161      1 1.0E+00    162  2.6E-06  1.3E-01  4.4814448E-01    1110          130 2.7E+03 4.7E+01 _
   1098   162      1 5.0E-01    163  2.4E-06  6.8E-02  4.4805296E-01    1110          130 2.7E+03 4.7E+01 _
   1099   163      1 4.8E-01    164  1.5E-06  1.8E-01  4.4799675E-01    1110          130 3.0E+03 4.7E+01 _
   1100   164      1 2.9E-01    165  2.5E-06  2.3E-01  4.4794386E-01    1110          130 4.8E+03 4.7E+01 _
   1101   165      1 2.3E-01    166  3.4E-06  1.3E-01  4.4789828E-01    1110          130 9.1E+03 4.7E+01 _
   1102   166      1 1.3E-01    167  4.8E-06  3.0E-01  4.4784260E-01    1111     2    130 8.0E+03 4.7E+01 _  R
   1103   167      1 4.1E-01    168  2.9E-06  1.3E-01  4.4780196E-01    1111          130 7.9E+03 4.7E+01 _s
   1104   168      1 1.0E+00    169 (2.1E-07) 8.1E-02  4.4778210E-01    1111          130 7.9E+03 4.7E+01 _
   1105   169      1 1.0E+00    170 (2.6E-07) 1.4E-01  4.4777841E-01    1111          130 7.9E+03 4.7E+01 _
   1106   170      1 1.0E+00    171 (1.6E-07) 1.6E-01  4.4775633E-01    1111          130 7.9E+03 4.7E+01 _
   1107   171      1 1.0E+00    172 (2.4E-07) 5.7E-02  4.4774312E-01    1111          130 7.9E+03 4.7E+01 _
   1108   172      1 1.0E+00    173 (1.6E-07) 9.2E-02  4.4773576E-01    1111          130 7.9E+03 4.7E+01 _
   1109   173      1 4.6E-01    174 (2.0E-07) 1.4E-01  4.4772021E-01    1111          130 7.9E+03 4.7E+01 _
   1110   174      1 4.2E-01    175 (2.0E-07) 9.5E-02  4.4770225E-01    1111          130 7.9E+03 4.7E+01 _
   1111   175      1 2.5E-01    176 (2.4E-07) 1.5E-01  4.4769019E-01    1112     3    130 8.5E+03 4.7E+01 _
   1112   176      1 3.1E-01    177 (2.3E-07) 3.4E-01  4.4767170E-01    1112          130 9.4E+03 4.7E+01 _
   1113   177      1 3.9E-01    178 (4.2E-07) 3.3E-01  4.4767064E-01    1112          130 8.9E+03 4.7E+01 _  R
   1114   178      1 1.0E+00    179 (5.8E-07) 1.0E-01  4.4765074E-01    1112          130 8.9E+03 4.7E+01 _s
   1115   179      1 1.0E+00    180 (5.2E-08) 5.1E-02  4.4763283E-01    1112          130 8.9E+03 4.7E+01 _

   Itns Major Minors    Step   nCon Feasible  Optimal  MeritFunction     L+U BSwap     nS condZHZ Penalty
   1116   180      1 1.0E+00    181 (5.3E-08) 1.5E-01  4.4762219E-01    1112          130 8.8E+03 4.7E+01 _
   1117   181      1 1.0E+00    182 (7.1E-08) 1.3E-01  4.4760761E-01    1112          130 8.8E+03 4.7E+01 _
   1118   182      1 1.0E+00    183 (1.6E-07) 1.2E-01  4.4760539E-01    1112          130 8.8E+03 4.7E+01 _
   1119   183      1 1.0E+00    184 (1.7E-07) 8.0E-02  4.4758273E-01    1112          130 9.6E+03 4.7E+01 _
   1120   184      1 1.0E+00    185 (8.6E-07) 3.0E-01  4.4755899E-01    1112          130 1.2E+04 4.7E+01 _
   1121   185      1 1.1E-01    186 (7.8E-07) 3.0E-01  4.4755019E-01    1112     5    130 1.1E+04 4.7E+01 _
   1122   186      1 7.0E-03    187 (7.8E-07) 3.0E-01  4.4754570E-01    1112          130 1.5E+04 4.7E+01 _
   1123   187      1 2.7E-03    188 (7.8E-07) 3.3E-01  4.4754238E-01    1112          130 1.1E+04 4.7E+01 _
   1124   188      1 4.4E-04    189 (7.8E-07) 3.2E-01  4.4754199E-01    1112          130 8.0E+03 4.7E+01 _  R
   1125   189      1 1.0E+00    190 (3.1E-07) 1.4E-01  4.4751764E-01    1112          130 8.2E+03 4.7E+01 _s
   1126   190      1 1.2E-02    191 (3.3E-07) 1.4E-01  4.4751764E-01    1112          130 8.1E+03 4.7E+01 _
   1127   191      1 1.0E+00    192 (2.8E-08) 6.1E-02  4.4750876E-01    1112          130 8.5E+03 4.7E+01 _
   1128   192      1 1.0E+00    193 (9.9E-08) 1.4E-01  4.4749727E-01    1112          130 8.8E+03 4.7E+01 _
   1129   193      1 1.0E+00    194 (5.4E-08) 1.2E-01  4.4749023E-01    1112          130 8.4E+03 4.7E+01 _
   1130   194      1 4.1E-01    195 (1.2E-07) 1.5E-01  4.4748405E-01    1114     4    130 8.0E+03 4.7E+01 _
   1131   195      1 1.0E+00    196 (1.7E-07) 1.3E-01  4.4747697E-01    1114          130 8.0E+03 4.7E+01 _
   1132   196      1 5.3E-02    197 (1.6E-07) 1.2E-01  4.4747516E-01    1114          130 9.1E+03 4.7E+01 _
   1134   197      2 1.5E-02    198 (1.6E-07) 1.1E-01  4.4747207E-01    1114          131 1.5E+04 4.7E+01 _
   1136   198      2 8.0E-03    199 (1.9E-07) 1.1E-01  4.4746476E-01    1114          130 1.3E+04 4.7E+01 _
   1137   199      1 8.1E-03    200 (2.1E-07) 1.1E-01  4.4745857E-01    1114          130 8.2E+03 4.7E+01 _  R

   Itns Major Minors    Step   nCon Feasible  Optimal  MeritFunction     L+U BSwap     nS condZHZ Penalty
   1138   200      1 1.0E+00    201 (8.1E-08) 7.3E-02  4.4745028E-01    1114          130 8.3E+03 4.7E+01 _s
   1139   201      1 2.6E-01    202 (8.9E-08) 7.5E-02  4.4744871E-01    1114          130 8.3E+03 4.7E+01 _
   1140   202      1 1.0E+00    203 (9.3E-08) 1.0E-01  4.4744767E-01    1114          130 8.3E+03 4.7E+01 _
   1141   203      1 1.0E+00    204 (2.7E-08) 7.5E-02  4.4743986E-01    1109     5    130 8.4E+03 4.7E+01 _
   1142   204      1 1.0E+00    205 (2.4E-08) 1.3E-01  4.4743547E-01    1109          130 8.4E+03 4.7E+01 _
   1143   205      1 1.0E+00    206 (1.8E-08) 6.0E-02  4.4742974E-01    1109          130 9.1E+03 4.7E+01 _
   1144   206      1 8.8E-02    207 (2.2E-08) 6.5E-02  4.4742695E-01    1109          130 1.2E+04 4.7E+01 _
   1145   207      1 5.2E-02    208 (4.9E-08) 8.9E-02  4.4742102E-01    1109          130 1.3E+04 4.7E+01 _
   1146   208      1 5.2E-03    209 (5.0E-08) 1.3E-01  4.4742049E-01    1109          130 1.3E+04 4.7E+01 _
   1147   209      1 2.9E-02    210 (8.2E-08) 2.3E-01  4.4741573E-01    1109          130 1.1E+04 4.7E+01 _
   1148   210      1 4.4E-02    211 (8.3E-08) 3.1E-01  4.4741456E-01    1109          130 1.8E+04 4.7E+01 _  R
   1149   211      1 1.0E+00    212 (9.5E-08) 7.5E-02  4.4741068E-01    1109          130 1.7E+04 4.7E+01 _s
   1150   212      1 1.0E+00    213 (2.5E-08) 1.6E-01  4.4740992E-01    1109          130 1.6E+04 4.7E+01 _
   1151   213      1 1.0E+00    214 (1.6E-08) 8.7E-02  4.4740612E-01    1113     2    130 1.7E+04 4.7E+01 _
   1152   214      1 1.0E+00    215 (3.5E-08) 1.2E-01  4.4740189E-01    1113          130 2.1E+04 4.7E+01 _
   1153   215      1 1.0E+00    216 (5.5E-08) 2.3E-01  4.4740008E-01    1113          130 2.6E+04 4.7E+01 _
   1154   216      1 4.0E-01    217 (4.9E-08) 9.2E-02  4.4739414E-01    1113          130 3.3E+04 4.7E+01 _
   1155   217      1 3.5E-02    218 (4.8E-08) 9.0E-02  4.4739394E-01    1113          130 5.0E+04 4.7E+01 _
   1156   218      1 1.0E-01    219 (1.0E-07) 1.5E-01  4.4738922E-01    1113          130 3.6E+04 4.7E+01 _
   1157   219      1 2.5E-01    220 (1.1E-07) 2.1E-01  4.4738854E-01    1113          130 3.7E+04 4.7E+01 _

   Itns Major Minors    Step   nCon Feasible  Optimal  MeritFunction     L+U BSwap     nS condZHZ Penalty
   1158   220      1 1.0E+00    221 (8.2E-07) 2.1E-01  4.4737747E-01    1113          130 5.3E+04 4.7E+01 _
   1159   221      1 1.0E+00    222  1.9E-06  1.0E-01  4.4736382E-01    1113          130 1.6E+04 4.7E+01 _  R
   1160   222      1 1.0E+00    223 (8.6E-09) 9.1E-02  4.4734860E-01    1113          130 1.6E+04 4.7E+01 _s
   1161   223      1 3.7E-01    224 (2.5E-07) 8.7E-02  4.4733885E-01    1113          130 1.6E+04 4.7E+01 _
   1162   224      1 1.0E+00    225 (1.1E-07) 1.5E-01  4.4733057E-01    1113          130 1.6E+04 4.7E+01 _
   1163   225      1 1.0E+00    226 (2.5E-07) 1.0E-01  4.4732607E-01    1113          130 1.6E+04 4.7E+01 _
   1164   226      1 1.0E+00    227 (1.7E-07) 2.3E-01  4.4732162E-01    1113          130 1.8E+04 4.7E+01 _
   1165   227      1 1.0E+00    228 (2.4E-07) 1.6E-01  4.4731043E-01    1113          130 1.9E+04 4.7E+01 _
   1166   228      1 1.0E+00    229 (2.8E-07) 5.4E-02  4.4728638E-01    1113          130 2.8E+04 4.7E+01 _
   1167   229      1 3.2E-01    230 (4.5E-07) 1.5E-01  4.4728051E-01    1113          130 4.4E+04 4.7E+01 _
   1168   230      1 3.0E-01    231  1.2E-06  1.8E-01  4.4727689E-01    1113          130 4.1E+04 4.7E+01 _
   1169   231      1 1.0E+00    232  3.1E-06  1.3E-01  4.4724234E-01    1113          130 8.1E+04 4.7E+01 _
   1170   232      1 1.9E-02    233  3.1E-06  1.2E-01  4.4724009E-01    1113          130 2.6E+04 4.7E+01 _  R
   1171   233      1 1.0E+00    234 (1.8E-07) 1.9E-01  4.4723209E-01    1113          130 2.6E+04 4.7E+01 _s
   1172   234      1 8.6E-02    235 (1.8E-07) 1.8E-01  4.4723113E-01    1113          130 2.6E+04 4.7E+01 _
   1173   235      1 1.2E-01    236 (1.6E-07) 1.4E-01  4.4722902E-01    1113          130 2.6E+04 4.7E+01 _
   1174   236      1 1.8E-01    237 (2.0E-07) 1.0E-01  4.4722460E-01    1113          130 2.6E+04 4.7E+01 _
   1175   237      1 1.0E+00    238 (2.8E-08) 6.9E-02  4.4721989E-01    1113          130 2.7E+04 4.7E+01 _
   1176   238      1 1.0E+00    239 (1.2E-07) 1.0E-01  4.4721725E-01    1113          130 2.7E+04 4.7E+01 _
   1177   239      1 1.0E+00    240 (1.8E-07) 1.2E-01  4.4721126E-01    1113          130 3.0E+04 4.7E+01 _

   Itns Major Minors    Step   nCon Feasible  Optimal  MeritFunction     L+U BSwap     nS condZHZ Penalty
   1178   240      1 5.0E-01    241 (1.8E-07) 9.0E-02  4.4720615E-01    1113          130 3.6E+04 4.7E+01 _
   1179   241      1 1.3E-01    242 (1.9E-07) 2.7E-01  4.4720479E-01    1113          130 3.9E+04 4.7E+01 _
   1180   242      1 1.5E-01    243 (2.5E-07) 1.4E-01  4.4720292E-01    1113          130 3.9E+04 4.7E+01 _
   1181   243      1 1.0E+00    244  1.6E-06  2.0E-01  4.4719235E-01    1113          130 5.6E+04 4.7E+01 _  R
   1182   244      1 1.0E+00    245 (1.9E-07) 1.2E-01  4.4719050E-01    1113          130 5.6E+04 4.7E+01 _s
   1183   245      1 1.0E+00    246 (3.5E-08) 5.0E-02  4.4718430E-01    1113          130 5.5E+04 4.7E+01 _
   1184   246      1 1.0E+00    247 (2.6E-08) 9.7E-02  4.4718200E-01    1113          130 5.5E+04 4.7E+01 _
   1185   247      1 1.0E+00    248 (7.6E-08) 1.3E-01  4.4718090E-01    1113          130 5.8E+04 4.7E+01 _
   1186   248      1 1.0E+00    249 (7.3E-08) 7.8E-02  4.4717773E-01    1113          130 6.7E+04 4.7E+01 _
   1187   249      1 1.0E+00    250 (6.9E-07) 2.3E-01  4.4717492E-01    1113          130 7.1E+04 4.7E+01 _
   1188   250      1 1.0E+00    251 (5.7E-08) 1.4E-01  4.4717093E-01    1113          130 7.6E+04 4.7E+01 _
   1189   251      1 1.0E+00    252 (6.3E-07) 1.1E-01  4.4716463E-01    1113          130 1.2E+05 4.7E+01 _
   1190   252      1 1.0E+00    253  4.8E-06  2.5E-01  4.4715405E-01    1113          130 2.5E+05 4.7E+01 _
   1192   253      2 2.5E-01    254  5.1E-06  1.3E-01  4.4714717E-01    1113          130 6.4E+05 4.7E+01 _
   1194   254      2 1.2E-01    255  7.5E-06  1.8E-01  4.4714149E-01    1113          130 5.8E+04 4.7E+01 _  R
   1195   255      1 1.0E+00    256 (3.4E-07) 6.4E-02  4.4713590E-01    1113          130 5.8E+04 4.7E+01 _s
   1196   256      1 1.0E+00    257 (2.6E-08) 6.5E-02  4.4712838E-01    1113          130 5.8E+04 4.7E+01 _
   1197   257      1 1.0E+00    258 (4.6E-08) 8.3E-02  4.4712617E-01    1113          130 5.8E+04 4.7E+01 _
   1198   258      1 1.0E+00    259 (1.8E-08) 7.4E-02  4.4712347E-01    1113          130 5.8E+04 4.7E+01 _
   1199   259      1 1.0E+00    260 (2.1E-07) 8.6E-02  4.4712212E-01    1113          130 5.8E+04 4.7E+01 _

   Itns Major Minors    Step   nCon Feasible  Optimal  MeritFunction     L+U BSwap     nS condZHZ Penalty
   1200   260      1 1.0E+00    261 (2.7E-08) 8.0E-02  4.4711977E-01    1113          130 5.8E+04 4.7E+01 _
   1201   261      1 4.6E-01    262 (9.0E-08) 9.4E-02  4.4711767E-01    1113          130 5.8E+04 4.7E+01 _
   1202   262      1 4.7E-01    263 (1.6E-07) 1.9E-01  4.4711605E-01    1113          130 6.0E+04 4.7E+01 _
   1203   263      1 4.6E-01    264 (2.7E-07) 9.4E-02  4.4711466E-01    1113          130 6.0E+04 4.7E+01 _
   1204   264      1 1.0E+00    265 (6.5E-07) 2.0E-01  4.4711314E-01    1113          130 6.2E+04 4.7E+01 _
   1205   265      1 1.0E+00    266 (5.2E-07) 1.3E-01  4.4710591E-01    1113          130 5.9E+04 4.7E+01 _  R
   1206   266      1 1.0E+00    267 (1.3E-08) 3.1E-02  4.4710291E-01    1113          130 5.9E+04 4.7E+01 _s
   1207   267      1 1.0E+00    268 (4.1E-08) 1.0E-01  4.4710059E-01    1113          130 5.9E+04 4.7E+01 _
   1208   268      1 1.0E+00    269 (3.0E-07) 1.1E-01  4.4709953E-01    1113          130 5.9E+04 4.7E+01 _
   1209   269      1 1.0E+00    270 (3.2E-08) 8.9E-02  4.4709499E-01    1113          130 5.9E+04 4.7E+01 _
   1210   270      1 1.0E+00    271 (4.6E-07) 1.1E-01  4.4709183E-01    1113          130 5.9E+04 4.7E+01 _
   1211   271      1 1.0E+00    272 (5.9E-07) 6.2E-02  4.4708430E-01    1113          130 7.4E+04 4.7E+01 _
   1212   272      1 3.0E-02    273 (6.1E-07) 5.9E-02  4.4708275E-01    1113          130 9.0E+04 4.7E+01 _
   1213   273      1 2.1E-02    274 (6.4E-07) 5.7E-02  4.4708106E-01    1113          130 8.5E+04 4.7E+01 _
   1214   274      1 2.3E-02    275 (6.7E-07) 5.7E-02  4.4707928E-01    1113          130 1.2E+05 4.7E+01 _
   1215   275      1 1.8E-02    276 (7.7E-07) 5.9E-02  4.4707678E-01    1113          130 9.2E+04 4.7E+01 _
   1216   276      1 2.0E-02    277 (7.9E-07) 7.9E-02  4.4707516E-01    1113          130 6.0E+04 4.7E+01 _  R
   1217   277      1 1.0E+00    278 (1.3E-08) 4.5E-02  4.4707207E-01    1113          130 5.9E+04 4.7E+01 _s
   1218   278      1 3.1E-01    279 (7.8E-08) 7.4E-02  4.4706967E-01    1113          130 5.9E+04 4.7E+01 _
   1219   279      1 1.0E+00    280 (2.4E-07) 1.0E-01  4.4706588E-01    1113          130 5.9E+04 4.7E+01 _

   Itns Major Minors    Step   nCon Feasible  Optimal  MeritFunction     L+U BSwap     nS condZHZ Penalty
   1220   280      1 4.6E-02    281 (2.3E-07) 1.0E-01  4.4706526E-01    1113          130 5.8E+04 4.7E+01 _
   1221   281      1 2.8E-02    282 (2.8E-07) 1.0E-01  4.4706227E-01    1113          130 6.0E+04 4.7E+01 _
   1222   282      1 4.5E-03    283 (2.9E-07) 9.9E-02  4.4706143E-01    1113          130 5.9E+04 4.7E+01 _
   1223   283      1 5.7E-03    284 (2.9E-07) 9.9E-02  4.4706102E-01    1113          130 5.9E+04 4.7E+01 _
   1224   284      1 1.7E-03    285 (2.9E-07) 9.9E-02  4.4706095E-01    1113          130 6.1E+04 4.7E+01 _
   1225   285      1 3.2E-02    286 (2.8E-07) 9.6E-02  4.4706044E-01    1113          130 6.3E+04 4.7E+01 _
   1226   286      1 2.5E-02    287 (2.7E-07) 9.5E-02  4.4706020E-01    1113          130 1.3E+05 4.7E+01 _
   1227   287      1 7.0E-02    288 (3.2E-07) 6.9E-02  4.4705983E-01    1113          130 2.2E+05 4.7E+01 _  R
   1228   288      1 1.0E+00    289 (6.4E-08) 6.2E-02  4.4705878E-01    1113          130 2.2E+05 4.7E+01 _s
   1229   289      1 2.8E-01    290 (5.8E-08) 5.9E-02  4.4705847E-01    1113          130 2.1E+05 4.7E+01 _
   1230   290      1 4.2E-01    291 (1.4E-07) 6.5E-02  4.4705788E-01    1113          130 2.2E+05 4.7E+01 _
   1231   291      1 1.0E+00    292 (2.3E-07) 8.4E-02  4.4705690E-01    1113          130 2.2E+05 4.7E+01 _
   1232   292      1 1.0E-01    293 (2.6E-07) 6.9E-02  4.4705660E-01    1113          130 2.2E+05 4.7E+01 _
   1233   293      1 1.5E-01    294 (3.5E-07) 8.4E-02  4.4705617E-01    1113          130 2.3E+05 4.7E+01 _
   1234   294      1 1.7E-01    295 (3.7E-07) 6.9E-02  4.4705573E-01    1113          130 2.5E+05 4.7E+01 _
   1235   295      1 1.5E-01    296  1.0E-06  6.3E-02  4.4705446E-01    1113          130 2.7E+05 4.7E+01 _
   1236   296      1 9.2E-02    297  1.4E-06  1.5E-01  4.4705388E-01    1113          130 2.6E+05 4.7E+01 _
   1237   297      1 2.5E-01    298  2.1E-06  1.4E-01  4.4705229E-01    1113          130 3.2E+05 4.7E+01 _
   1238   298      1 5.0E-02    299  2.5E-06  1.2E-01  4.4705137E-01    1113          130 2.2E+05 4.7E+01 _  R
   1239   299      1 1.0E+00    300 (5.9E-08) 4.4E-02  4.4705101E-01    1113          130 2.2E+05 4.7E+01 _s

   Itns Major Minors    Step   nCon Feasible  Optimal  MeritFunction     L+U BSwap     nS condZHZ Penalty
   1240   300      1 1.0E+00    301 (5.4E-08) 1.1E-01  4.4705061E-01    1113          130 2.2E+05 4.7E+01 _
   1241   301      1 1.0E+00    302 (1.7E-07) 6.0E-02  4.4705012E-01    1113          130 2.2E+05 4.7E+01 _
   1242   302      1 1.0E+00    303 (6.5E-08) 2.5E-02  4.4704930E-01    1113          130 2.2E+05 4.7E+01 _
   1243   303      1 1.0E+00    304 (2.5E-07) 6.7E-02  4.4704888E-01    1113          130 2.8E+05 4.7E+01 _
   1244   304      1 4.4E-01    305 (6.1E-07) 1.3E-01  4.4704829E-01    1113          130 3.2E+05 4.7E+01 _
   1245   305      1 1.0E+00    306  1.3E-05  2.0E-01  4.4704806E-01    1113          130 3.5E+05 4.7E+01 _
   1247   306      2 1.0E+00    307  9.8E-05  1.8E-01  4.4704394E-01    1113          130 3.6E+05 4.7E+01 _
   1251   307      4 1.0E+00    308  6.5E-05  8.0E-02  4.4703352E-01    1113          132 3.7E+05 4.7E+01 _
   1252   308      1 1.9E-01    309  5.9E-05  1.2E-01  4.4703262E-01    1113          132 3.7E+05 4.7E+01 _
   1253   309      1 1.0E+00    310  1.6E-04  1.7E-01  4.4703091E-01    1113          132 3.3E+05 4.7E+01 _  R
   1254   310      1 1.0E+00    311 (1.0E-07) 9.3E-02  4.4701933E-01    1113          132 3.3E+05 4.7E+01 _s
   1255   311      1 1.0E+00    312 (2.3E-08) 6.3E-02  4.4701827E-01    1113          132 3.2E+05 4.7E+01 _
   1256   312      1 1.0E+00    313 (9.4E-08) 8.1E-02  4.4701697E-01    1113          132 3.2E+05 4.7E+01 _
   1257   313      1 1.0E+00    314 (6.0E-07) 1.4E-01  4.4701528E-01    1113          132 3.2E+05 4.7E+01 _
   1258   314      1 1.0E+00    315 (3.9E-07) 7.8E-02  4.4701399E-01    1113          132 3.2E+05 4.7E+01 _
   1259   315      1 1.0E+00    316 (1.2E-07) 7.0E-02  4.4701346E-01    1065     9    132 2.3E+05 4.7E+01 _
   1260   316      1 1.0E+00    317 (2.8E-08) 4.4E-02  4.4701294E-01    1065          132 2.4E+05 4.7E+01 _
   1261   317      1 1.0E+00    318 (6.3E-07) 4.0E-02  4.4701178E-01    1065          132 2.5E+05 4.7E+01 _
   1262   318      1 3.1E-01    319 (7.5E-07) 8.4E-02  4.4701121E-01    1065          132 2.6E+05 4.7E+01 _
   1263   319      1 2.4E-01    320 (8.8E-07) 9.9E-02  4.4701109E-01    1065          132 2.6E+05 4.7E+01 _

   Itns Major Minors    Step   nCon Feasible  Optimal  MeritFunction     L+U BSwap     nS condZHZ Penalty
   1264   320      1 5.0E-01    321  1.4E-06  1.3E-01  4.4701057E-01    1065          132 2.3E+05 4.7E+01 _  R
   1265   321      1 1.0E+00    322 (2.2E-08) 9.0E-02  4.4700946E-01    1065          132 2.3E+05 4.7E+01 _s
   1266   322      1 1.0E+00    323 (1.7E-07) 8.0E-02  4.4700937E-01    1065          132 2.3E+05 4.7E+01 _
   1267   323      1 1.0E+00    324 (4.1E-08) 3.4E-02  4.4700880E-01    1065          132 2.4E+05 4.7E+01 _
   1268   324      1 1.0E+00    325 (4.6E-08) 3.4E-02  4.4700846E-01    1062     5    132 2.6E+05 4.7E+01 _
   1269   325      1 1.0E+00    326  1.3E-06  7.3E-02  4.4700752E-01    1062          132 2.7E+05 4.7E+01 _
   1270   326      1 1.0E+00    327  1.4E-06  1.1E-01  4.4700663E-01    1062          132 2.8E+05 4.7E+01 _
   1272   327      2 1.0E+00    328  1.2E-05  7.6E-02  4.4700377E-01    1078          131 2.8E+05 4.7E+01 _
   1274   328      2 1.0E+00    329  5.4E-05  1.8E-01  4.4700283E-01    1075          132 2.9E+05 4.7E+01 _
   1276   329      2 1.0E+00    330 (2.6E-07) 6.6E-02  4.4699888E-01    1075          131 3.0E+05 4.7E+01 _
   1278   330      2 1.0E+00    331  1.2E-05  8.8E-02  4.4699695E-01    1075          131 3.1E+05 4.7E+01 _
   1280   331      2 1.0E+00    332  7.1E-05  8.5E-02  4.4699197E-01    1075          132 2.3E+05 4.7E+01 _  R
   1281   332      1 1.0E+00    333 (1.5E-08) 5.1E-02  4.4698834E-01    1075          132 2.3E+05 4.7E+01 _s
   1282   333      1 1.0E+00    334 (2.9E-07) 1.5E-01  4.4698725E-01    1075          132 2.3E+05 4.7E+01 _
   1283   334      1 1.0E+00    335 (1.6E-07) 1.2E-01  4.4698662E-01    1079     7    132 4.5E+05 4.7E+01 _
   1284   335      1 1.0E+00    336 (9.9E-08) 5.8E-02  4.4698587E-01    1079          132 4.6E+05 4.7E+01 _
   1285   336      1 1.0E+00    337 (1.1E-07) 4.4E-02  4.4698541E-01    1079          132 5.3E+05 4.7E+01 _
   1286   337      1 1.0E+00    338 (3.3E-07) 3.7E-02  4.4698461E-01    1079          132 7.7E+05 4.7E+01 _
   1287   338      1 1.0E+00    339  2.4E-06  8.9E-02  4.4698373E-01    1079          132 1.3E+06 4.7E+01 _
   1288   339      1 1.0E+00    340  1.3E-05  9.1E-02  4.4698103E-01    1079          132 2.0E+06 4.7E+01 _

   Itns Major Minors    Step   nCon Feasible  Optimal  MeritFunction     L+U BSwap     nS condZHZ Penalty
   1289   340      1 2.2E-01    341  1.9E-05  9.0E-02  4.4697974E-01    1079          132 1.7E+06 4.7E+01 _
   1290   341      1 1.0E+00    342  2.1E-05  7.5E-02  4.4697502E-01    1079          132 2.0E+06 4.7E+01 _
   1291   342      1 1.0E+00    343  2.2E-04  1.5E-01  4.4697482E-01    1079          132 4.4E+05 4.7E+01 _  R
   1292   343      1 1.0E+00    344 (2.0E-07) 7.7E-02  4.4696347E-01    1039     4    132 3.5E+05 4.7E+01 _s
   1293   344      1 1.0E+00    345 (2.0E-08) 4.7E-02  4.4696173E-01    1039          132 3.5E+05 4.7E+01 _
   1294   345      1 1.0E+00    346 (1.4E-07) 5.7E-02  4.4696035E-01    1039          132 3.6E+05 4.7E+01 _
   1295   346      1 1.0E+00    347 (3.2E-08) 2.1E-02  4.4695983E-01    1039          132 3.7E+05 4.7E+01 _
   1296   347      1 1.0E+00    348 (2.1E-07) 1.0E-01  4.4695943E-01    1039          132 4.3E+05 4.7E+01 _
   1297   348      1 1.0E+00    349 (2.4E-07) 2.9E-02  4.4695897E-01    1039          132 5.3E+05 4.7E+01 _
   1298   349      1 1.0E+00    350 (8.2E-07) 4.2E-02  4.4695837E-01    1039          132 6.4E+05 4.7E+01 _
   1299   350      1 1.0E+00    351  1.1E-06  4.8E-02  4.4695759E-01    1039          132 8.9E+05 4.7E+01 _
   1300   351      1 1.0E+00    352  8.6E-06  5.9E-02  4.4695662E-01    1039          132 9.7E+05 4.7E+01 _
   1301   352      1 1.0E+00    353 (4.2E-08) 3.0E-02  4.4695636E-01    1080     5    132 8.5E+05 4.7E+01 _
   1302   353      1 1.0E+00    354 (1.1E-07) 4.2E-02  4.4695568E-01    1080          132 3.1E+05 4.7E+01 _  R
   1303   354      1 1.0E+00    355 (1.1E-08) 3.3E-02  4.4695531E-01    1080          132 3.4E+05 4.7E+01 _s
   1304   355      1 1.0E+00    356 (3.3E-08) 2.8E-02  4.4695497E-01    1080          132 4.5E+05 4.7E+01 _
   1305   356      1 1.0E+00    357 (7.1E-07) 9.7E-02  4.4695454E-01    1080          132 5.0E+05 4.7E+01 _
   1306   357      1 1.0E+00    358 (2.7E-07) 6.8E-02  4.4695367E-01    1080          132 5.5E+05 4.7E+01 _
   1307   358      1 1.0E+00    359 (5.3E-07) 3.0E-02  4.4695326E-01    1080          132 6.3E+05 4.7E+01 _
   1308   359      1 1.0E+00    360 (7.6E-07) 2.6E-02  4.4695264E-01    1080          132 8.2E+05 4.7E+01 _

   Itns Major Minors    Step   nCon Feasible  Optimal  MeritFunction     L+U BSwap     nS condZHZ Penalty
   1309   360      1 1.0E+00    361  3.5E-06  6.5E-02  4.4695204E-01    1080          132 1.1E+06 4.7E+01 _
   1310   361      1 1.0E+00    362  1.2E-05  1.9E-01  4.4695193E-01    1073     4    132 8.4E+05 4.7E+01 _
   1311   362      1 1.0E+00    363 (3.7E-07) 7.2E-02  4.4695079E-01    1073          132 8.8E+05 4.7E+01 _
   1312   363      1 1.0E+00    364 (2.3E-08) 4.0E-02  4.4694996E-01    1073          132 9.6E+05 4.7E+01 _
   1313   364      1 1.0E+00    365  3.7E-06  3.8E-02  4.4694863E-01    1073          132 3.8E+05 4.7E+01 _  R
   1314   365      1 1.0E+00    366 (4.4E-08) 1.4E-02  4.4694817E-01    1073          132 3.9E+05 4.7E+01 _s
   1315   366      1 1.0E+00    367 (6.6E-07) 5.9E-02  4.4694759E-01    1073          132 4.3E+05 4.7E+01 _
   1316   367      1 1.0E+00    368 (7.2E-07) 4.2E-02  4.4694702E-01    1073          132 5.0E+05 4.7E+01 _
   1317   368      1 1.0E+00    369 (6.7E-07) 5.2E-02  4.4694635E-01    1073          132 6.1E+05 4.7E+01 _
   1318   369      1 1.0E+00    370  4.1E-06  7.8E-02  4.4694627E-01    1073          132 6.7E+05 4.7E+01 _
   1319   370      1 1.0E+00    371 (1.6E-08) 2.9E-02  4.4694523E-01    1081     6    132 3.8E+05 4.7E+01 _
   1320   371      1 1.0E+00    372  1.2E-06  5.0E-02  4.4694485E-01    1081          132 4.0E+05 4.7E+01 _
   1321   372      1 1.0E+00    373  2.1E-06  3.9E-02  4.4694403E-01    1081          132 4.6E+05 4.7E+01 _
   1322   373      1 1.0E+00    374  5.6E-06  6.4E-02  4.4694246E-01    1081          132 4.9E+05 4.7E+01 _
   1324   374      2 4.8E-01    375  4.0E-05  8.4E-02  4.4693887E-01    1081          132 5.0E+05 4.7E+01 _
   1326   375      2 1.7E-01    376  4.5E-05  1.1E-01  4.4693680E-01    1081          132 3.0E+05 4.7E+01 _  R
   1327   376      1 1.0E+00    377 (2.2E-08) 5.2E-02  4.4693572E-01    1081          132 3.0E+05 4.7E+01 _s
   1328   377      1 1.0E+00    378 (1.6E-08) 2.0E-02  4.4693517E-01    1081          132 3.0E+05 4.7E+01 _
   1329   378      1 1.0E+00    379 (5.6E-08) 2.0E-02  4.4693478E-01    1081          132 3.8E+05 4.7E+01 _
   1330   379      1 1.0E+00    380 (1.3E-07) 3.6E-02  4.4693449E-01    1073     4    132 3.0E+05 4.7E+01 _

   Itns Major Minors    Step   nCon Feasible  Optimal  MeritFunction     L+U BSwap     nS condZHZ Penalty
   1331   380      1 1.0E+00    381 (1.9E-07) 3.2E-02  4.4693424E-01    1073          132 3.2E+05 4.7E+01 _
   1332   381      1 1.0E+00    382 (4.0E-08) 3.4E-02  4.4693400E-01    1073          132 3.2E+05 4.7E+01 _
   1333   382      1 1.0E+00    383 (6.4E-08) 2.1E-02  4.4693382E-01    1073          132 3.4E+05 4.7E+01 _
   1334   383      1 1.0E+00    384 (2.0E-07) 2.1E-02  4.4693363E-01    1073          132 3.8E+05 4.7E+01 _
   1335   384      1 3.1E-01    385 (2.2E-07) 2.3E-02  4.4693353E-01    1073          132 4.0E+05 4.7E+01 _
   1336   385      1 1.0E+00    386 (5.6E-07) 2.9E-02  4.4693334E-01    1073          132 4.4E+05 4.7E+01 _
   1337   386      1 1.0E+00    387 (2.8E-07) 4.7E-02  4.4693316E-01    1073          132 3.1E+05 4.7E+01 _  R
   1338   387      1 1.0E+00    388 (2.5E-09) 3.5E-02  4.4693300E-01    1073          132 3.2E+05 4.7E+01 _s
   1339   388      1 1.0E+00    389 (3.7E-09) 4.3E-02  4.4693293E-01    1077     6    132 2.3E+05 4.7E+01 _
   1340   389      1 1.0E+00    390 (7.7E-09) 1.1E-02  4.4693279E-01    1077          132 2.3E+05 4.7E+01 _
   1341   390      1 1.0E+00    391 (2.0E-08) 1.2E-02  4.4693266E-01    1077          132 2.8E+05 4.7E+01 _
   1342   391      1 1.0E+00    392 (1.7E-07) 1.8E-02  4.4693246E-01    1077          132 3.3E+05 4.7E+01 _
   1343   392      1 1.0E+00    393 (2.2E-07) 2.7E-02  4.4693232E-01    1077          132 3.6E+05 4.7E+01 _
   1344   393      1 1.0E+00    394 (2.7E-07) 1.6E-02  4.4693208E-01    1077          132 3.9E+05 4.7E+01 _
   1345   394      1 1.0E+00    395 (5.3E-07) 1.8E-02  4.4693186E-01    1077          132 4.1E+05 4.7E+01 _
   1346   395      1 1.0E+00    396 (2.1E-07) 2.6E-02  4.4693164E-01    1077          132 4.6E+05 4.7E+01 _
   1348   396      2 1.0E+00    397  1.4E-05  1.2E-01  4.4693074E-01    1077          132 4.8E+05 4.7E+01 _
   1350   397      2 7.7E-02    398  1.4E-05  1.5E-01  4.4693032E-01    1072     7    132 2.5E+05 4.7E+01 _  R
   1351   398      1 1.0E+00    399 (2.3E-08) 7.4E-02  4.4693002E-01    1072          132 2.5E+05 4.7E+01 _s
   1352   399      1 1.0E+00    400 (4.7E-09) 3.8E-02  4.4692951E-01    1072          132 2.5E+05 4.7E+01 _

   Itns Major Minors    Step   nCon Feasible  Optimal  MeritFunction     L+U BSwap     nS condZHZ Penalty
   1353   400      1 1.0E+00    401 (8.2E-09) 2.1E-02  4.4692922E-01    1072          132 2.5E+05 4.7E+01 _
   1354   401      1 1.0E+00    402 (1.7E-08) 1.5E-02  4.4692906E-01    1072          132 2.6E+05 4.7E+01 _
   1355   402      1 1.0E+00    403 (5.6E-08) 2.3E-02  4.4692889E-01    1072          132 2.6E+05 4.7E+01 _
   1356   403      1 1.0E+00    404 (4.0E-08) 1.8E-02  4.4692878E-01    1072          132 2.6E+05 4.7E+01 _
   1357   404      1 1.0E+00    405 (2.2E-08) 2.1E-02  4.4692868E-01    1072          132 2.6E+05 4.7E+01 _
   1358   405      1 1.0E+00    406 (2.2E-08) 1.5E-02  4.4692855E-01    1072          132 2.7E+05 4.7E+01 _
   1359   406      1 1.0E+00    407 (1.8E-08) 2.1E-02  4.4692844E-01    1082     5    132 2.5E+05 4.7E+01 _
   1360   407      1 1.0E+00    408 (9.0E-08) 2.4E-02  4.4692828E-01    1082          132 2.6E+05 4.7E+01 _
   1361   408      1 1.0E+00    409 (4.4E-08) 2.9E-02  4.4692813E-01    1082          132 2.3E+05 4.7E+01 _  R
   1362   409      1 1.0E+00    410 (8.0E-10) 1.5E-02  4.4692803E-01    1082          132 2.4E+05 4.7E+01 _s
   1363   410      1 1.0E+00    411 (9.3E-09) 1.6E-02  4.4692794E-01    1082          132 2.7E+05 4.7E+01 _
   1364   411      1 1.0E+00    412 (5.5E-09) 1.3E-02  4.4692786E-01    1082          132 3.8E+05 4.7E+01 _
   1365   412      1 1.0E+00    413 (4.3E-08) 1.7E-02  4.4692774E-01    1082          132 4.9E+05 4.7E+01 _
   1366   413      1 1.0E+00    414 (7.0E-08) 2.1E-02  4.4692760E-01    1082          132 6.7E+05 4.7E+01 _
   1367   414      1 1.0E+00    415 (1.3E-07) 4.2E-02  4.4692745E-01    1082          132 6.8E+05 4.7E+01 _
   1368   415      1 1.0E+00    416 (1.7E-07) 3.1E-02  4.4692717E-01    1073     4    132 5.5E+05 4.7E+01 _
   1369   416      1 1.0E+00    417 (8.5E-07) 3.5E-02  4.4692686E-01    1040          132 5.8E+05 4.7E+01 _
   1370   417      1 1.0E+00    418 (1.6E-07) 9.0E-02  4.4692675E-01    1040          132 5.9E+05 4.7E+01 _
   1371   418      1 1.0E+00    419 (1.1E-07) 2.6E-02  4.4692628E-01    1040          132 5.5E+05 4.7E+01 _
   1372   419      1 1.0E+00    420 (5.1E-07) 2.3E-02  4.4692577E-01    1040          132 5.5E+05 4.7E+01 _  R

   Itns Major Minors    Step   nCon Feasible  Optimal  MeritFunction     L+U BSwap     nS condZHZ Penalty
   1373   420      1 1.0E+00    421 (4.1E-09) 2.8E-02  4.4692562E-01    1040          132 5.9E+05 4.7E+01 _s
   1374   421      1 1.0E+00    422 (1.9E-08) 2.4E-02  4.4692543E-01    1040          132 6.4E+05 4.7E+01 _
   1375   422      1 1.0E+00    423 (2.9E-08) 3.2E-02  4.4692534E-01    1040          132 6.8E+05 4.7E+01 _
   1376   423      1 1.0E+00    424 (5.3E-09) 2.0E-02  4.4692521E-01    1040          132 7.6E+05 4.7E+01 _
   1377   424      1 1.0E+00    425 (5.4E-08) 4.5E-02  4.4692501E-01    1040          132 8.0E+05 4.7E+01 _
   1378   425      1 1.0E+00    426 (8.0E-08) 3.8E-02  4.4692476E-01    1040          132 8.7E+05 4.7E+01 _
   1379   426      1 3.9E-01    427 (6.0E-08) 3.0E-02  4.4692462E-01    1040          132 9.0E+05 4.7E+01 _
   1380   427      1 3.3E-01    428 (4.2E-08) 2.7E-02  4.4692451E-01    1040          132 9.6E+05 4.7E+01 _
   1381   428      1 4.6E-01    429 (3.2E-08) 2.2E-02  4.4692438E-01    1040          132 1.0E+06 4.7E+01 _
   1382   429      1 1.0E+00    430 (1.2E-08) 4.2E-02  4.4692437E-01    1040          132 1.1E+06 4.7E+01 _
   1383   430      1 1.0E+00    431 (5.1E-10) 1.3E-02  4.4692423E-01    1040          132 9.7E+05 4.7E+01 _  R
   1384   431      1 1.0E+00    432 (3.1E-10) 1.6E-02  4.4692419E-01    1040          132 1.3E+06 4.7E+01 _s
   1385   432      1 1.0E+00    433 (1.6E-10) 1.1E-02  4.4692414E-01    1040          132 1.8E+06 4.7E+01 _
   1386   433      1 1.0E+00    434 (2.2E-09) 1.6E-02  4.4692399E-01    1040          132 2.1E+06 4.7E+01 _
   1387   434      1 1.0E+00    435 (2.1E-08) 3.0E-02  4.4692363E-01    1040          132 2.2E+06 4.7E+01 _
   1388   435      1 1.0E+00    436 (4.3E-08) 4.1E-02  4.4692336E-01    1041     5    132 2.0E+06 4.7E+01 _
   1389   436      1 1.0E+00    437 (1.8E-08) 2.1E-02  4.4692316E-01    1041          132 2.2E+06 4.7E+01 _
   1390   437      1 1.0E+00    438 (5.3E-09) 3.1E-02  4.4692300E-01    1041          132 2.5E+06 4.7E+01 _
   1391   438      1 1.0E+00    439 (3.9E-08) 5.6E-02  4.4692267E-01    1041          132 2.6E+06 4.7E+01 _
   1392   439      1 1.0E+00    440 (1.6E-08) 8.3E-02  4.4692234E-01    1041          132 2.7E+06 4.7E+01 _

   Itns Major Minors    Step   nCon Feasible  Optimal  MeritFunction     L+U BSwap     nS condZHZ Penalty
   1393   440      1 1.0E+00    441  2.0E-06  1.2E-01  4.4691957E-01    1041          132 2.7E+06 4.7E+01 _
   1394   441      1 1.0E+00    442  2.7E-06  6.5E-02  4.4691695E-01    1041          132 2.5E+06 4.7E+01 _  R
   1395   442      1 1.0E+00    443 (3.8E-09) 2.4E-02  4.4691689E-01    1038     5    132 2.5E+06 1.9E+03 _s
   1396   443      1 1.0E+00    444 (4.9E-10) 1.7E-02  4.4691676E-01    1038          132 2.5E+06 5.1E+02 _
   1397   444      1 1.0E+00    445 (5.7E-10) 3.6E-02  4.4691661E-01    1038          132 2.5E+06 5.1E+02 _
   1398   445      1 1.0E+00    446 (6.4E-10) 2.6E-02  4.4691649E-01    1038          132 2.5E+06 5.1E+02 _
   1399   446      1 1.0E+00    447 (2.9E-10) 1.9E-02  4.4691641E-01    1038          132 2.5E+06 5.1E+02 _
   1400   447      1 1.0E+00    448 (2.9E-10) 2.4E-02  4.4691635E-01    1038          132 2.4E+06 5.1E+02 _
   1401   448      1 1.0E+00    449 (2.3E-10) 8.8E-03  4.4691632E-01    1038          132 2.5E+06 5.1E+02 _
   1402   449      1 1.0E+00    450 (1.7E-10) 1.8E-02  4.4691629E-01    1038          132 2.5E+06 5.1E+02 _
   1403   450      1 1.0E+00    451 (1.5E-10) 1.8E-02  4.4691623E-01    1038          132 2.4E+06 5.1E+02 _
   1404   451      1 1.0E+00    452 (2.1E-09) 6.1E-02  4.4691614E-01    1042     6    132 2.5E+06 5.1E+02 _
   1405   452      1 1.0E+00    453 (5.0E-10) 1.8E-02  4.4691600E-01    1042          132 2.5E+06 5.1E+02 _  R
   1406   453      1 1.0E+00    454 (3.3E-10) 1.0E-02  4.4691593E-01    1042          132 2.5E+06 5.1E+02 _s
   1407   454      1 1.0E+00    455 (1.0E-10) 8.1E-03  4.4691590E-01    1042          132 2.5E+06 5.1E+02 _
   1408   455      1 1.0E+00    456 (2.3E-10) 7.2E-03  4.4691585E-01    1042          132 2.5E+06 5.1E+02 _
   1409   456      1 1.0E+00    457 (3.8E-10) 1.0E-02  4.4691581E-01    1042          132 2.5E+06 5.1E+02 _
   1410   457      1 1.0E+00    458 (6.1E-10) 1.4E-02  4.4691575E-01    1042          132 2.5E+06 5.1E+02 _
   1411   458      1 1.0E+00    459 (1.4E-09) 1.8E-02  4.4691566E-01    1042          132 2.6E+06 5.1E+02 _
   1412   459      1 1.0E+00    460 (3.0E-09) 2.1E-02  4.4691554E-01    1042          132 2.5E+06 5.1E+02 _

   Itns Major Minors    Step   nCon Feasible  Optimal  MeritFunction     L+U BSwap     nS condZHZ Penalty
   1413   460      1 1.0E+00    461 (1.2E-09) 1.5E-02  4.4691545E-01    1039     3    132 2.6E+06 5.1E+02 _
   1414   461      1 1.0E+00    462 (4.3E-10) 1.4E-02  4.4691538E-01    1039          132 2.6E+06 5.1E+02 _
   1415   462      1 1.0E+00    463 (2.0E-09) 4.3E-02  4.4691536E-01    1039          132 2.6E+06 5.1E+02 _
   1416   463      1 1.0E+00    464 (2.6E-09) 4.2E-02  4.4691535E-01    1039          132 2.6E+06 5.1E+02 _  R
   1417   464      1 1.0E+00    465 (1.6E-09) 3.1E-02  4.4691528E-01    1039          132 2.6E+06 5.1E+02 _s
   1418   465      1 1.0E+00    466 (2.7E-10) 7.4E-03  4.4691522E-01    1039          132 2.6E+06 5.1E+02 _
   1419   466      1 1.0E+00    467 (2.5E-11) 4.9E-03  4.4691520E-01    1039          132 2.6E+06 5.1E+02 _
   1420   467      1 1.0E+00    468 (1.4E-10) 8.8E-03  4.4691517E-01    1039          132 2.6E+06 5.1E+02 _
   1421   468      1 1.0E+00    469 (1.7E-11) 8.7E-03  4.4691516E-01    1039          132 2.5E+06 5.1E+02 _
   1422   469      1 1.0E+00    470 (3.6E-10) 6.2E-03  4.4691512E-01    1077     5    132 2.7E+06 5.1E+02 _
   1423   470      1 1.0E+00    471 (8.0E-11) 7.4E-03  4.4691510E-01    1077          132 2.7E+06 5.1E+02 _
   1424   471      1 1.0E+00    472 (1.5E-10) 6.8E-03  4.4691508E-01    1077          132 2.7E+06 5.1E+02 _
   1425   472      1 1.0E+00    473 (1.7E-10) 6.8E-03  4.4691505E-01    1077          132 2.7E+06 5.1E+02 _
   1426   473      1 1.0E+00    474 (2.7E-10) 8.8E-03  4.4691502E-01    1077          132 2.7E+06 5.1E+02 _
   1427   474      1 1.0E+00    475 (7.7E-10) 1.1E-02  4.4691498E-01    1077          132 2.8E+06 5.1E+02 _  R
   1428   475      1 1.0E+00    476 (4.9E-11) 6.0E-03  4.4691496E-01    1077          132 2.8E+06 5.1E+02 _s
   1429   476      1 1.0E+00    477 (1.8E-10) 8.0E-03  4.4691492E-01    1077          132 3.0E+06 5.1E+02 _
   1430   477      1 1.0E+00    478 (1.9E-10) 2.1E-02  4.4691491E-01    1077          132 2.9E+06 5.1E+02 _
   1431   478      1 1.0E+00    479 (1.4E-10) 6.6E-03  4.4691488E-01    1039     3    132 3.3E+06 5.1E+02 _
   1432   479      1 1.0E+00    480 (1.3E-09) 1.0E-02  4.4691483E-01    1039          132 3.3E+06 5.1E+02 _

   Itns Major Minors    Step   nCon Feasible  Optimal  MeritFunction     L+U BSwap     nS condZHZ Penalty
   1433   480      1 1.0E+00    481 (1.3E-09) 1.2E-02  4.4691480E-01    1039          132 3.3E+06 5.1E+02 _
   1434   481      1 1.0E+00    482 (1.0E-09) 8.3E-03  4.4691478E-01    1039          132 3.3E+06 5.1E+02 _
   1435   482      1 1.0E+00    483 (4.5E-09) 1.5E-02  4.4691474E-01    1039          132 3.5E+06 5.1E+02 _
   1436   483      1 1.0E+00    484 (4.7E-09) 2.2E-02  4.4691468E-01    1039          132 6.2E+06 5.1E+02 _
   1437   484      1 1.0E+00    485 (7.3E-09) 2.4E-02  4.4691460E-01    1039          132 8.7E+06 5.1E+02 _
   1438   485      1 1.0E+00    486 (1.9E-08) 7.3E-02  4.4691455E-01    1039          132 4.9E+06 5.1E+02 _  R
   1439   486      1 1.0E+00    487 (3.4E-09) 1.3E-02  4.4691436E-01    1039          132 4.9E+06 5.1E+02 _s
   1440   487      1 1.0E+00    488 (2.6E-10) 1.0E-02  4.4691431E-01    1080     6    132 4.1E+06 5.1E+02 _
   1441   488      1 1.0E+00    489 (2.6E-10) 1.0E-02  4.4691426E-01    1080          132 4.2E+06 5.1E+02 _
   1442   489      1 1.0E+00    490 (8.6E-10) 9.8E-03  4.4691421E-01    1080          132 4.2E+06 5.1E+02 _
   1443   490      1 1.0E+00    491 (3.1E-10) 9.9E-03  4.4691419E-01    1080          132 4.2E+06 5.1E+02 _
   1444   491      1 1.0E+00    492 (5.9E-11) 5.6E-03  4.4691417E-01    1080          132 4.2E+06 5.1E+02 _
   1445   492      1 1.0E+00    493 (2.0E-10) 1.2E-02  4.4691415E-01    1080          132 4.2E+06 5.1E+02 _
   1446   493      1 1.0E+00    494 (1.1E-09) 9.2E-03  4.4691412E-01    1080          132 4.2E+06 5.1E+02 _
   1447   494      1 1.0E+00    495 (5.5E-09) 7.1E-03  4.4691407E-01    1080          132 4.2E+06 5.1E+02 _
   1448   495      1 1.0E+00    496 (9.4E-09) 1.1E-02  4.4691402E-01    1080          132 4.2E+06 5.1E+02 _
   1449   496      1 1.0E+00    497 (1.4E-08) 1.7E-02  4.4691395E-01    1080          132 4.3E+06 5.1E+02 _  R
   1450   497      1 1.0E+00    498 (2.0E-10) 1.2E-02  4.4691388E-01    1040     7    132 4.3E+06 5.1E+02 _s
   1451   498      1 1.0E+00    499 (3.1E-09) 1.2E-02  4.4691377E-01    1040          132 4.3E+06 5.1E+02 _
   1452   499      1 1.0E+00    500 (2.1E-09) 1.8E-02  4.4691376E-01    1040          132 4.3E+06 5.1E+02 _

   Itns Major Minors    Step   nCon Feasible  Optimal  MeritFunction     L+U BSwap     nS condZHZ Penalty
   1453   500      1 1.0E+00    501 (4.3E-10) 8.1E-03  4.4691371E-01    1040          132 4.3E+06 5.1E+02 _
   1454   501      1 1.0E+00    502 (1.8E-10) 1.2E-02  4.4691370E-01    1040          132 4.3E+06 5.1E+02 _
   1455   502      1 1.0E+00    503 (5.8E-10) 1.3E-02  4.4691368E-01    1040          132 4.3E+06 5.1E+02 _
   1456   503      1 1.0E+00    504 (8.2E-09) 1.2E-02  4.4691362E-01    1040          132 4.4E+06 5.1E+02 _
   1457   504      1 1.0E+00    505 (5.2E-08) 1.0E-01  4.4691358E-01    1040          132 7.4E+06 5.1E+02 _
   1458   505      1 1.0E+00    506 (3.6E-07) 7.9E-02  4.4691333E-01    1040          132 7.2E+06 5.1E+02 _
   1459   506      1 1.0E+00    507 (5.8E-07) 1.4E-01  4.4691298E-01    1041     7    132 5.2E+06 5.1E+02 _
   1460   507      1 1.0E+00    508  2.8E-06  1.5E-01  4.4691289E-01    1041          132 6.4E+06 5.1E+02 _  R
   1461   508      1 4.6E-01    509  1.5E-06  5.4E-02  4.4691197E-01    1041          132 6.3E+06 5.1E+02 _s
   1462   509      1 3.8E-01    510 (9.5E-07) 4.6E-02  4.4691158E-01    1041          132 6.3E+06 5.1E+02 _
   1463   510      1 1.0E+00    511 (3.3E-09) 5.1E-02  4.4691155E-01    1041          132 6.2E+06 5.1E+02 _
   1464   511      1 1.0E+00    512 (1.5E-09) 3.3E-02  4.4691132E-01    1041          132 6.2E+06 5.1E+02 _
   1465   512      1 1.0E+00    513 (5.7E-10) 2.0E-02  4.4691124E-01    1041          132 6.0E+06 5.1E+02 _
   1466   513      1 1.0E+00    514 (2.9E-10) 1.3E-02  4.4691117E-01    1041          132 5.6E+06 5.1E+02 _
   1467   514      1 1.0E+00    515 (1.2E-09) 2.2E-02  4.4691112E-01    1041          132 5.4E+06 5.1E+02 _
   1468   515      1 1.0E+00    516 (8.6E-11) 1.1E-02  4.4691110E-01    1040     3    132 5.2E+06 5.1E+02 _
   1469   516      1 1.0E+00    517 (2.0E-09) 3.3E-02  4.4691105E-01    1040          132 5.0E+06 5.1E+02 _
   1471   517      2 1.0E+00    518 (1.0E-09) 3.4E-02  4.4691101E-01    1040          133 4.8E+06 5.1E+02 _
   1472   518      1 1.0E+00    519 (2.4E-08) 5.6E-02  4.4691095E-01    1040          133 5.3E+06 5.1E+02 _  R
   1473   519      1 1.0E+00    520 (5.4E-10) 8.9E-03  4.4691084E-01    1040          133 5.3E+06 5.1E+02 _s

   Itns Major Minors    Step   nCon Feasible  Optimal  MeritFunction     L+U BSwap     nS condZHZ Penalty
   1474   520      1 1.0E+00    521 (1.3E-10) 3.4E-03  4.4691083E-01    1040          133 5.3E+06 5.1E+02 _
   1475   521      1 1.0E+00    522 (9.1E-10) 9.4E-03  4.4691081E-01    1040          133 5.3E+06 5.1E+02 _
   1476   522      1 1.0E+00    523 (4.5E-09) 1.0E-02  4.4691078E-01    1040          133 5.3E+06 5.1E+02 _
   1477   523      1 1.0E+00    524 (1.4E-08) 1.0E-02  4.4691074E-01    1040          133 5.3E+06 5.1E+02 _
   1478   524      1 1.0E+00    525 (6.1E-08) 1.0E-02  4.4691067E-01    1061     6    133 1.6E+07 5.1E+02 _
   1479   525      1 1.0E+00    526 (3.2E-07) 7.7E-03  4.4691051E-01    1061          133 2.1E+07 5.1E+02 _
   1480   526      1 1.0E+00    527  2.1E-06  1.0E-02  4.4691017E-01    1061          133 2.4E+07 5.1E+02 _
   1481   527      1 2.1E-02    528  2.1E-06  1.0E-02  4.4691015E-01    1061          133 2.5E+07 5.1E+02 _
   1482   528      1 1.2E-02    529  2.1E-06  1.0E-02  4.4691013E-01    1061          133 2.6E+07 5.1E+02 _
   1483   529      1 9.6E-03    530  2.1E-06  1.0E-02  4.4691011E-01    1061          133 6.5E+06 5.1E+02 _  R
   1484   530      1 1.0E+00    531 (9.7E-10) 6.7E-03  4.4690992E-01    1061          133 6.8E+06 5.1E+02 _s
   1485   531      1 2.7E-01    532 (7.0E-09) 2.6E-02  4.4690976E-01    1061          133 6.8E+06 5.1E+02 _
   1486   532      1 2.1E-01    533 (1.2E-08) 2.2E-02  4.4690959E-01    1061          133 7.0E+06 5.1E+02 _
   1487   533      1 8.3E-02    534 (1.2E-08) 1.6E-02  4.4690953E-01    1057     4    133 5.4E+06 5.1E+02 _
   1488   534      1 1.5E-01    535 (1.1E-08) 8.7E-03  4.4690949E-01    1057          133 5.6E+06 5.1E+02 _
   1489   535      1 1.3E-01    536 (1.1E-08) 7.6E-03  4.4690947E-01    1057          133 5.7E+06 5.1E+02 _
   1490   536      1 4.6E-02    537 (1.1E-08) 9.2E-03  4.4690945E-01    1057          133 5.7E+06 5.1E+02 _
   1491   537      1 7.4E-02    538 (1.1E-08) 6.7E-03  4.4690942E-01    1057          133 5.8E+06 5.1E+02 _
   1492   538      1 1.3E-01    539 (2.1E-08) 9.5E-03  4.4690933E-01    1057          133 5.8E+06 5.1E+02 _
   1493   539      1 3.9E-02    540 (2.5E-08) 7.3E-03  4.4690927E-01    1057          133 5.8E+06 5.1E+02 _

   Itns Major Minors    Step   nCon Feasible  Optimal  MeritFunction     L+U BSwap     nS condZHZ Penalty
   1494   540      1 3.0E-02    541 (3.0E-08) 8.9E-03  4.4690920E-01    1057          133 1.1E+07 5.1E+02 _  R
   1495   541      1 1.0E+00    542 (7.9E-10) 1.7E-02  4.4690914E-01    1057          133 1.1E+07 5.1E+02 _s
   1496   542      1 1.0E+00    543 (2.0E-09) 4.8E-02  4.4690914E-01    1068     5    133 1.1E+07 5.1E+02 _
   1497   543      1 1.0E+00    544 (5.1E-09) 2.3E-02  4.4690904E-01    1068          133 1.1E+07 5.1E+02 _
   1498   544      1 1.0E+00    545 (5.2E-09) 2.5E-02  4.4690894E-01    1068          133 1.1E+07 5.1E+02 _
   1499   545      1 4.4E-01    546 (6.2E-09) 1.7E-02  4.4690886E-01    1068          133 1.1E+07 5.1E+02 _
   1500   546      1 4.5E-01    547 (6.7E-09) 1.4E-02  4.4690881E-01    1068          133 1.1E+07 5.1E+02 _
   1501   547      1 1.0E+00    548 (2.1E-08) 2.7E-02  4.4690873E-01    1068          133 1.1E+07 5.1E+02 _
   1502   548      1 6.9E-02    549 (2.0E-08) 2.3E-02  4.4690870E-01    1068          133 1.1E+07 5.1E+02 _
   1503   549      1 4.3E-02    550 (2.0E-08) 2.1E-02  4.4690867E-01    1068          133 1.1E+07 5.1E+02 _
   1504   550      1 5.7E-02    551 (2.0E-08) 2.0E-02  4.4690865E-01    1068          133 1.1E+07 5.1E+02 _
   1505   551      1 2.2E-01    552 (2.1E-08) 1.3E-02  4.4690857E-01    1058     6    133 1.2E+07 5.1E+02 _  R
   1506   552      1 1.0E+00    553 (1.2E-09) 1.5E-02  4.4690855E-01    1058          133 1.2E+07 5.1E+02 _s
   1507   553      1 1.0E+00    554 (3.5E-10) 5.9E-03  4.4690851E-01    1058          133 1.2E+07 5.1E+02 _
   1508   554      1 1.0E+00    555 (2.1E-09) 8.0E-03  4.4690849E-01    1058          133 1.2E+07 5.1E+02 _
   1509   555      1 1.0E+00    556 (1.9E-08) 1.5E-02  4.4690843E-01    1058          133 1.2E+07 5.1E+02 _
   1510   556      1 1.0E+00    557 (9.1E-07) 7.3E-02  4.4690819E-01    1058          133 1.2E+07 5.1E+02 _
   1511   557      1 1.0E+00    558  2.9E-06  1.4E-01  4.4690815E-01    1058          133 1.2E+07 5.1E+02 _
   1512   558      1 1.0E+00    559  3.8E-06  7.9E-02  4.4690729E-01    1058          133 1.2E+07 5.1E+02 _
   1515   559      3 1.0E+00    560  2.1E-06  5.0E-02  4.4690593E-01    1058          135 1.2E+07 5.1E+02 _

   Itns Major Minors    Step   nCon Feasible  Optimal  MeritFunction     L+U BSwap     nS condZHZ Penalty
   1518   560      3 1.0E+00    561  1.4E-05  3.8E-02  4.4690485E-01    1045     9    135 1.2E+07 5.1E+02 _
   1519   561      1 1.9E-01    562  1.4E-05  3.7E-02  4.4690400E-01    1011          135 1.2E+07 5.1E+02 _
   1523   562      4 4.9E-01    563  1.4E-05  3.0E-02  4.4690230E-01    1021          135 1.2E+07 5.1E+02 _  R
   1524   563      1 1.0E+00    564 (2.7E-08) 2.2E-02  4.4690116E-01    1021          135 1.2E+07 5.1E+02 _s
   1525   564      1 4.5E-01    565 (1.5E-08) 2.4E-02  4.4690095E-01    1021          135 1.2E+07 5.1E+02 _
   1526   565      1 3.4E-01    566 (1.2E-08) 1.9E-02  4.4690085E-01    1021          135 1.2E+07 5.1E+02 _
   1527   566      1 4.3E-01    567 (1.2E-08) 2.0E-02  4.4690072E-01    1021          135 1.2E+07 5.1E+02 _
   1528   567      1 1.0E+00    568 (2.3E-08) 1.2E-02  4.4690059E-01    1021          135 2.0E+07 5.1E+02 _
   1529   568      1 6.0E-02    569 (2.5E-08) 1.3E-02  4.4690056E-01    1021          135 3.3E+07 5.1E+02 _
   1530   569      1 2.5E-02    570 (2.6E-08) 1.2E-02  4.4690053E-01    1021          135 3.7E+07 5.1E+02 _
   1532   570      2 2.2E-02    571 (2.7E-08) 1.4E-02  4.4690050E-01    1021          135 8.7E+07 5.1E+02 _
   1533   571      1 1.6E-03    572 (2.7E-08) 1.5E-02  4.4690049E-01    1021          135 6.6E+07 5.1E+02 _
   1534   572      1 4.3E-03    573 (2.7E-08) 1.6E-02  4.4690047E-01    1021          135 4.1E+07 5.1E+02 _
   1535   573      1 2.7E-02    574 (2.6E-08) 2.0E-02  4.4690047E-01    1021          135 1.2E+07 5.1E+02 _  R
   1536   574      1 1.0E+00    575 (2.3E-09) 7.6E-03  4.4690032E-01    1021          135 1.2E+07 5.1E+02 _s
   1537   575      1 1.0E+00    576 (6.7E-09) 1.5E-02  4.4690015E-01    1021          135 1.2E+07 5.1E+02 _
   1538   576      1 1.0E+00    577 (4.3E-08) 2.1E-02  4.4689991E-01    1021          135 1.9E+07 5.1E+02 _
   1539   577      1 1.0E+00    578 (1.4E-07) 2.1E-02  4.4689945E-01    1021          135 4.9E+07 5.1E+02 _
   1541   578      2 1.1E-01    579 (1.4E-07) 2.5E-02  4.4689927E-01    1021          134 1.2E+07 5.1E+02 _
   1543   579      2 5.1E-02    580 (1.5E-07) 2.8E-02  4.4689907E-01    1021          135 1.2E+07 5.1E+02 _

   Itns Major Minors    Step   nCon Feasible  Optimal  MeritFunction     L+U BSwap     nS condZHZ Penalty
   1546   580      3 5.1E-02    581 (1.5E-07) 2.1E-02  4.4689888E-01    1021          135 5.6E+07 5.1E+02 _
   1547   581      1 7.6E-02    582 (1.5E-07) 1.4E-02  4.4689867E-01    1021          135 4.3E+07 5.1E+02 _
   1548   582      1 1.7E-01    583 (1.5E-07) 2.0E-02  4.4689834E-01    1021          135 5.4E+07 5.1E+02 _
   1551   583      3 1.2E-01    584 (1.5E-07) 2.1E-02  4.4689802E-01    1021          135 1.2E+07 5.1E+02 _
   1558   584      7 6.8E-02    585 (1.5E-07) 2.4E-02  4.4689788E-01    1037    11    135 1.7E+07 5.1E+02 _  R
   1559   585      1 1.0E+00    586 (1.4E-09) 1.3E-02  4.4689770E-01    1043          135 1.7E+07 5.1E+02 _s
   1560   586      1 1.0E+00    587 (1.7E-08) 5.0E-02  4.4689763E-01    1043          135 1.7E+07 5.1E+02 _
   1561   587      1 3.6E-01    588 (1.7E-08) 2.5E-02  4.4689743E-01    1043          135 1.7E+07 5.1E+02 _
   1562   588      1 1.0E+00    589 (1.2E-08) 5.2E-02  4.4689735E-01    1043          135 1.9E+07 5.1E+02 _
   1563   589      1 1.0E+00    590 (6.0E-09) 3.3E-02  4.4689699E-01    1043          135 1.9E+07 5.1E+02 _
   1564   590      1 1.0E+00    591 (1.5E-07) 3.1E-02  4.4689658E-01    1043          135 1.9E+07 5.1E+02 _
   1566   591      2 7.2E-02    592 (1.4E-07) 3.5E-02  4.4689646E-01    1043          134 1.9E+07 5.1E+02 _
   1567   592      1 3.5E-02    593 (1.4E-07) 3.4E-02  4.4689629E-01    1043          134 1.9E+07 5.1E+02 _
   1569   593      2 3.0E-03    594 (1.4E-07) 3.4E-02  4.4689627E-01    1043          135 1.9E+07 5.1E+02 _
   1570   594      1 1.8E-02    595 (1.4E-07) 3.3E-02  4.4689624E-01    1025     7    135 1.4E+07 5.1E+02 _
   1571   595      1 6.1E-02    596 (1.3E-07) 2.8E-02  4.4689611E-01    1025          135 1.5E+07 5.1E+02 _  R
   1572   596      1 1.0E+00    597 (7.0E-09) 1.4E-02  4.4689580E-01    1025          135 1.5E+07 5.1E+02 _s
   1573   597      1 1.0E+00    598 (2.9E-09) 1.6E-02  4.4689563E-01    1025          135 1.6E+07 5.1E+02 _
   1574   598      1 1.0E+00    599 (1.2E-08) 1.4E-02  4.4689542E-01    1025          135 1.6E+07 5.1E+02 _
   1576   599      2 1.0E+00    600 (8.5E-08) 4.5E-02  4.4689484E-01    1041          134 1.7E+07 5.1E+02 _

   Itns Major Minors    Step   nCon Feasible  Optimal  MeritFunction     L+U BSwap     nS condZHZ Penalty
   1577   600      1 2.0E-01    601 (9.9E-08) 5.2E-02  4.4689443E-01    1043          134 1.7E+07 5.1E+02 _
   1578   601      1 2.5E-01    602 (1.1E-07) 3.3E-02  4.4689395E-01    1043          134 1.7E+07 5.1E+02 _
   1579   602      1 4.1E-01    603 (1.2E-07) 1.1E-01  4.4689358E-01    1043          134 1.7E+07 5.1E+02 _
   1580   603      1 4.6E-01    604 (1.1E-07) 7.4E-02  4.4689309E-01    1043          134 1.7E+07 5.1E+02 _
   1581   604      1 1.0E+00    605 (7.6E-08) 6.3E-02  4.4689262E-01    1007     7    134 1.6E+07 5.1E+02 _
   1582   605      1 1.0E+00    606 (7.8E-09) 2.7E-02  4.4689212E-01    1007          134 1.6E+07 5.1E+02 _
   1584   606      2 1.0E+00    607 (1.4E-08) 2.3E-02  4.4689170E-01    1019          133 2.1E+07 5.1E+02 _  R
   1585   607      1 1.0E+00    608 (7.5E-09) 2.1E-02  4.4689155E-01    1019          133 2.0E+07 5.1E+02 _s
   1587   608      2 1.0E+00    609 (1.9E-08) 2.0E-02  4.4689140E-01    1019          134 2.0E+07 5.1E+02 _
   1589   609      2 1.0E+00    610 (6.6E-08) 2.5E-02  4.4689123E-01    1019          133 2.1E+07 5.1E+02 _
   1590   610      1 1.0E+00    611 (5.0E-08) 3.1E-02  4.4689105E-01    1019          133 2.0E+07 5.1E+02 _
   1591   611      1 1.0E+00    612 (9.6E-09) 3.1E-02  4.4689087E-01    1019          133 1.8E+07 5.1E+02 _
   1592   612      1 1.0E+00    613 (3.5E-08) 1.8E-02  4.4689059E-01    1019          133 2.0E+07 5.1E+02 _
   1593   613      1 2.4E-01    614 (3.3E-08) 2.0E-02  4.4689048E-01    1049     5    133 2.1E+07 5.1E+02 _
   1594   614      1 5.1E-02    615 (3.3E-08) 2.0E-02  4.4689041E-01    1049          133 2.1E+07 5.1E+02 _
   1595   615      1 4.2E-02    616 (3.6E-08) 2.0E-02  4.4689030E-01    1049          133 2.1E+07 5.1E+02 _
   1596   616      1 4.8E-02    617 (3.6E-08) 2.1E-02  4.4689022E-01    1049          133 2.0E+07 5.1E+02 _
   1597   617      1 1.5E-01    618 (3.2E-08) 1.9E-02  4.4689015E-01    1049          133 2.1E+07 5.1E+02 _  R
   1598   618      1 1.0E+00    619 (8.6E-09) 8.9E-03  4.4689002E-01    1049          133 2.1E+07 5.1E+02 _s
   1599   619      1 4.1E-01    620 (5.1E-08) 3.1E-02  4.4688989E-01    1049          133 2.2E+07 5.1E+02 _

   Itns Major Minors    Step   nCon Feasible  Optimal  MeritFunction     L+U BSwap     nS condZHZ Penalty
   1600   620      1 3.5E-01    621 (6.7E-08) 1.8E-02  4.4688980E-01    1049          133 2.3E+07 5.1E+02 _
   1601   621      1 4.3E-01    622 (6.6E-08) 1.4E-02  4.4688971E-01    1049          133 2.2E+07 5.1E+02 _
   1602   622      1 1.0E+00    623 (4.3E-08) 3.8E-02  4.4688965E-01    1065     6    133 2.5E+07 5.1E+02 _
   1603   623      1 1.0E+00    624 (1.1E-07) 4.6E-02  4.4688932E-01    1065          133 2.6E+07 5.1E+02 _
   1604   624      1 1.0E+00    625 (4.4E-07) 6.5E-02  4.4688874E-01    1065          133 4.0E+07 5.1E+02 _
   1605   625      1 1.0E+00    626  1.8E-06  6.7E-02  4.4688768E-01    1065          133 4.7E+07 5.1E+02 _
   1607   626      2 1.0E+00    627  8.3E-06  6.2E-02  4.4688556E-01    1094          132 3.3E+07 5.1E+02 _
   1610   627      3 4.0E-01    628  9.9E-06  2.2E-02  4.4688352E-01    1089          134 3.3E+07 5.1E+02 _
   1613   628      3 1.0E+00    629  1.5E-05  1.8E-01  4.4688314E-01    1089          134 3.3E+07 5.1E+02 _  R
   1615   629      2 4.6E-01    630  8.3E-06  5.0E-02  4.4688068E-01    1089          135 3.3E+07 5.1E+02 _s
   1616   630      1 1.0E+00    631 (1.5E-08) 7.4E-02  4.4687914E-01    1089          135 4.2E+07 5.1E+02 _
   1618   631      2 1.0E+00    632 (6.6E-09) 4.2E-02  4.4687796E-01    1089          134 1.4E+08 5.1E+02 _
   1619   632      1 1.0E+00    633 (1.5E-07) 6.1E-02  4.4687480E-01    1089          134 3.7E+08 5.1E+02 _
   1621   633      2 1.0E+00    634 (4.8E-07) 1.6E-01  4.4687196E-01    1089          135 4.1E+08 5.1E+02 _
   1623   634      2 1.0E+00    635 (2.3E-08) 6.5E-02  4.4687066E-01    1089          136 5.4E+08 5.1E+02 _
   1625   635      2 1.0E+00    636 (2.6E-07) 8.3E-02  4.4686950E-01     999    12    135 1.4E+08 5.1E+02 _
   1626   636      1 1.0E+00    637 (5.2E-08) 2.2E-02  4.4686866E-01     989          135 1.4E+08 5.1E+02 _
   1629   637      3 1.0E+00    638 (4.3E-08) 3.8E-02  4.4686827E-01    1010          134 1.6E+08 5.1E+02 _
   1631   638      2 1.0E+00    639 (6.6E-08) 4.6E-02  4.4686788E-01    1016          135 2.0E+08 5.1E+02 _
   1632   639      1 1.0E+00    640 (2.4E-07) 4.1E-02  4.4686730E-01    1016          135 8.2E+07 5.1E+02 _  R

   Itns Major Minors    Step   nCon Feasible  Optimal  MeritFunction     L+U BSwap     nS condZHZ Penalty
   1633   640      1 1.0E+00    641 (1.9E-09) 1.5E-02  4.4686695E-01     996     8    135 1.0E+08 5.1E+02 _s
   1635   641      2 1.0E+00    642 (4.8E-08) 3.2E-02  4.4686622E-01    1018          134 1.4E+08 5.1E+02 _
   1636   642      1 1.0E+00    643 (1.7E-07) 1.3E-01  4.4686570E-01     996          134 1.5E+08 5.1E+02 _
   1637   643      1 1.0E+00    644 (2.1E-07) 4.7E-02  4.4686507E-01     996          134 1.4E+08 5.1E+02 _
   1638   644      1 1.0E+00    645 (1.2E-07) 2.9E-02  4.4686443E-01     996          134 1.6E+08 5.1E+02 _
   1639   645      1 1.0E+00    646 (7.0E-07) 4.5E-02  4.4686344E-01     996          134 2.0E+08 5.1E+02 _
   1640   646      1 1.0E+00    647  5.2E-06  1.8E-01  4.4686216E-01     996          134 2.4E+08 5.1E+02 _
   1641   647      1 1.0E+00    648  2.4E-05  1.8E-01  4.4686215E-01     996          134 2.6E+08 5.1E+02 _
   1643   648      2 3.2E-01    649  2.3E-05  1.6E-01  4.4685785E-01     996          135 2.6E+08 5.1E+02 _
   1645   649      2 1.0E+00    650  4.5E-06  1.1E-01  4.4684667E-01     996          134 2.6E+08 5.1E+02 _
   1646   650      1 3.4E-01    651  7.4E-06  1.8E-01  4.4684446E-01     996          134 2.2E+08 5.1E+02 _  R
   1647   651      1 1.0E+00    652 (7.3E-08) 5.8E-02  4.4684001E-01     996          134 2.2E+08 5.1E+02 _s
   1650   652      3 1.0E+00    653 (9.1E-08) 4.2E-02  4.4683867E-01     996          136 2.2E+08 5.1E+02 _
   1653   653      3 1.0E+00    654  1.5E-06  1.7E-01  4.4683702E-01     996          136 2.3E+08 5.1E+02 _
   1655   654      2 1.0E+00    655 (3.8E-07) 1.0E-01  4.4683566E-01     996          135 2.5E+08 5.1E+02 _
   1656   655      1 1.0E+00    656 (3.1E-07) 4.2E-02  4.4683412E-01     996          135 2.5E+08 5.1E+02 _
   1661   656      5 1.0E+00    657  5.6E-06  5.7E-02  4.4683042E-01    1006          134 2.6E+08 5.1E+02 _
   1664   657      3 2.7E-01    658  6.8E-06  6.8E-02  4.4682797E-01    1027    10    134 2.6E+08 5.1E+02 _
   1665   658      1 3.9E-01    659  7.3E-06  2.1E-01  4.4682676E-01    1033          134 2.6E+08 5.1E+02 _
   1666   659      1 1.0E+00    660  7.9E-06  2.2E-01  4.4682177E-01    1033          134 2.6E+08 5.1E+02 _

   Itns Major Minors    Step   nCon Feasible  Optimal  MeritFunction     L+U BSwap     nS condZHZ Penalty
   1668   660      2 1.0E+00    661 (2.3E-07) 6.4E-02  4.4681828E-01    1033          133 2.5E+08 5.1E+02 _
   1670   661      2 1.0E+00    662  1.6E-06  4.9E-02  4.4681670E-01    1033          134 2.5E+08 5.1E+02 _  R
   1671   662      1 1.0E+00    663 (1.3E-08) 4.3E-02  4.4681614E-01    1033          134 2.4E+08 5.1E+02 _s
   1672   663      1 1.0E+00    664 (9.2E-08) 6.8E-02  4.4681548E-01    1033          134 2.3E+08 5.1E+02 _
   1673   664      1 1.0E+00    665 (1.6E-07) 4.8E-02  4.4681428E-01     984     8    134 2.3E+08 5.1E+02 _
   1674   665      1 1.0E+00    666  1.1E-06  2.8E-01  4.4681366E-01     984          134 2.3E+08 5.1E+02 _
   1675   666      1 1.0E+00    667 (1.9E-07) 8.9E-02  4.4681138E-01     984          134 2.3E+08 5.1E+02 _
   1676   667      1 1.0E+00    668 (6.5E-08) 7.8E-02  4.4680984E-01     984          134 3.1E+08 5.1E+02 _
   1677   668      1 1.0E+00    669 (2.9E-07) 2.7E-01  4.4680766E-01     984          134 4.0E+08 5.1E+02 _
   1678   669      1 3.1E-01    670 (3.3E-07) 2.6E-01  4.4680576E-01     984          134 3.3E+08 5.1E+02 _
   1679   670      1 1.0E+00    671 (7.0E-07) 2.0E-01  4.4680102E-01     984          134 3.1E+08 5.1E+02 _
   1680   671      1 1.0E+00    672 (3.4E-07) 1.5E-01  4.4679723E-01    1005     8    134 2.8E+08 5.1E+02 _
   1681   672      1 1.0E+00    673 (7.4E-07) 1.4E-01  4.4679220E-01    1005          134 3.2E+08 5.1E+02 _  R
   1682   673      1 1.0E+00    674 (1.6E-08) 9.0E-02  4.4678924E-01    1005          134 3.2E+08 5.1E+02 _s
   1683   674      1 1.0E+00    675 (5.0E-08) 7.6E-02  4.4678777E-01    1005          134 3.2E+08 5.1E+02 _
   1684   675      1 1.0E+00    676 (1.4E-08) 5.4E-02  4.4678718E-01    1005          134 3.2E+08 5.1E+02 _
   1685   676      1 1.0E+00    677 (1.1E-08) 4.0E-02  4.4678624E-01    1005          134 3.0E+08 5.1E+02 _
   1687   677      2 1.0E+00    678 (4.0E-08) 4.1E-02  4.4678528E-01    1005          135 2.9E+08 5.1E+02 _
   1689   678      2 1.0E+00    679 (4.8E-08) 1.6E-01  4.4678478E-01    1005          134 4.1E+08 5.1E+02 _
   1690   679      1 1.0E+00    680 (6.8E-09) 4.0E-02  4.4678410E-01    1005          134 3.8E+08 5.1E+02 _

   Itns Major Minors    Step   nCon Feasible  Optimal  MeritFunction     L+U BSwap     nS condZHZ Penalty
   1691   680      1 1.0E+00    681 (7.6E-09) 5.0E-02  4.4678343E-01    1002     7    134 4.2E+08 5.1E+02 _
   1692   681      1 1.0E+00    682 (9.5E-08) 7.3E-02  4.4678152E-01    1002          134 4.2E+08 5.1E+02 _
   1693   682      1 4.6E-01    683 (3.2E-07) 1.8E-01  4.4678039E-01    1002          134 4.2E+08 5.1E+02 _
   1695   683      2 1.0E+00    684  1.8E-06  2.4E-01  4.4677650E-01    1002          135 4.7E+08 5.1E+02 _  R
   1697   684      2 1.0E+00    685 (1.8E-07) 7.8E-02  4.4676951E-01    1002          134 4.6E+08 5.1E+02 _s
   1698   685      1 1.0E+00    686 (1.5E-08) 2.7E-02  4.4676778E-01    1002          134 4.6E+08 5.1E+02 _
   1699   686      1 1.0E+00    687 (1.5E-08) 3.0E-02  4.4676725E-01    1002          134 4.5E+08 5.1E+02 _
   1700   687      1 1.0E+00    688 (5.3E-09) 2.5E-02  4.4676700E-01    1002          134 4.4E+08 5.1E+02 _
   1701   688      1 1.0E+00    689 (8.8E-09) 3.0E-02  4.4676672E-01    1002     4    134 4.2E+08 5.1E+02 _
   1702   689      1 1.0E+00    690 (7.2E-08) 7.8E-02  4.4676640E-01    1002          134 4.1E+08 5.1E+02 _
   1703   690      1 1.0E+00    691 (1.4E-08) 9.5E-02  4.4676622E-01    1002          134 5.0E+08 5.1E+02 _
   1705   691      2 1.0E+00    692 (1.0E-08) 4.1E-02  4.4676603E-01    1002          135 4.9E+08 5.1E+02 _
   1706   692      1 1.0E+00    693 (1.4E-08) 2.0E-02  4.4676574E-01    1002          135 4.9E+08 5.1E+02 _
   1707   693      1 1.4E-01    694 (1.9E-08) 1.5E-02  4.4676558E-01    1002          135 5.0E+08 5.1E+02 _
   1708   694      1 1.9E-01    695 (2.0E-08) 1.8E-02  4.4676545E-01    1002          135 5.4E+08 5.1E+02 _  R
   1709   695      1 1.0E+00    696 (7.7E-10) 1.2E-02  4.4676537E-01    1002          135 5.4E+08 5.1E+02 _s
   1710   696      1 1.0E+00    697 (5.0E-09) 3.0E-02  4.4676528E-01    1002          135 5.4E+08 5.1E+02 _
   1711   697      1 1.0E+00    698 (1.5E-09) 5.1E-02  4.4676518E-01    1002          135 5.4E+08 5.1E+02 _
   1712   698      1 1.0E+00    699 (2.2E-09) 3.5E-02  4.4676497E-01     976     8    135 5.4E+08 5.1E+02 _
   1713   699      1 1.0E+00    700 (3.3E-09) 3.4E-02  4.4676461E-01     976          135 5.5E+08 5.1E+02 _

   Itns Major Minors    Step   nCon Feasible  Optimal  MeritFunction     L+U BSwap     nS condZHZ Penalty
   1714   700      1 2.1E-01    701 (5.2E-09) 2.8E-02  4.4676428E-01     976          135 5.5E+08 5.1E+02 _
   1715   701      1 1.3E-01    702 (6.9E-09) 4.5E-02  4.4676407E-01     976          135 5.5E+08 5.1E+02 _
   1716   702      1 9.8E-02    703 (1.1E-08) 5.3E-02  4.4676366E-01     976          135 5.5E+08 5.1E+02 _
   1717   703      1 7.8E-02    704 (1.3E-08) 5.6E-02  4.4676344E-01     976          135 5.5E+08 5.1E+02 _
   1718   704      1 1.0E+00    705 (2.3E-08) 1.9E-01  4.4676311E-01     976          135 5.5E+08 5.1E+02 _
   1719   705      1 1.0E+00    706 (2.1E-08) 7.5E-02  4.4676252E-01     976          135 5.6E+08 5.1E+02 _  R
   1720   706      1 1.0E+00    707 (5.4E-09) 3.9E-02  4.4676169E-01     976          135 5.8E+08 5.1E+02 _s
   1722   707      2 1.0E+00    708 (4.6E-09) 6.0E-02  4.4676162E-01     974     4    136 6.1E+08 5.1E+02 _
   1723   708      1 1.0E+00    709 (1.2E-09) 2.7E-02  4.4676129E-01     974          136 5.9E+08 5.1E+02 _
   1724   709      1 1.0E+00    710 (2.8E-08) 4.7E-02  4.4676113E-01     974          136 6.9E+08 5.1E+02 _
   1725   710      1 1.6E-01    711 (2.0E-08) 4.2E-02  4.4676109E-01     974          136 6.5E+08 5.1E+02 _
   1726   711      1 2.5E-01    712 (3.0E-08) 3.2E-02  4.4676088E-01     974          136 6.4E+08 5.1E+02 _
   1727   712      1 4.1E-02    713 (3.2E-08) 2.8E-02  4.4676084E-01     974          136 7.1E+08 5.1E+02 _
   1729   713      2 2.3E-03    714 (3.3E-08) 2.7E-02  4.4676081E-01     974          137 7.5E+08 5.1E+02 _
   1731   714      2 3.0E-02    715 (9.1E-08) 2.1E-02  4.4676073E-01     974          136 7.5E+08 5.1E+02 _
   1732   715      1 3.2E-01    716 (2.1E-07) 6.2E-02  4.4676052E-01     974          136 7.7E+08 5.1E+02 _
   1733   716      1 4.2E-02    717 (2.0E-07) 6.4E-02  4.4676043E-01     951     6    136 7.8E+08 5.1E+02 _  R
   1734   717      1 1.0E+00    718 (5.1E-08) 2.1E-02  4.4676021E-01     951          136 7.8E+08 5.1E+02 _s
   1735   718      1 3.2E-01    719 (2.3E-08) 1.4E-02  4.4676010E-01     951          136 7.8E+08 5.1E+02 _
   1736   719      1 1.0E+00    720 (2.1E-08) 2.8E-02  4.4675998E-01     951          136 7.8E+08 5.1E+02 _

   Itns Major Minors    Step   nCon Feasible  Optimal  MeritFunction     L+U BSwap     nS condZHZ Penalty
   1737   720      1 1.0E+00    721 (1.2E-07) 2.3E-02  4.4675989E-01     951          136 7.6E+08 5.1E+02 _
   1738   721      1 2.4E-01    722 (1.2E-07) 4.6E-02  4.4675966E-01     951          136 7.7E+08 5.1E+02 _
   1739   722      1 2.5E-01    723 (6.9E-08) 5.1E-02  4.4675963E-01     951          136 7.8E+08 5.1E+02 _
   1740   723      1 1.0E+00    724 (7.9E-07) 3.6E-02  4.4675938E-01     951          136 7.7E+08 5.1E+02 _
   1741   724      1 1.0E+00    725 (1.0E-07) 4.1E-02  4.4675889E-01     951          136 7.8E+08 5.1E+02 _
   1742   725      1 1.9E-01    726 (1.3E-07) 6.4E-02  4.4675870E-01     953     2    136 7.9E+08 5.1E+02 _
   1743   726      1 6.4E-02    727 (1.3E-07) 5.2E-02  4.4675859E-01     953          136 7.9E+08 5.1E+02 _
   1744   727      1 1.4E-01    728 (1.3E-07) 5.3E-02  4.4675844E-01     953          136 8.1E+08 5.1E+02 _  R
   1745   728      1 1.0E+00    729 (1.1E-09) 2.0E-02  4.4675829E-01     953          136 8.1E+08 5.1E+02 _s
   1746   729      1 1.0E+00    730 (3.0E-09) 1.5E-02  4.4675815E-01     953          136 8.1E+08 5.1E+02 _
   1747   730      1 1.0E+00    731 (5.5E-08) 3.1E-02  4.4675777E-01     953          136 8.2E+08 5.1E+02 _
   1748   731      1 1.0E+00    732 (1.5E-07) 9.1E-02  4.4675772E-01     953          136 8.2E+08 5.1E+02 _
   1749   732      1 1.0E+00    733 (4.4E-09) 6.8E-02  4.4675710E-01     953          136 8.1E+08 5.1E+02 _
   1751   733      2 1.0E+00    734 (2.2E-07) 2.9E-02  4.4675633E-01     953          137 8.2E+08 5.1E+02 _
   1753   734      2 1.4E-01    735 (2.1E-07) 2.6E-02  4.4675600E-01     973          136 8.1E+08 5.1E+02 _
   1757   735      4 1.6E-03    736 (2.1E-07) 2.6E-02  4.4675595E-01     956     7    137 8.2E+08 5.1E+02 _
   1759   736      2 3.4E-02    737 (2.1E-07) 3.5E-02  4.4675594E-01     973          136 8.2E+08 5.1E+02 _
   1760   737      1 4.7E-01    738 (1.1E-07) 3.5E-02  4.4675584E-01     973          136 8.2E+08 5.1E+02 _
   1761   738      1 4.2E-01    739 (8.9E-08) 4.3E-02  4.4675559E-01     973          136 8.3E+08 5.1E+02 _  R
   1762   739      1 1.0E+00    740 (2.5E-09) 1.8E-02  4.4675505E-01     973          136 8.3E+08 5.1E+02 _s

   Itns Major Minors    Step   nCon Feasible  Optimal  MeritFunction     L+U BSwap     nS condZHZ Penalty
   1763   740      1 1.0E+00    741 (5.3E-09) 2.3E-02  4.4675484E-01     973          136 8.3E+08 5.1E+02 _
   1764   741      1 1.0E+00    742 (9.7E-10) 1.4E-02  4.4675469E-01     973          136 8.3E+08 5.1E+02 _
   1766   742      2 1.0E+00    743 (1.1E-09) 1.9E-02  4.4675442E-01     973          137 8.3E+08 5.1E+02 _
   1767   743      1 1.0E+00    744 (3.6E-08) 9.6E-02  4.4675431E-01     973          137 8.3E+08 5.1E+02 _
   1768   744      1 1.0E+00    745 (5.6E-09) 9.2E-02  4.4675336E-01     973          137 8.3E+08 5.1E+02 _
   1769   745      1 1.0E+00    746 (1.9E-08) 2.6E-02  4.4675217E-01     956     4    137 9.4E+08 5.1E+02 _
   1770   746      1 4.4E-01    747 (1.1E-08) 1.2E-01  4.4675199E-01     956          137 9.4E+08 5.1E+02 _
   1771   747      1 4.7E-01    748 (3.5E-08) 9.5E-02  4.4675150E-01     956          137 9.5E+08 5.1E+02 _
   1772   748      1 1.0E+00    749 (5.9E-08) 7.6E-02  4.4675043E-01     956          137 9.5E+08 5.1E+02 _
   1773   749      1 1.0E+00    750 (2.7E-07) 7.4E-02  4.4674853E-01     956          137 1.0E+09 5.1E+02 _  R
   1774   750      1 1.0E+00    751 (9.3E-09) 4.0E-02  4.4674800E-01     956          137 1.0E+09 5.1E+02 _s
   1775   751      1 4.4E-01    752 (8.5E-09) 5.2E-02  4.4674771E-01     956          137 1.0E+09 5.1E+02 _
   1776   752      1 1.0E+00    753 (6.6E-09) 3.1E-02  4.4674752E-01     956          137 1.0E+09 5.1E+02 _
   1777   753      1 1.0E+00    754 (3.4E-09) 1.8E-02  4.4674715E-01     956          137 1.0E+09 5.1E+02 _
   1778   754      1 1.0E+00    755 (1.7E-09) 1.1E-02  4.4674698E-01     934     2    137 9.1E+08 5.1E+02 _
   1779   755      1 1.0E+00    756 (1.3E-09) 7.9E-03  4.4674678E-01     934          137 9.1E+08 5.1E+02 _
   1780   756      1 1.0E+00    757 (3.2E-08) 4.0E-02  4.4674616E-01     934          137 9.0E+08 5.1E+02 _
   1782   757      2 1.0E+00    758 (3.4E-09) 2.8E-02  4.4674578E-01     934          138 9.1E+08 5.1E+02 _
   1784   758      2 1.0E+00    759 (9.6E-08) 1.4E-01  4.4674576E-01     934          137 9.1E+08 5.1E+02 _
   1785   759      1 1.0E+00    760 (6.5E-09) 6.8E-02  4.4674437E-01     934          137 9.1E+08 5.1E+02 _

   Itns Major Minors    Step   nCon Feasible  Optimal  MeritFunction     L+U BSwap     nS condZHZ Penalty
   1786   760      1 1.0E+00    761 (2.7E-08) 3.5E-02  4.4674358E-01     934          137 9.0E+08 5.1E+02 _  R
   1787   761      1 1.0E+00    762 (1.4E-09) 1.4E-02  4.4674338E-01     934          137 9.0E+08 5.1E+02 _s
   1788   762      1 1.0E+00    763 (2.7E-09) 1.3E-02  4.4674318E-01     934          137 9.0E+08 5.1E+02 _
   1789   763      1 1.0E+00    764 (2.6E-08) 3.2E-02  4.4674268E-01     949     5    137 8.5E+08 5.1E+02 _
   1790   764      1 1.0E+00    765 (1.2E-07) 6.5E-02  4.4674190E-01     949          137 8.4E+08 5.1E+02 _
   1792   765      2 1.0E+00    766 (1.3E-07) 8.3E-02  4.4674174E-01     949          138 8.4E+08 5.1E+02 _
   1793   766      1 1.0E+00    767 (5.7E-08) 9.4E-02  4.4673995E-01     949          138 8.6E+08 5.1E+02 _
   1796   767      3 1.0E+00    768 (4.4E-08) 9.8E-02  4.4673882E-01     949          137 1.2E+09 5.1E+02 _
   1797   768      1 1.0E+00    769  2.2E-06  7.7E-02  4.4673389E-01     949          137 1.1E+09 5.1E+02 _
   1798   769      1 1.0E+00    770  2.2E-06  6.9E-02  4.4673088E-01     949          137 1.0E+09 5.1E+02 _
   1801   770      3 1.0E+00    771 (6.3E-07) 2.0E-02  4.4672988E-01     949          138 9.9E+08 5.1E+02 _
   1803   771      2 1.0E+00    772  1.8E-06  1.9E-02  4.4672882E-01     949          137 9.3E+08 5.1E+02 _  R
   1804   772      1 1.0E+00    773 (4.3E-08) 4.9E-02  4.4672820E-01     949          137 9.0E+08 5.1E+02 _s
   1805   773      1 1.0E+00    774 (4.7E-07) 1.2E-01  4.4672697E-01     934     5    137 6.2E+08 5.1E+02 _
   1806   774      1 1.0E+00    775 (7.9E-07) 5.2E-02  4.4672554E-01     934          137 7.8E+08 5.1E+02 _
   1807   775      1 1.0E+00    776 (5.7E-07) 3.6E-02  4.4672443E-01     934          137 7.3E+08 5.1E+02 _
   1809   776      2 1.0E+00    777 (1.2E-07) 5.5E-02  4.4672405E-01     934          138 6.6E+08 5.1E+02 _
   1810   777      1 1.0E+00    778 (7.5E-08) 3.7E-02  4.4672360E-01     934          138 6.8E+08 5.1E+02 _
   1811   778      1 1.0E+00    779 (1.2E-07) 2.6E-02  4.4672319E-01     934          138 6.8E+08 5.1E+02 _
   1812   779      1 1.0E+00    780 (2.7E-07) 5.1E-02  4.4672269E-01     934          138 6.8E+08 5.1E+02 _

   Itns Major Minors    Step   nCon Feasible  Optimal  MeritFunction     L+U BSwap     nS condZHZ Penalty
   1813   780      1 3.7E-01    781 (3.3E-07) 7.5E-02  4.4672199E-01     934          138 6.7E+08 5.1E+02 _
   1814   781      1 1.2E-01    782 (3.7E-07) 4.6E-02  4.4672154E-01     934          138 6.7E+08 5.1E+02 _
   1815   782      1 1.5E-01    783 (4.1E-07) 8.0E-02  4.4672117E-01     941     8    138 2.9E+08 5.1E+02 _  R
   1816   783      1 1.0E+00    784 (9.5E-09) 3.1E-02  4.4672064E-01     941          138 3.0E+08 5.1E+02 _s
   1817   784      1 1.0E+00    785 (4.9E-09) 3.9E-02  4.4672037E-01     941          138 3.0E+08 5.1E+02 _
   1818   785      1 1.0E+00    786 (2.1E-08) 3.5E-02  4.4672020E-01     941          138 2.9E+08 5.1E+02 _
   1819   786      1 1.0E+00    787 (3.4E-08) 4.2E-02  4.4671989E-01     941          138 3.1E+08 5.1E+02 _
   1821   787      2 1.0E+00    788 (2.0E-07) 4.9E-02  4.4671939E-01     957          137 3.1E+08 5.1E+02 _
   1822   788      1 1.0E+00    789 (3.4E-07) 4.7E-02  4.4671882E-01     933     5    137 9.5E+08 5.1E+02 _
   1823   789      1 4.1E-01    790 (4.1E-07) 7.7E-02  4.4671850E-01     933          137 9.5E+08 5.1E+02 _
   1824   790      1 3.5E-01    791 (4.6E-07) 4.5E-02  4.4671806E-01     933          137 9.5E+08 5.1E+02 _
   1825   791      1 3.8E-01    792 (4.3E-07) 3.5E-02  4.4671765E-01     933          137 9.5E+08 5.1E+02 _
   1826   792      1 1.1E-01    793 (4.2E-07) 2.6E-02  4.4671744E-01     933          137 9.6E+08 5.1E+02 _
   1827   793      1 8.4E-02    794 (4.1E-07) 2.1E-02  4.4671728E-01     933          137 9.8E+08 5.1E+02 _  R
   1828   794      1 1.0E+00    795 (4.6E-09) 2.4E-02  4.4671705E-01     933          137 1.0E+09 5.1E+02 _s
   1829   795      1 1.0E+00    796 (5.7E-08) 4.5E-02  4.4671672E-01     933          137 1.0E+09 5.1E+02 _
   1830   796      1 1.0E+00    797 (3.5E-08) 3.7E-02  4.4671620E-01     933          137 9.7E+08 5.1E+02 _
   1831   797      1 1.0E+00    798 (9.2E-08) 3.9E-02  4.4671584E-01     947     6    137 9.6E+08 5.1E+02 _
   1832   798      1 1.0E+00    799 (3.5E-08) 2.7E-02  4.4671547E-01     947          137 9.6E+08 5.1E+02 _
   1833   799      1 1.0E+00    800 (6.5E-08) 2.2E-02  4.4671509E-01     947          137 9.4E+08 5.1E+02 _

   Itns Major Minors    Step   nCon Feasible  Optimal  MeritFunction     L+U BSwap     nS condZHZ Penalty
   1835   800      2 1.0E+00    801 (2.5E-07) 3.2E-02  4.4671463E-01     947          138 9.8E+08 5.1E+02 _
   1837   801      2 1.0E+00    802 (2.5E-07) 2.6E-02  4.4671433E-01     947          137 9.6E+08 5.1E+02 _
   1839   802      2 1.6E-01    803 (3.5E-07) 4.7E-02  4.4671417E-01     947          138 9.6E+08 5.1E+02 _
   1841   803      2 1.0E+00    804 (1.3E-07) 2.2E-02  4.4671354E-01     947          139 9.9E+08 5.1E+02 _
   1842   804      1 3.8E-01    805 (2.6E-07) 3.0E-02  4.4671306E-01     947          139 9.6E+08 5.1E+02 _  R
   1843   805      1 1.0E+00    806 (2.2E-08) 1.4E-02  4.4671278E-01     947          139 9.7E+08 5.1E+02 _s
   1845   806      2 1.0E+00    807 (2.9E-08) 2.0E-02  4.4671242E-01     919     9    138 1.5E+09 5.1E+02 _
   1846   807      1 1.0E+00    808 (5.8E-08) 1.4E-02  4.4671189E-01     919          138 1.5E+09 5.1E+02 _
   1847   808      1 1.0E+00    809 (1.5E-07) 2.2E-02  4.4671147E-01     919          138 1.6E+09 5.1E+02 _
   1848   809      1 1.0E+00    810 (9.1E-08) 3.6E-02  4.4671124E-01     919          138 1.8E+09 5.1E+02 _
   1849   810      1 1.0E+00    811 (2.4E-07) 4.2E-02  4.4671100E-01     919          138 1.8E+09 5.1E+02 _
   1850   811      1 1.0E+00    812 (5.8E-08) 2.3E-02  4.4671065E-01     919          138 1.9E+09 5.1E+02 _
   1852   812      2 1.0E+00    813 (1.9E-08) 2.3E-02  4.4671043E-01     932          137 1.9E+09 5.1E+02 _
   1853   813      1 1.0E+00    814 (1.0E-08) 2.3E-02  4.4671018E-01     934     7    137 8.8E+08 5.1E+02 _
   1854   814      1 3.0E-01    815 (2.1E-08) 2.9E-02  4.4671004E-01     934          137 8.8E+08 5.1E+02 _
   1855   815      1 2.5E-01    816 (2.6E-08) 3.3E-02  4.4670982E-01     934          137 1.0E+09 5.1E+02 _  R
   1856   816      1 1.0E+00    817 (1.1E-09) 1.6E-02  4.4670966E-01     934          137 1.1E+09 5.1E+02 _s
   1857   817      1 1.0E+00    818 (8.8E-09) 4.1E-02  4.4670950E-01     934          137 1.1E+09 5.1E+02 _
   1858   818      1 4.4E-01    819 (1.4E-08) 3.2E-02  4.4670929E-01     934          137 1.1E+09 5.1E+02 _
   1859   819      1 3.6E-01    820 (1.3E-08) 2.5E-02  4.4670916E-01     934          137 1.0E+09 5.1E+02 _

   Itns Major Minors    Step   nCon Feasible  Optimal  MeritFunction     L+U BSwap     nS condZHZ Penalty
   1860   820      1 1.0E+00    821 (1.4E-08) 4.6E-02  4.4670902E-01     934          137 1.0E+09 5.1E+02 _
   1861   821      1 3.7E-01    822 (1.9E-08) 5.1E-02  4.4670894E-01     934          137 1.1E+09 5.1E+02 _
   1862   822      1 1.0E+00    823 (1.0E-08) 2.5E-02  4.4670876E-01     934          137 1.1E+09 5.1E+02 _
   1863   823      1 1.0E+00    824 (7.1E-08) 3.9E-02  4.4670854E-01     957     5    137 1.2E+09 5.1E+02 _
   1864   824      1 1.0E+00    825 (9.2E-08) 3.2E-02  4.4670837E-01     957          137 1.1E+09 5.1E+02 _
   1865   825      1 4.9E-01    826 (7.4E-08) 2.1E-02  4.4670822E-01     957          137 1.2E+09 5.1E+02 _
   1866   826      1 1.0E+00    827 (7.0E-08) 2.6E-02  4.4670798E-01     957          137 1.3E+09 5.1E+02 _  R
   1867   827      1 1.0E+00    828 (1.3E-09) 3.4E-02  4.4670789E-01     957          137 1.3E+09 5.1E+02 _s
   1868   828      1 1.0E+00    829 (1.7E-09) 1.7E-02  4.4670779E-01     957          137 1.3E+09 5.1E+02 _
   1869   829      1 1.0E+00    830 (3.3E-09) 2.4E-02  4.4670769E-01     957          137 1.3E+09 5.1E+02 _
   1870   830      1 1.0E+00    831 (1.6E-08) 2.8E-02  4.4670755E-01     957          137 1.3E+09 5.1E+02 _
   1871   831      1 4.1E-01    832 (4.0E-08) 2.3E-02  4.4670741E-01     957          137 1.3E+09 5.1E+02 _
   1872   832      1 1.0E+00    833 (5.9E-08) 5.1E-02  4.4670734E-01     957          137 1.3E+09 5.1E+02 _
   1873   833      1 1.0E+00    834 (6.8E-09) 2.5E-02  4.4670723E-01     934     5    137 1.3E+09 5.1E+02 _
   1874   834      1 1.0E+00    835 (4.4E-09) 8.9E-03  4.4670718E-01     934          137 1.3E+09 5.1E+02 _
   1875   835      1 1.0E+00    836 (2.3E-09) 4.1E-03  4.4670713E-01     934          137 1.3E+09 5.1E+02 _
   1876   836      1 1.0E+00    837 (2.8E-08) 1.9E-02  4.4670706E-01     934          137 1.3E+09 5.1E+02 _
   1877   837      1 1.0E+00    838 (3.0E-08) 2.7E-02  4.4670698E-01     934          137 1.3E+09 5.1E+02 _  R
   1878   838      1 1.0E+00    839 (6.2E-10) 1.5E-02  4.4670690E-01     934          137 1.2E+09 5.1E+02 _s
   1879   839      1 1.0E+00    840 (2.1E-10) 1.0E-02  4.4670686E-01     934          137 1.2E+09 5.1E+02 _

   Itns Major Minors    Step   nCon Feasible  Optimal  MeritFunction     L+U BSwap     nS condZHZ Penalty
   1880   840      1 1.0E+00    841 (7.4E-10) 5.9E-03  4.4670681E-01     934          137 1.2E+09 5.1E+02 _
   1881   841      1 1.0E+00    842 (5.2E-09) 1.5E-02  4.4670675E-01     934          137 1.2E+09 5.1E+02 _
   1882   842      1 1.0E+00    843 (4.5E-09) 1.0E-02  4.4670670E-01     936     6    137 1.2E+09 5.1E+02 _
   1883   843      1 1.0E+00    844 (1.0E-08) 1.3E-02  4.4670664E-01     936          137 1.2E+09 5.1E+02 _
   1884   844      1 1.0E+00    845 (3.2E-08) 1.2E-02  4.4670655E-01     936          137 1.2E+09 5.1E+02 _
   1885   845      1 1.0E+00    846 (2.1E-08) 1.5E-02  4.4670647E-01     936          137 1.2E+09 5.1E+02 _
   1887   846      2 1.0E+00    847 (2.0E-08) 1.4E-02  4.4670638E-01     936          138 1.2E+09 5.1E+02 _
   1889   847      2 1.0E+00    848 (2.3E-08) 1.3E-02  4.4670635E-01     936          137 1.2E+09 5.1E+02 _
   1890   848      1 1.0E+00    849 (5.2E-10) 8.8E-03  4.4670620E-01     936          137 1.2E+09 5.1E+02 _  R
   1891   849      1 4.8E-01    850 (8.3E-10) 5.9E-03  4.4670620E-01     936          137 1.2E+09 5.1E+02 _s
   1895   850      4 1.0E+00    851 (5.6E-11) 2.4E-02  4.4670618E-01     936          140 1.2E+09 5.1E+02 _
   1896   851      1 3.8E-01    852 (2.1E-09) 4.8E-03  4.4670613E-01     936          140 1.2E+09 5.1E+02 _
   1900   852      4 1.0E+00    853 (3.6E-10) 4.5E-03  4.4670612E-01     914     5    138 1.2E+09 5.1E+02 _
   1903   853      3 1.0E+00    854 (9.1E-09) 5.0E-03  4.4670608E-01     965          137 1.2E+09 5.1E+02 _
   1907   854      4 1.0E+00    855 (4.0E-10) 1.8E-02  4.4670607E-01     933          140 1.2E+09 5.1E+02 _
   1909   855      2 1.0E+00    856 (4.8E-08) 2.3E-02  4.4670602E-01     933          139 1.2E+09 5.1E+02 _
   1913   856      4 1.0E+00    857 (6.9E-10) 9.9E-03  4.4670597E-01     933          139 1.2E+09 5.1E+02 _
   1915   857      2 1.0E+00    858 (5.1E-09) 1.2E-02  4.4670592E-01     933          140 1.2E+09 5.1E+02 _
   1918   858      3 1.0E+00    859 (1.8E-07) 2.5E-02  4.4670582E-01     933          139 1.2E+09 5.1E+02 _
   1919   859      1 1.0E+00    860 (3.6E-08) 2.4E-02  4.4670572E-01     933          139 1.2E+09 5.1E+02 _  R

   Itns Major Minors    Step   nCon Feasible  Optimal  MeritFunction     L+U BSwap     nS condZHZ Penalty
   1920   860      1 1.0E+00    861 (3.4E-10) 1.0E-02  4.4670565E-01     933          139 1.2E+09 5.1E+02 _s
   1923   861      3 1.0E+00    862 (9.3E-10) 9.3E-03  4.4670559E-01     913     6    138 1.3E+09 5.1E+02 _
   1925   862      2 1.0E+00    863 (5.8E-10) 5.3E-03  4.4670557E-01     935          139 1.3E+09 5.1E+02 _
   1926   863      1 1.0E+00    864 (1.5E-09) 6.9E-03  4.4670552E-01     935          139 1.3E+09 5.1E+02 _
   1927   864      1 1.0E+00    865 (1.4E-09) 4.4E-03  4.4670549E-01     935          139 1.3E+09 5.1E+02 _
   1928   865      1 1.0E+00    866 (1.4E-08) 4.4E-03  4.4670544E-01     935          139 1.3E+09 5.1E+02 _
   1929   866      1 1.0E+00    867 (1.3E-08) 8.1E-03  4.4670541E-01     935          139 1.3E+09 5.1E+02 _
   1930   867      1 1.0E+00    868 (1.8E-08) 1.1E-02  4.4670538E-01     935          139 1.3E+09 5.1E+02 _
   1931   868      1 1.0E+00    869 (5.2E-09) 8.8E-03  4.4670533E-01     935          139 1.3E+09 5.1E+02 _
   1933   869      2 1.0E+00    870 (9.0E-09) 6.1E-03  4.4670517E-01     956          138 1.3E+09 5.1E+02 _
   1935   870      2 1.5E-01    871 (1.1E-08) 8.1E-03  4.4670516E-01     932          139 1.3E+09 5.1E+02 _  R
   1936   871      1 1.0E+00    872 (3.3E-09) 3.9E-03  4.4670511E-01     898     7    139 1.4E+09 5.1E+02 _s
   1938   872      2 1.0E+00    873 (9.5E-10) 3.6E-03  4.4670508E-01     914          138 1.4E+09 5.1E+02 _
   1940   873      2 1.0E+00    874 (9.0E-10) 3.6E-03  4.4670505E-01     933          137 1.4E+09 5.1E+02 _
   1941   874      1 1.0E+00    875 (1.6E-08) 3.8E-03  4.4670498E-01     947          137 1.4E+09 5.1E+02 _
   1943   875      2 1.0E+00    876 (8.0E-09) 7.2E-03  4.4670494E-01     947          138 1.4E+09 5.1E+02 _
   1946   876      3 1.0E+00    877 (1.2E-08) 1.1E-02  4.4670488E-01     947          140 1.4E+09 5.1E+02 _
   1949   877      3 1.0E+00    878 (5.2E-08) 4.5E-02  4.4670483E-01     947          138 1.4E+09 5.1E+02 _
   1951   878      2 1.0E+00    879 (7.5E-10) 1.0E-02  4.4670474E-01     947          139 1.4E+09 5.1E+02 _
   1955   879      4 1.0E+00    880 (3.4E-08) 6.2E-03  4.4670461E-01     947          139 1.4E+09 5.1E+02 _

   Itns Major Minors    Step   nCon Feasible  Optimal  MeritFunction     L+U BSwap     nS condZHZ Penalty
   1956   880      1 9.0E-02    881 (7.4E-08) 6.5E-03  4.4670457E-01     914     7    139 1.2E+09 5.1E+02 _
   1957   881      1 4.4E-02    882 (7.5E-08) 6.1E-03  4.4670450E-01     914          139 1.2E+09 5.1E+02 _  R
   1958   882      1 1.4E-01    883 (6.4E-08) 5.8E-03  4.4670446E-01     914          139 1.2E+09 5.1E+02 _s
   1961   883      3 1.0E+00    884 (1.6E-11) 4.8E-03  4.4670445E-01     924          139 1.2E+09 5.1E+02 _
   1962   884      1 1.0E+00    885 (3.6E-10) 5.4E-03  4.4670440E-01     924          139 1.2E+09 5.1E+02 _
   1963   885      1 1.0E+00    886 (6.7E-10) 8.6E-03  4.4670439E-01     924          139 1.2E+09 5.1E+02 _
   1964   886      1 1.0E+00    887 (2.6E-11) 7.1E-03  4.4670438E-01     924          139 1.2E+09 5.1E+02 _
   1965   887      1 1.0E+00    888 (1.7E-10) 4.7E-03  4.4670436E-01     924          139 1.2E+09 5.1E+02 _
   1966   888      1 1.0E+00    889 (4.2E-10) 2.8E-03  4.4670435E-01     924          139 1.2E+09 5.1E+02 _
   1967   889      1 1.0E+00    890 (1.9E-09) 2.5E-03  4.4670433E-01     904     3    139 1.2E+09 5.1E+02 _
   1968   890      1 1.0E+00    891 (7.9E-10) 3.1E-03  4.4670432E-01     904          139 1.2E+09 5.1E+02 _
   1969   891      1 1.0E+00    892 (1.1E-09) 3.0E-03  4.4670431E-01     904          139 1.2E+09 5.1E+02 _
   1970   892      1 1.0E+00    893 (1.9E-09) 4.5E-03  4.4670430E-01     904          139 1.2E+09 5.1E+02 _  R
   1971   893      1 1.0E+00    894 (1.3E-11) 3.9E-03  4.4670429E-01     904          139 1.2E+09 5.1E+02 _s
   1974   894      3 1.0E+00    895 (1.0E-08) 7.7E-03  4.4670428E-01     923          138 1.2E+09 5.1E+02 _
   1975   895      1 4.9E-01    896 (4.9E-09) 8.8E-03  4.4670423E-01     925     4    138 1.2E+09 5.1E+02 _
   1976   896      1 1.0E+00    897 (2.2E-10) 2.8E-03  4.4670420E-01     925          138 1.1E+09 5.1E+02 _
   1978   897      2 1.0E+00    898 (1.9E-09) 4.1E-03  4.4670415E-01     925          139 1.1E+09 5.1E+02 _
   1980   898      2 8.8E-02    899 (2.2E-09) 4.0E-03  4.4670413E-01     925          140 1.1E+09 5.1E+02 _
   1982   899      2 5.9E-02    900 (2.9E-09) 3.7E-03  4.4670410E-01     925          139 1.1E+09 5.1E+02 _

   Itns Major Minors    Step   nCon Feasible  Optimal  MeritFunction     L+U BSwap     nS condZHZ Penalty
   1986   900      4 5.0E-02    901 (3.9E-09) 3.6E-03  4.4670407E-01     925          140 1.1E+09 5.1E+02 _
   1987   901      1 9.2E-02    902 (5.0E-09) 2.5E-03  4.4670406E-01     925          140 1.1E+09 5.1E+02 _
   1991   902      4 1.0E+00    903 (1.7E-08) 1.2E-02  4.4670402E-01     925          138 1.1E+09 5.1E+02 _
   1992   903      1 3.6E-01    904 (2.3E-08) 2.4E-02  4.4670377E-01     925          138 1.0E+09 5.1E+02 _  R
   1993   904      1 1.0E+00    905 (2.2E-09) 1.1E-02  4.4670366E-01     951     7    138 1.0E+09 5.1E+02 _s
   1994   905      1 1.0E+00    906 (1.2E-09) 7.8E-03  4.4670359E-01     951          138 1.1E+09 5.1E+02 _
   1996   906      2 1.0E+00    907 (1.8E-10) 3.9E-03  4.4670355E-01     951          139 1.0E+09 5.1E+02 _
   1997   907      1 1.0E+00    908 (1.2E-10) 2.9E-03  4.4670351E-01     951          139 1.0E+09 5.1E+02 _
   1999   908      2 1.0E+00    909 (2.2E-09) 3.8E-03  4.4670342E-01     951          138 1.0E+09 5.1E+02 _
   2000   909      1 1.0E+00    910 (1.1E-09) 3.2E-03  4.4670336E-01     951          138 1.0E+09 5.1E+02 _
   2001   910      1 3.3E-02    911 (1.1E-09) 3.4E-03  4.4670335E-01     951          138 1.0E+09 5.1E+02 _
   2002   911      1 6.9E-02    912 (1.1E-09) 3.6E-03  4.4670334E-01     951          138 1.0E+09 5.1E+02 _
   2003   912      1 1.0E+00    913 (6.3E-08) 1.4E-02  4.4670331E-01     951          138 1.0E+09 5.1E+02 _
   2006   913      3 1.0E+00    914 (3.9E-09) 1.1E-02  4.4670313E-01     951          140 8.2E+08 5.1E+02 _
   2008   914      2 1.8E-01    915 (4.8E-08) 7.6E-03  4.4670310E-01     941     7    139 7.9E+08 5.1E+02 _  R
   2011   915      3 1.0E+00    916 (2.9E-10) 4.2E-03  4.4670291E-01     957          139 7.1E+08 5.1E+02 _s
   2013   916      2 3.9E-01    917 (4.4E-09) 1.2E-02  4.4670276E-01     925          138 7.1E+08 5.1E+02 _
   2014   917      1 1.0E+00    918 (2.2E-09) 1.7E-02  4.4670265E-01     925          138 7.1E+08 5.1E+02 _
   2015   918      1 1.0E+00    919 (3.6E-09) 3.8E-02  4.4670259E-01     925          138 6.5E+08 5.1E+02 _
   2016   919      1 1.0E+00    920 (2.1E-09) 2.3E-02  4.4670252E-01     925          138 6.9E+08 5.1E+02 _

   Itns Major Minors    Step   nCon Feasible  Optimal  MeritFunction     L+U BSwap     nS condZHZ Penalty
   2017   920      1 1.0E+00    921 (3.2E-09) 1.0E-02  4.4670237E-01     925          138 6.1E+08 5.1E+02 _
   2018   921      1 1.0E+00    922 (7.2E-09) 2.8E-02  4.4670229E-01     925          138 6.1E+08 5.1E+02 _
   2019   922      1 1.0E+00    923 (8.6E-09) 1.1E-02  4.4670211E-01     925          138 6.1E+08 5.1E+02 _
   2020   923      1 1.0E+00    924 (5.9E-08) 9.1E-02  4.4670192E-01     925          138 6.1E+08 5.1E+02 _
   2021   924      1 1.0E+00    925 (1.7E-07) 5.6E-02  4.4670180E-01     923          138 6.1E+08 5.1E+02 _
   2022   925      1 1.0E+00    926 (9.1E-09) 2.7E-02  4.4670113E-01     923          138 6.1E+08 5.1E+02 _  R
   2023   926      1 1.0E+00    927 (9.0E-09) 4.4E-02  4.4670106E-01     924          138 6.1E+08 5.1E+02 _s
   2024   927      1 1.0E+00    928 (1.7E-09) 1.5E-02  4.4670071E-01     924          138 6.1E+08 5.1E+02 _
   2025   928      1 1.0E+00    929 (6.1E-10) 1.3E-02  4.4670065E-01     924          138 6.1E+08 5.1E+02 _
   2027   929      2 1.0E+00    930 (2.3E-09) 2.6E-02  4.4670054E-01     923          139 6.1E+08 5.1E+02 _
   2028   930      1 1.0E+00    931 (5.2E-09) 2.7E-02  4.4670036E-01     923          139 6.1E+08 5.1E+02 _
   2030   931      2 1.0E+00    932 (1.5E-08) 4.5E-02  4.4670014E-01     923          138 6.1E+08 5.1E+02 _
   2031   932      1 4.5E-01    933 (1.7E-08) 2.8E-02  4.4669997E-01     923          138 6.1E+08 5.1E+02 _
   2032   933      1 4.8E-02    934 (1.7E-08) 2.7E-02  4.4669993E-01     952     7    138 5.2E+08 5.1E+02 _
   2033   934      1 3.0E-02    935 (1.8E-08) 2.5E-02  4.4669987E-01     952          138 5.2E+08 5.1E+02 _
   2034   935      1 4.1E-02    936 (1.8E-08) 2.3E-02  4.4669985E-01     952          138 5.2E+08 5.1E+02 _
   2035   936      1 1.0E+00    937 (8.2E-10) 1.0E-02  4.4669973E-01     952          138 5.2E+08 5.1E+02 _  R
   2036   937      1 4.2E-01    938 (7.2E-10) 6.7E-03  4.4669970E-01     952          138 5.2E+08 5.1E+02 _s
   2038   938      2 1.0E+00    939 (3.4E-11) 4.3E-03  4.4669966E-01     952          139 5.2E+08 5.1E+02 _
   2039   939      1 1.0E+00    940 (1.2E-09) 2.0E-02  4.4669957E-01     952          139 5.2E+08 5.1E+02 _

   Itns Major Minors    Step   nCon Feasible  Optimal  MeritFunction     L+U BSwap     nS condZHZ Penalty
   2042   940      3 1.0E+00    941 (3.0E-10) 2.0E-02  4.4669950E-01     952          138 5.2E+08 5.1E+02 _
   2044   941      2 1.0E+00    942 (3.8E-09) 2.4E-02  4.4669935E-01     952          139 5.2E+08 5.1E+02 _
   2045   942      1 1.0E+00    943 (5.9E-09) 2.0E-02  4.4669920E-01     917     5    139 5.2E+08 5.1E+02 _
   2046   943      1 1.0E+00    944 (2.3E-08) 2.3E-02  4.4669902E-01     918          139 5.3E+08 5.1E+02 _
   2048   944      2 1.0E+00    945 (3.7E-09) 2.1E-02  4.4669890E-01     947          138 5.3E+08 5.1E+02 _
   2049   945      1 1.0E+00    946 (8.3E-08) 3.5E-02  4.4669856E-01     944          138 5.2E+08 5.1E+02 _
   2051   946      2 1.0E+00    947 (7.5E-09) 4.1E-02  4.4669836E-01     944          139 5.2E+08 5.1E+02 _
   2052   947      1 1.0E+00    948 (6.7E-08) 4.5E-02  4.4669801E-01     944          139 5.2E+08 5.1E+02 _  R
   2055   948      3 1.0E+00    949 (2.2E-10) 3.0E-02  4.4669785E-01     944          139 5.2E+08 5.1E+02 _s
   2058   949      3 3.0E-02    950 (2.2E-10) 2.7E-02  4.4669782E-01     944          141 5.2E+08 5.1E+02 _
   2060   950      2 3.7E-02    951 (2.4E-08) 2.3E-02  4.4669774E-01     944          140 5.2E+08 5.1E+02 _
   2062   951      2 5.3E-02    952 (2.8E-08) 4.2E-02  4.4669774E-01     944          139 5.2E+08 5.1E+02 _
   2064   952      2 1.0E+00    953 (4.4E-09) 2.2E-02  4.4669753E-01     930     7    138 5.7E+08 5.1E+02 _
   2067   953      3 4.5E-01    954 (2.7E-09) 1.4E-02  4.4669742E-01     952          140 5.7E+08 5.1E+02 _
   2070   954      3 1.0E+00    955 (2.1E-09) 1.4E-02  4.4669726E-01     951          140 5.7E+08 5.1E+02 _
   2074   955      4 4.2E-01    956 (1.4E-08) 2.1E-02  4.4669696E-01     925     6    139 5.2E+08 5.1E+02 _
   2077   956      3 1.0E+00    957 (1.1E-08) 3.0E-02  4.4669667E-01     924          139 5.2E+08 5.1E+02 _
   2079   957      2 1.0E+00    958 (1.5E-09) 7.4E-03  4.4669645E-01     924          138 5.2E+08 5.1E+02 _
   2080   958      1 1.0E+00    959 (5.9E-09) 4.4E-02  4.4669633E-01     924          138 5.2E+08 5.1E+02 _  R
   2081   959      1 1.0E+00    960 (2.6E-09) 3.0E-02  4.4669623E-01     924          138 5.2E+08 5.1E+02 _s

   Itns Major Minors    Step   nCon Feasible  Optimal  MeritFunction     L+U BSwap     nS condZHZ Penalty
   2082   960      1 1.0E+00    961 (2.8E-10) 8.8E-03  4.4669613E-01     924          138 5.2E+08 5.1E+02 _
   2083   961      1 1.0E+00    962 (1.0E-09) 8.9E-03  4.4669606E-01     924          138 5.2E+08 5.1E+02 _
   2084   962      1 1.0E+00    963 (3.6E-09) 1.5E-02  4.4669597E-01     924          138 5.2E+08 5.1E+02 _
   2085   963      1 1.0E+00    964 (1.2E-08) 1.7E-02  4.4669587E-01     955     5    138 5.3E+08 5.1E+02 _
   2086   964      1 1.0E+00    965 (1.6E-09) 1.2E-02  4.4669579E-01     955          138 5.3E+08 5.1E+02 _
   2087   965      1 1.0E+00    966 (8.4E-10) 6.4E-03  4.4669573E-01     955          138 5.3E+08 5.1E+02 _
   2088   966      1 1.0E+00    967 (6.5E-09) 1.4E-02  4.4669561E-01     955          138 5.3E+08 5.1E+02 _
   2089   967      1 1.0E+00    968 (6.4E-09) 2.5E-02  4.4669550E-01     955          138 5.3E+08 5.1E+02 _
   2090   968      1 1.0E+00    969 (5.3E-08) 4.0E-02  4.4669521E-01     956          138 5.3E+08 5.1E+02 _
   2091   969      1 1.0E+00    970 (5.5E-08) 2.2E-02  4.4669508E-01     940          138 5.3E+08 5.1E+02 _  R
   2092   970      1 1.0E+00    971 (3.2E-10) 1.0E-02  4.4669498E-01     940          138 5.3E+08 5.1E+02 _s
   2093   971      1 1.0E+00    972 (2.2E-09) 2.5E-02  4.4669477E-01     925     5    138 5.4E+08 5.1E+02 _
   2094   972      1 1.0E+00    973 (1.4E-09) 1.5E-02  4.4669469E-01     924          138 5.4E+08 5.1E+02 _
   2095   973      1 1.0E+00    974 (2.1E-10) 4.3E-03  4.4669465E-01     924          138 5.4E+08 5.1E+02 _
   2096   974      1 1.0E+00    975 (1.6E-10) 6.8E-03  4.4669463E-01     924          138 5.4E+08 5.1E+02 _
   2097   975      1 1.0E+00    976 (2.0E-09) 1.4E-02  4.4669458E-01     953          138 5.4E+08 5.1E+02 _
   2098   976      1 1.0E+00    977 (3.3E-09) 2.1E-02  4.4669454E-01     953          138 5.4E+08 5.1E+02 _
   2099   977      1 4.4E-01    978 (3.2E-09) 1.3E-02  4.4669453E-01     953          138 5.4E+08 5.1E+02 _
   2101   978      2 1.0E+00    979 (5.2E-09) 1.3E-02  4.4669447E-01     958     7    139 5.3E+08 5.1E+02 _
   2105   979      4 1.0E+00    980 (3.6E-09) 1.3E-02  4.4669437E-01     958          140 5.3E+08 5.1E+02 _

   Itns Major Minors    Step   nCon Feasible  Optimal  MeritFunction     L+U BSwap     nS condZHZ Penalty
   2107   980      2 1.0E+00    981 (7.7E-08) 1.9E-02  4.4669432E-01     958          139 5.3E+08 5.1E+02 _  R
   2111   981      4 1.0E+00    982 (7.2E-09) 7.0E-03  4.4669416E-01     958          140 5.4E+08 5.1E+02 _s
   2112   982      1 1.0E+00    983 (1.2E-09) 1.1E-02  4.4669411E-01     958          140 5.4E+08 5.1E+02 _
   2115   983      3 1.0E+00    984 (5.6E-10) 5.0E-03  4.4669406E-01     958          139 5.4E+08 5.1E+02 _
   2118   984      3 1.0E+00    985 (4.5E-10) 1.3E-02  4.4669403E-01     958          138 5.5E+08 5.1E+02 _
   2121   985      3 1.0E+00    986 (2.4E-09) 7.4E-03  4.4669398E-01     958          140 5.4E+08 5.1E+02 _
   2122   986      1 1.0E+00    987 (1.7E-08) 2.2E-02  4.4669394E-01     958          140 5.5E+08 5.1E+02 _
   2123   987      1 1.0E+00    988 (8.7E-09) 1.5E-02  4.4669385E-01     910     7    140 5.7E+08 5.1E+02 _
   2124   988      1 1.0E+00    989 (2.2E-08) 1.2E-02  4.4669372E-01     910          140 5.8E+08 5.1E+02 _
   2127   989      3 1.0E+00    990 (1.1E-07) 9.8E-03  4.4669355E-01     899          139 5.8E+08 5.1E+02 _
   2130   990      3 1.0E+00    991 (3.1E-07) 6.2E-02  4.4669341E-01     954          139 7.1E+08 5.1E+02 _
   2131   991      1 1.0E+00    992 (5.5E-07) 5.8E-02  4.4669313E-01     936          139 5.9E+08 5.1E+02 _  R
   2132   992      1 1.0E+00    993 (4.3E-09) 1.5E-02  4.4669281E-01     936          139 5.7E+08 5.1E+02 _s
   2133   993      1 1.0E+00    994 (1.0E-09) 2.5E-02  4.4669272E-01     936          139 6.4E+08 5.1E+02 _
   2136   994      3 1.0E+00    995 (3.4E-09) 2.1E-02  4.4669261E-01     936          138 6.5E+08 5.1E+02 _
   2138   995      2 1.0E+00    996 (3.2E-09) 1.6E-02  4.4669247E-01     940     4    139 5.8E+08 5.1E+02 _
   2139   996      1 1.0E+00    997 (4.6E-09) 1.5E-02  4.4669240E-01     939          139 5.7E+08 5.1E+02 _
   2141   997      2 1.0E+00    998 (2.1E-09) 1.4E-02  4.4669233E-01     939          138 5.8E+08 5.1E+02 _
   2142   998      1 1.0E+00    999 (1.3E-09) 1.7E-02  4.4669225E-01     955          138 5.7E+08 5.1E+02 _
   2143   999      1 1.0E+00   1000 (5.8E-09) 2.1E-02  4.4669212E-01     955          138 5.8E+08 5.1E+02 _

   Itns Major Minors    Step   nCon Feasible  Optimal  MeritFunction     L+U BSwap     nS condZHZ Penalty
   2144  1000      1 1.0E+00   1001 (1.6E-07) 3.1E-02  4.4669189E-01     956          138 5.7E+08 5.1E+02 _
   2145  1001      1 1.0E+00   1002 (1.1E-08) 8.7E-03  4.4669180E-01     955          138 5.7E+08 5.1E+02 _
   2146  1002      1 1.0E+00   1003 (6.7E-09) 5.7E-03  4.4669171E-01     955          138 6.4E+08 5.1E+02 _  R
   2147  1003      1 1.0E+00   1004 (3.4E-10) 5.2E-03  4.4669168E-01     955          138 6.4E+08 5.1E+02 _s
   2148  1004      1 1.0E+00   1005 (3.8E-09) 1.2E-02  4.4669161E-01     955          138 6.4E+08 5.1E+02 _
   2150  1005      2 4.7E-01   1006 (5.5E-09) 1.1E-02  4.4669156E-01     955          139 6.4E+08 5.1E+02 _
   2153  1006      3 1.0E+00   1007 (5.4E-09) 8.4E-03  4.4669149E-01     926     5    139 7.2E+08 5.1E+02 _
   2155  1007      2 1.0E+00   1008 (1.1E-08) 1.2E-02  4.4669146E-01     959          138 7.4E+08 5.1E+02 _
   2156  1008      1 1.0E+00   1009 (8.3E-09) 1.4E-02  4.4669138E-01     959          138 7.6E+08 5.1E+02 _
   2157  1009      1 1.0E+00   1010 (5.1E-08) 1.5E-02  4.4669123E-01     958          138 8.0E+08 5.1E+02 _
   2158  1010      1 1.0E+00   1011 (1.3E-07) 2.1E-02  4.4669119E-01     935          138 8.1E+08 5.1E+02 _
   2160  1011      2 1.0E+00   1012 (1.1E-08) 1.4E-02  4.4669096E-01     946     2    139 7.2E+08 5.1E+02 _
   2161  1012      1 1.0E+00   1013 (2.0E-07) 4.0E-02  4.4669091E-01     946          139 6.7E+08 5.1E+02 _
   2163  1013      2 1.0E+00   1014 (1.2E-07) 3.0E-02  4.4669071E-01     946          138 6.6E+08 5.1E+02 _  R
   2164  1014      1 1.0E+00   1015 (7.2E-09) 5.6E-02  4.4669067E-01     946          138 6.8E+08 5.1E+02 _s
   2165  1015      1 1.0E+00   1016 (1.5E-09) 9.8E-03  4.4669040E-01     946          138 6.8E+08 5.1E+02 _
   2166  1016      1 1.0E+00   1017 (6.1E-10) 1.4E-02  4.4669035E-01     946          138 7.1E+08 5.1E+02 _
   2167  1017      1 1.0E+00   1018 (7.8E-10) 9.7E-03  4.4669028E-01     946          138 6.9E+08 5.1E+02 _
   2168  1018      1 1.0E+00   1019 (9.2E-09) 1.3E-02  4.4669015E-01     954          138 7.2E+08 5.1E+02 _
   2169  1019      1 1.0E+00   1020 (2.9E-09) 7.4E-03  4.4669011E-01     954          138 7.3E+08 5.1E+02 _

   Itns Major Minors    Step   nCon Feasible  Optimal  MeritFunction     L+U BSwap     nS condZHZ Penalty
   2170  1020      1 1.0E+00   1021 (1.3E-09) 5.6E-03  4.4669007E-01     953     5    138 7.4E+08 5.1E+02 _
   2171  1021      1 1.0E+00   1022 (8.1E-09) 1.5E-02  4.4668999E-01     953          138 7.8E+08 5.1E+02 _
   2173  1022      2 1.0E+00   1023 (9.0E-09) 1.4E-02  4.4668990E-01     953          139 7.3E+08 5.1E+02 _
   2175  1023      2 1.0E+00   1024 (4.0E-08) 2.7E-02  4.4668989E-01     953          138 7.2E+08 5.1E+02 _
   2176  1024      1 1.0E+00   1025 (3.3E-09) 8.1E-03  4.4668978E-01     952          138 7.3E+08 5.1E+02 _  R
   2178  1025      2 1.0E+00   1026 (2.5E-10) 6.4E-03  4.4668971E-01     952          139 7.6E+08 5.1E+02 _s
   2179  1026      1 1.0E+00   1027 (5.0E-10) 3.2E-03  4.4668968E-01     952          139 7.6E+08 5.1E+02 _
   2183  1027      4 1.0E+00   1028 (1.3E-09) 1.5E-02  4.4668964E-01     952          139 8.1E+08 5.1E+02 _
   2185  1028      2 1.0E+00   1029 (2.6E-08) 1.1E-02  4.4668959E-01     952          138 8.1E+08 5.1E+02 _
   2187  1029      2 1.0E+00   1030 (9.8E-10) 3.7E-03  4.4668951E-01     927     5    139 1.2E+09 5.1E+02 _
   2189  1030      2 1.0E+00   1031 (1.3E-08) 7.3E-03  4.4668946E-01     927          138 1.2E+09 5.1E+02 _
   2191  1031      2 1.0E+00   1032 (9.3E-09) 1.2E-02  4.4668939E-01     928          139 1.2E+09 5.1E+02 _
   2193  1032      2 1.0E+00   1033 (5.7E-08) 1.5E-02  4.4668927E-01     928          140 1.2E+09 5.1E+02 _
   2194  1033      1 1.0E+00   1034 (3.9E-07) 3.1E-02  4.4668920E-01     928          140 1.2E+09 5.1E+02 _
   2197  1034      3 1.0E+00   1035 (7.7E-09) 6.2E-03  4.4668899E-01     928          139 1.2E+09 5.1E+02 _
   2198  1035      1 1.0E+00   1036 (9.5E-08) 1.4E-02  4.4668896E-01     928          139 1.2E+09 5.1E+02 _  R
   2199  1036      1 4.7E-01   1037 (5.0E-08) 6.4E-03  4.4668890E-01     928          139 1.2E+09 5.1E+02 _s
   2200  1037      1 1.0E+00   1038 (2.7E-09) 5.1E-03  4.4668882E-01     928          139 1.2E+09 5.1E+02 _
   2203  1038      3 1.0E+00   1039 (3.3E-10) 3.5E-03  4.4668869E-01     928          138 1.2E+09 5.1E+02 _
   2205  1039      2 1.0E+00   1040 (1.8E-10) 3.2E-03  4.4668863E-01     928          139 1.2E+09 5.1E+02 _

   Itns Major Minors    Step   nCon Feasible  Optimal  MeritFunction     L+U BSwap     nS condZHZ Penalty
   2206  1040      1 1.0E+00   1041 (2.8E-10) 4.4E-03  4.4668858E-01     934     3    139 8.7E+08 5.1E+02 _
   2207  1041      1 1.0E+00   1042 (1.9E-09) 5.5E-03  4.4668854E-01     934          139 8.6E+08 5.1E+02 _
   2208  1042      1 1.0E+00   1043 (1.1E-10) 5.8E-03  4.4668851E-01     934          139 8.7E+08 5.1E+02 _
   2211  1043      3 1.0E+00   1044 (9.1E-10) 2.8E-03  4.4668848E-01     956          138 8.7E+08 5.1E+02 _
   2213  1044      2 1.0E+00   1045 (6.1E-10) 5.3E-03  4.4668846E-01     953          139 8.8E+08 5.1E+02 _
   2214  1045      1 1.0E+00   1046 (7.8E-09) 1.3E-02  4.4668842E-01     953          139 8.9E+08 5.1E+02 _
   2215  1046      1 1.0E+00   1047 (2.2E-09) 1.9E-03  4.4668840E-01     953          139 8.1E+08 5.1E+02 _  R
   2217  1047      2 1.0E+00   1048 (3.0E-10) 1.4E-03  4.4668836E-01     953          140 8.1E+08 5.1E+02 _s
   2219  1048      2 1.0E+00   1049 (9.3E-11) 3.3E-03  4.4668833E-01     953          141 8.4E+08 5.1E+02 _
   2220  1049      1 1.0E+00   1050 (5.8E-10) 6.5E-04  4.4668831E-01     953          141 8.6E+08 5.1E+02 _
   2221  1050      1 1.0E+00   1051 (4.3E-10) 3.2E-03  4.4668830E-01     867     6    141 1.0E+09 5.1E+02 _
   2222  1051      1 1.0E+00   1052 (3.2E-10) 1.2E-03  4.4668828E-01     867          141 1.0E+09 5.1E+02 _
   2226  1052      4 1.0E+00   1053 (1.0E-09) 1.6E-02  4.4668825E-01     909          139 1.1E+09 5.1E+02 _
   2229  1053      3 1.0E+00   1054 (1.6E-08) 8.8E-03  4.4668819E-01     930          141 1.1E+09 5.1E+02 _
   2232  1054      3 1.0E+00   1055 (2.2E-08) 1.1E-02  4.4668814E-01     928          140 1.1E+09 5.1E+02 _
   2234  1055      2 1.0E+00   1056 (2.8E-08) 2.7E-02  4.4668808E-01     928          141 1.1E+09 5.1E+02 _
   2238  1056      4 1.0E+00   1057 (2.9E-07) 1.6E-02  4.4668782E-01     927          141 1.1E+09 5.1E+02 _
   2240  1057      2 3.2E-01   1058 (5.0E-07) 6.4E-03  4.4668781E-01     928          140 1.1E+09 5.1E+02 _  R
   2242  1058      2 1.0E+00   1059 (6.8E-10) 1.5E-02  4.4668766E-01     928          139 1.1E+09 5.1E+02 _s
   2245  1059      3 3.4E-01   1060 (3.8E-09) 7.4E-03  4.4668730E-01     905     6    141 6.2E+08 5.1E+02 _

   Itns Major Minors    Step   nCon Feasible  Optimal  MeritFunction     L+U BSwap     nS condZHZ Penalty
   2249  1060      4 4.1E-01   1061 (2.4E-08) 2.9E-02  4.4668722E-01     906          139 6.2E+08 5.1E+02 _
   2250  1061      1 1.0E+00   1062 (2.1E-09) 1.6E-02  4.4668715E-01     906          139 6.2E+08 5.1E+02 _
   2254  1062      4 1.0E+00   1063 (4.2E-09) 1.9E-02  4.4668713E-01     925          140 6.2E+08 5.1E+02 _
   2255  1063      1 1.0E+00   1064 (7.6E-09) 9.5E-03  4.4668708E-01     925          140 6.2E+08 5.1E+02 _
   2256  1064      1 1.0E+00   1065 (1.9E-08) 3.5E-02  4.4668705E-01     925          140 6.2E+08 5.1E+02 _
   2259  1065      3 1.0E+00   1066 (2.5E-08) 1.5E-02  4.4668693E-01     925          139 6.2E+08 5.1E+02 _
   2263  1066      4 1.0E+00   1067 (3.3E-08) 2.3E-02  4.4668683E-01     925          139 6.1E+08 5.1E+02 _
   2265  1067      2 1.0E+00   1068 (3.6E-07) 6.4E-02  4.4668668E-01     937     5    138 6.2E+08 5.1E+02 _
   2266  1068      1 1.0E+00   1069 (2.6E-07) 2.5E-02  4.4668652E-01     926          138 6.1E+08 5.1E+02 _  R
   2267  1069      1 1.0E+00   1070 (1.1E-08) 5.5E-02  4.4668635E-01     926          138 6.1E+08 5.1E+02 _s
   2268  1070      1 1.0E+00   1071 (2.9E-09) 5.3E-02  4.4668615E-01     926          138 6.2E+08 5.1E+02 _
   2269  1071      1 1.0E+00   1072 (1.4E-09) 3.9E-02  4.4668610E-01     926          138 6.1E+08 5.1E+02 _
   2270  1072      1 1.0E+00   1073 (6.8E-10) 1.6E-02  4.4668603E-01     926          138 6.1E+08 5.1E+02 _
   2271  1073      1 1.0E+00   1074 (1.3E-09) 1.4E-02  4.4668601E-01     927          138 6.0E+08 5.1E+02 _
   2272  1074      1 1.0E+00   1075 (5.5E-10) 7.4E-03  4.4668597E-01     927          138 6.2E+08 5.1E+02 _
   2273  1075      1 4.7E-01   1076 (5.3E-10) 9.3E-03  4.4668595E-01     927          138 6.5E+08 5.1E+02 _
   2274  1076      1 1.0E+00   1077 (1.3E-09) 5.6E-03  4.4668592E-01     927          138 6.5E+08 5.1E+02 _
   2275  1077      1 1.0E+00   1078 (2.7E-09) 9.2E-03  4.4668590E-01     926          138 6.5E+08 5.1E+02 _
   2277  1078      2 1.0E+00   1079 (1.1E-09) 9.9E-03  4.4668586E-01     926          139 6.9E+08 5.1E+02 _
   2279  1079      2 2.3E-01   1080 (2.0E-09) 1.0E-02  4.4668586E-01     926          138 7.7E+08 5.1E+02 _  R

   Itns Major Minors    Step   nCon Feasible  Optimal  MeritFunction     L+U BSwap     nS condZHZ Penalty
   2280  1080      1 1.0E+00   1081 (3.3E-10) 5.6E-03  4.4668582E-01     926          138 7.8E+08 5.1E+02 _s
   2281  1081      1 1.0E+00   1082 (1.2E-10) 3.9E-03  4.4668580E-01     926          138 7.7E+08 5.1E+02 _
   2283  1082      2 1.0E+00   1083 (1.7E-10) 2.5E-03  4.4668579E-01     926          139 8.0E+08 5.1E+02 _
   2284  1083      1 1.0E+00   1084 (1.4E-09) 7.4E-03  4.4668577E-01     926          139 8.0E+08 5.1E+02 _
   2285  1084      1 3.6E-01   1085 (1.7E-09) 7.6E-03  4.4668576E-01     922     6    139 6.9E+08 5.1E+02 _
   2286  1085      1 1.0E+00   1086 (4.9E-09) 6.4E-03  4.4668576E-01     922          139 6.8E+08 5.1E+02 _
   2290  1086      4 1.0E+00   1087 (1.5E-09) 6.4E-03  4.4668571E-01     952          139 7.0E+08 5.1E+02 _
   2293  1087      3 1.0E+00   1088 (9.1E-09) 7.0E-03  4.4668565E-01     925          141 7.0E+08 5.1E+02 _
   2295  1088      2 3.7E-01   1089 (1.6E-08) 1.0E-02  4.4668564E-01     925          140 6.9E+08 5.1E+02 _
   2298  1089      3 1.0E+00   1090 (2.4E-08) 8.6E-03  4.4668554E-01     925          140 6.9E+08 5.1E+02 _
   2299  1090      1 1.0E+00   1091 (2.7E-07) 1.1E-02  4.4668535E-01     925          140 7.1E+08 5.1E+02 _  R
   2301  1091      2 1.0E+00   1092 (9.3E-10) 7.0E-03  4.4668522E-01     925          141 7.1E+08 5.1E+02 _s
   2304  1092      3 1.0E+00   1093 (1.1E-09) 5.3E-03  4.4668519E-01     925          140 7.2E+08 5.1E+02 _
   2307  1093      3 1.0E+00   1094 (9.5E-10) 3.9E-03  4.4668516E-01     925          140 7.2E+08 5.1E+02 _
   2308  1094      1 1.0E+00   1095 (1.7E-09) 3.9E-03  4.4668514E-01     925          140 7.2E+08 5.1E+02 _
   2309  1095      1 1.0E+00   1096 (1.9E-09) 4.3E-03  4.4668512E-01     925          140 7.2E+08 5.1E+02 _
   2313  1096      4 1.0E+00   1097 (1.1E-09) 3.3E-03  4.4668510E-01     925          138 7.2E+08 5.1E+02 _
   2315  1097      2 1.0E+00   1098 (2.3E-09) 4.1E-03  4.4668507E-01     925          139 7.2E+08 5.1E+02 _
   2316  1098      1 4.1E-01   1099 (2.1E-08) 6.0E-03  4.4668506E-01     925          139 7.2E+08 5.1E+02 _
   2320  1099      4 1.0E+00   1100 (1.9E-08) 1.5E-02  4.4668497E-01     925          140 7.2E+08 5.1E+02 _

   Itns Major Minors    Step   nCon Feasible  Optimal  MeritFunction     L+U BSwap     nS condZHZ Penalty
   2322  1100      2 1.0E+00   1101 (4.5E-07) 1.0E-02  4.4668490E-01     925          139 7.2E+08 5.1E+02 _
   2323  1101      1 1.0E+00   1102 (7.1E-09) 6.3E-03  4.4668474E-01     925          139 7.2E+08 5.1E+02 _  R
   2328  1102      5 1.0E+00   1103 (9.9E-10) 7.5E-03  4.4668462E-01     925          141 7.2E+08 5.1E+02 _s
   2330  1103      2 4.7E-01   1104 (1.1E-08) 1.0E-02  4.4668454E-01     925          140 7.2E+08 5.1E+02 _
   2331  1104      1 4.8E-01   1105 (7.4E-09) 5.0E-03  4.4668452E-01     925          140 7.2E+08 5.1E+02 _
   2333  1105      2 1.0E+00   1106 (2.3E-09) 6.9E-03  4.4668449E-01     925          139 7.2E+08 5.1E+02 _
   2335  1106      2 1.0E+00   1107 (3.2E-09) 9.4E-03  4.4668446E-01     958     7    138 7.3E+08 5.1E+02 _
   2336  1107      1 1.0E+00   1108 (1.5E-09) 5.8E-03  4.4668443E-01     947          138 7.7E+08 5.1E+02 _
   2337  1108      1 1.0E+00   1109 (1.2E-08) 1.2E-02  4.4668440E-01     947          138 7.9E+08 5.1E+02 _
   2339  1109      2 1.0E+00   1110 (3.9E-09) 1.0E-02  4.4668433E-01     947          139 7.7E+08 5.1E+02 _
   2340  1110      1 1.0E+00   1111 (3.1E-08) 1.0E-02  4.4668428E-01     947          139 8.2E+08 5.1E+02 _
   2342  1111      2 1.0E+00   1112 (1.2E-08) 1.3E-02  4.4668419E-01     947          138 8.0E+08 5.1E+02 _
   2343  1112      1 1.0E+00   1113 (1.4E-07) 2.2E-02  4.4668404E-01     947          138 7.7E+08 5.1E+02 _  R
   2344  1113      1 4.2E-01   1114 (8.4E-08) 1.7E-02  4.4668398E-01     947          138 7.7E+08 5.1E+02 _s
   2346  1114      2 1.0E+00   1115 (9.5E-11) 4.7E-03  4.4668394E-01     947          139 7.7E+08 5.1E+02 _
   2347  1115      1 1.0E+00   1116 (3.5E-10) 3.8E-03  4.4668391E-01     947          139 7.7E+08 5.1E+02 _
   2348  1116      1 1.0E+00   1117 (2.1E-10) 4.3E-03  4.4668390E-01     947          139 7.7E+08 5.1E+02 _
   2349  1117      1 1.0E+00   1118 (1.7E-09) 5.3E-03  4.4668388E-01     937     6    139 7.5E+08 5.1E+02 _
   2350  1118      1 1.0E+00   1119 (5.0E-09) 5.9E-03  4.4668385E-01     937          139 7.5E+08 5.1E+02 _
   2351  1119      1 1.0E+00   1120 (1.0E-08) 8.2E-03  4.4668382E-01     937          139 7.5E+08 5.1E+02 _

   Itns Major Minors    Step   nCon Feasible  Optimal  MeritFunction     L+U BSwap     nS condZHZ Penalty
   2352  1120      1 1.0E+00   1121 (4.5E-09) 8.9E-03  4.4668379E-01     937          139 7.5E+08 5.1E+02 _
   2353  1121      1 1.0E+00   1122 (1.4E-08) 1.0E-02  4.4668372E-01     937          139 7.5E+08 5.1E+02 _
   2356  1122      3 1.0E+00   1123 (2.3E-08) 1.3E-02  4.4668370E-01     956          139 7.5E+08 5.1E+02 _
   2357  1123      1 1.0E+00   1124 (4.5E-09) 6.6E-03  4.4668363E-01     925          139 7.5E+08 5.1E+02 _  R
   2362  1124      5 1.0E+00   1125 (5.4E-11) 3.2E-03  4.4668360E-01     925          140 7.5E+08 5.1E+02 _s
   2363  1125      1 1.0E+00   1126 (2.7E-09) 6.6E-03  4.4668358E-01     925          140 7.5E+08 5.1E+02 _
   2366  1126      3 3.4E-01   1127 (1.9E-09) 3.6E-03  4.4668355E-01     925          139 7.5E+08 5.1E+02 _
   2368  1127      2 1.0E+00   1128 (9.3E-10) 9.9E-03  4.4668354E-01     925          138 7.5E+08 5.1E+02 _
   2370  1128      2 1.0E+00   1129 (1.1E-09) 5.9E-03  4.4668350E-01     925          139 7.5E+08 5.1E+02 _
   2372  1129      2 1.0E+00   1130 (3.1E-09) 5.6E-03  4.4668347E-01     925          140 7.5E+08 5.1E+02 _
   2375  1130      3 1.0E+00   1131 (1.8E-08) 8.3E-03  4.4668341E-01     925          140 7.5E+08 5.1E+02 _
   2377  1131      2 1.0E+00   1132 (9.2E-08) 1.8E-02  4.4668335E-01     926          139 7.5E+08 5.1E+02 _
   2378  1132      1 1.0E+00   1133 (1.1E-07) 9.4E-03  4.4668320E-01     927          139 7.5E+08 5.1E+02 _
   2381  1133      3 2.4E-01   1134 (9.8E-08) 8.5E-03  4.4668311E-01     927          141 7.5E+08 5.1E+02 _
   2384  1134      3 9.8E-02   1135 (1.0E-07) 1.0E-02  4.4668304E-01     927          139 7.5E+08 5.1E+02 _  R
   2386  1135      2 1.0E+00   1136 (2.2E-09) 7.1E-03  4.4668295E-01     927          140 7.5E+08 5.1E+02 _s
   2391  1136      5 1.0E+00   1137 (2.3E-09) 5.2E-03  4.4668292E-01     927          139 7.5E+08 5.1E+02 _
   2392  1137      1 1.0E+00   1138 (3.1E-09) 5.4E-03  4.4668287E-01     927          139 7.5E+08 5.1E+02 _
   2395  1138      3 1.0E+00   1139 (4.5E-08) 9.0E-03  4.4668278E-01     926          138 7.5E+08 5.1E+02 _
   2396  1139      1 1.0E+00   1140 (8.6E-09) 2.0E-02  4.4668274E-01     926          138 9.0E+08 5.1E+02 _

   Itns Major Minors    Step   nCon Feasible  Optimal  MeritFunction     L+U BSwap     nS condZHZ Penalty
   2397  1140      1 1.0E+00   1141 (6.3E-08) 1.3E-02  4.4668269E-01     953     5    138 1.0E+09 5.1E+02 _
   2399  1141      2 1.0E+00   1142 (5.0E-10) 1.7E-02  4.4668263E-01     952          139 1.2E+09 5.1E+02 _
   2401  1142      2 1.0E+00   1143 (7.0E-09) 9.3E-03  4.4668255E-01     952          138 1.1E+09 5.1E+02 _
   2403  1143      2 1.0E+00   1144 (1.7E-07) 1.3E-02  4.4668237E-01     952          139 1.1E+09 5.1E+02 _
   2405  1144      2 1.9E-01   1145 (2.1E-07) 1.7E-02  4.4668227E-01     952          138 1.2E+09 5.1E+02 _
   2407  1145      2 1.0E-01   1146 (2.5E-07) 2.4E-02  4.4668218E-01     951          139 1.3E+09 5.1E+02 _  R
   2408  1146      1 1.0E+00   1147 (9.8E-10) 1.0E-02  4.4668209E-01     951          139 1.3E+09 5.1E+02 _s
   2411  1147      3 1.0E+00   1148 (4.7E-10) 5.6E-03  4.4668205E-01     951          138 1.3E+09 5.1E+02 _
   2415  1148      4 1.0E+00   1149 (1.0E-09) 5.0E-03  4.4668202E-01     951          141 1.3E+09 5.1E+02 _
   2416  1149      1 1.0E+00   1150 (8.7E-09) 7.3E-03  4.4668196E-01     897     7    141 1.3E+09 5.1E+02 _
   2419  1150      3 1.0E+00   1151 (2.4E-08) 5.4E-03  4.4668190E-01     916          140 1.3E+09 5.1E+02 _
   2421  1151      2 1.0E+00   1152 (1.2E-08) 4.2E-03  4.4668185E-01     928          139 1.3E+09 5.1E+02 _
   2422  1152      1 1.0E+00   1153 (1.2E-07) 1.5E-02  4.4668179E-01     926          139 1.3E+09 5.1E+02 _
   2425  1153      3 1.0E+00   1154 (1.2E-09) 8.4E-03  4.4668169E-01     954          138 1.3E+09 5.1E+02 _
   2426  1154      1 1.0E+00   1155 (2.1E-08) 7.4E-03  4.4668158E-01     926          138 1.3E+09 5.1E+02 _
   2429  1155      3 1.0E+00   1156 (8.6E-08) 1.0E-02  4.4668147E-01     926          140 1.3E+09 5.1E+02 _
   2431  1156      2 1.0E+00   1157  1.3E-06  4.0E-02  4.4668120E-01     926          139 1.3E+09 5.1E+02 _  R
   2432  1157      1 1.0E+00   1158 (5.6E-09) 2.0E-02  4.4668102E-01     926          139 1.3E+09 5.1E+02 _s
   2435  1158      3 1.0E+00   1159 (1.2E-09) 1.3E-02  4.4668092E-01     926          138 1.3E+09 5.1E+02 _
   2436  1159      1 1.0E+00   1160 (6.2E-09) 1.4E-02  4.4668081E-01     926          138 1.3E+09 5.1E+02 _

   Itns Major Minors    Step   nCon Feasible  Optimal  MeritFunction     L+U BSwap     nS condZHZ Penalty
   2437  1160      1 1.0E+00   1161 (2.8E-09) 9.5E-03  4.4668077E-01     926          138 1.3E+09 5.1E+02 _
   2438  1161      1 1.0E+00   1162 (3.3E-08) 7.8E-03  4.4668071E-01     926          138 1.3E+09 5.1E+02 _
   2439  1162      1 1.0E+00   1163 (7.2E-09) 1.3E-02  4.4668067E-01     926          138 1.3E+09 5.1E+02 _
   2440  1163      1 1.0E+00   1164 (2.8E-09) 8.8E-03  4.4668063E-01     926          138 1.3E+09 5.1E+02 _
   2441  1164      1 1.0E+00   1165 (2.0E-08) 8.9E-03  4.4668059E-01     926          138 1.3E+09 5.1E+02 _
   2443  1165      2 1.0E+00   1166 (3.2E-08) 9.0E-03  4.4668051E-01     926          139 1.3E+09 5.1E+02 _
   2444  1166      1 1.0E+00   1167 (8.4E-08) 6.1E-03  4.4668046E-01     926          139 1.3E+09 5.1E+02 _
   2445  1167      1 1.0E+00   1168 (1.2E-07) 1.3E-02  4.4668033E-01     926          139 1.3E+09 5.1E+02 _  R
   2447  1168      2 1.0E+00   1169 (5.2E-10) 6.5E-03  4.4668026E-01     926          140 1.3E+09 5.1E+02 _s
   2448  1169      1 1.0E+00   1170 (5.8E-09) 6.7E-03  4.4668018E-01     926          140 1.3E+09 5.1E+02 _
   2452  1170      4 1.0E+00   1171 (3.0E-09) 1.0E-02  4.4668012E-01     926          138 1.3E+09 5.1E+02 _
   2454  1171      2 1.0E+00   1172 (3.5E-09) 5.8E-03  4.4668007E-01     926          139 1.3E+09 5.1E+02 _
   2455  1172      1 1.0E+00   1173 (1.3E-08) 1.2E-02  4.4668002E-01     926          139 1.3E+09 5.1E+02 _
   2456  1173      1 1.0E+00   1174 (1.2E-08) 7.8E-03  4.4667997E-01     926          139 1.4E+09 5.1E+02 _
   2457  1174      1 1.0E+00   1175 (2.4E-08) 1.0E-02  4.4667988E-01     926          139 1.3E+09 5.1E+02 _
   2458  1175      1 1.0E+00   1176 (1.0E-07) 1.5E-02  4.4667982E-01     926          139 1.4E+09 5.1E+02 _
   2459  1176      1 1.0E+00   1177 (7.5E-09) 5.8E-03  4.4667972E-01     926          139 1.4E+09 5.1E+02 _
   2462  1177      3 1.0E+00   1178 (3.0E-08) 1.6E-02  4.4667960E-01     926          138 1.4E+09 5.1E+02 _
   2463  1178      1 1.0E+00   1179 (3.3E-07) 2.0E-02  4.4667940E-01     926          138 1.3E+09 5.1E+02 _  R
   2464  1179      1 1.0E+00   1180 (2.3E-09) 2.5E-02  4.4667934E-01     926          138 1.2E+09 5.1E+02 _s

   Itns Major Minors    Step   nCon Feasible  Optimal  MeritFunction     L+U BSwap     nS condZHZ Penalty
   2465  1180      1 1.0E+00   1181 (3.6E-10) 7.9E-03  4.4667927E-01     926          138 1.2E+09 5.1E+02 _
   2466  1181      1 1.0E+00   1182 (1.1E-09) 5.4E-03  4.4667924E-01     926          138 1.2E+09 5.1E+02 _
   2467  1182      1 1.0E+00   1183 (8.6E-09) 6.9E-03  4.4667919E-01     926          138 1.2E+09 5.1E+02 _
   2469  1183      2 1.0E+00   1184 (5.8E-09) 7.1E-03  4.4667915E-01     925     3    139 1.2E+09 5.1E+02 _
   2470  1184      1 1.0E+00   1185 (3.0E-08) 1.5E-02  4.4667910E-01     925          139 1.2E+09 5.1E+02 _
   2472  1185      2 1.0E+00   1186 (1.6E-08) 7.7E-03  4.4667905E-01     925          140 1.1E+09 5.1E+02 _
   2476  1186      4 1.0E+00   1187 (4.6E-08) 8.0E-03  4.4667899E-01     925          138 1.1E+09 5.1E+02 _
   2478  1187      2 1.0E+00   1188 (6.3E-08) 7.0E-03  4.4667893E-01     925          139 1.2E+09 5.1E+02 _
   2479  1188      1 1.0E+00   1189 (1.4E-07) 6.1E-03  4.4667885E-01     925          139 1.2E+09 5.1E+02 _
   2480  1189      1 1.0E+00   1190 (3.8E-07) 9.4E-03  4.4667872E-01     926          139 1.1E+09 5.1E+02 _  R
   2482  1190      2 1.0E+00   1191 (2.0E-09) 8.0E-03  4.4667865E-01     926          138 1.1E+09 5.1E+02 _s
   2483  1191      1 1.0E+00   1192 (4.0E-08) 2.5E-02  4.4667846E-01     925          138 1.1E+09 5.1E+02 _
   2484  1192      1 1.0E+00   1193 (7.2E-09) 1.4E-02  4.4667842E-01     925          138 1.1E+09 5.1E+02 _
   2485  1193      1 1.0E+00   1194 (7.4E-09) 2.3E-02  4.4667834E-01     950     5    138 1.1E+09 5.1E+02 _
   2486  1194      1 1.0E+00   1195 (3.8E-09) 1.3E-02  4.4667828E-01     950          138 1.3E+09 5.1E+02 _
   2487  1195      1 1.0E+00   1196 (9.1E-09) 1.4E-02  4.4667824E-01     950          138 1.2E+09 5.1E+02 _
   2488  1196      1 1.0E+00   1197 (4.3E-08) 7.2E-03  4.4667817E-01     950          138 1.2E+09 5.1E+02 _
   2489  1197      1 1.0E+00   1198 (1.7E-07) 2.2E-02  4.4667809E-01     950          138 1.3E+09 5.1E+02 _
   2490  1198      1 1.0E+00   1199 (1.3E-07) 1.2E-02  4.4667795E-01     950          138 1.3E+09 5.1E+02 _
   2491  1199      1 1.0E+00   1200 (6.2E-07) 2.8E-02  4.4667775E-01     951          138 1.3E+09 5.1E+02 _

   Itns Major Minors    Step   nCon Feasible  Optimal  MeritFunction     L+U BSwap     nS condZHZ Penalty
   2492  1200      1 2.3E-01   1201 (5.3E-07) 1.0E-02  4.4667765E-01     951          138 1.3E+09 5.1E+02 _  R
   2493  1201      1 1.0E+00   1202 (4.1E-09) 1.5E-02  4.4667753E-01     951          138 1.3E+09 5.1E+02 _s
   2494  1202      1 1.0E+00   1203 (5.0E-09) 8.8E-03  4.4667742E-01     950          138 1.3E+09 5.1E+02 _
   2495  1203      1 1.0E+00   1204 (1.5E-08) 1.7E-02  4.4667737E-01     925     5    138 1.4E+09 5.1E+02 _
   2496  1204      1 1.0E+00   1205 (6.8E-09) 7.4E-03  4.4667729E-01     925          138 1.4E+09 5.1E+02 _
   2497  1205      1 1.0E+00   1206 (1.3E-08) 1.6E-02  4.4667725E-01     925          138 1.3E+09 5.1E+02 _
   2499  1206      2 1.0E+00   1207 (2.6E-08) 1.6E-02  4.4667718E-01     925          139 1.4E+09 5.1E+02 _
   2502  1207      3 1.0E+00   1208 (1.8E-07) 1.2E-02  4.4667711E-01     925          139 1.3E+09 5.1E+02 _
   2505  1208      3 1.0E+00   1209 (1.6E-07) 2.0E-02  4.4667696E-01     925          141 1.4E+09 5.1E+02 _
   2508  1209      3 1.0E+00   1210  1.6E-06  1.6E-02  4.4667681E-01     925          139 1.4E+09 5.1E+02 _
   2509  1210      1 1.0E+00   1211  1.5E-06  1.2E-02  4.4667656E-01     925          139 1.4E+09 5.1E+02 _
   2510  1211      1 1.7E-01   1212  2.1E-06  2.0E-02  4.4667640E-01     926          139 1.4E+09 5.1E+02 _  R
   2512  1212      2 1.0E+00   1213 (5.6E-09) 2.5E-02  4.4667625E-01     929     7    140 1.4E+09 5.1E+02 _s
   2515  1213      3 1.0E+00   1214 (2.6E-09) 1.3E-02  4.4667602E-01     947          140 1.4E+09 5.1E+02 _
   2516  1214      1 1.0E+00   1215 (4.6E-09) 1.3E-02  4.4667591E-01     952          140 1.4E+09 5.1E+02 _
   2519  1215      3 1.0E+00   1216 (4.2E-09) 1.1E-02  4.4667584E-01     952          140 1.4E+09 5.1E+02 _
   2524  1216      5 1.0E+00   1217 (2.8E-08) 8.4E-03  4.4667575E-01     952          139 1.4E+09 5.1E+02 _
   2526  1217      2 1.0E+00   1218 (5.5E-08) 2.7E-02  4.4667573E-01     952          138 1.4E+09 5.1E+02 _
   2530  1218      4 1.0E+00   1219 (2.2E-09) 1.4E-02  4.4667563E-01     952          141 1.4E+09 5.1E+02 _
   2533  1219      3 1.0E+00   1220 (3.0E-08) 7.9E-03  4.4667552E-01     952          141 1.4E+09 5.1E+02 _

   Itns Major Minors    Step   nCon Feasible  Optimal  MeritFunction     L+U BSwap     nS condZHZ Penalty
   2537  1220      4 1.0E+00   1221 (1.3E-07) 3.0E-02  4.4667538E-01     951          139 1.4E+09 5.1E+02 _
   2539  1221      2 4.0E-01   1222 (6.0E-07) 1.2E-02  4.4667513E-01     951          138 1.4E+09 5.1E+02 _
   2540  1222      1 1.0E+00   1223  1.8E-06  5.5E-02  4.4667491E-01     947     6    138 1.4E+09 5.1E+02 _  R
   2541  1223      1 1.0E+00   1224 (1.1E-08) 9.9E-03  4.4667465E-01     947          138 1.4E+09 5.1E+02 _s
   2545  1224      4 1.0E+00   1225 (8.1E-10) 2.5E-02  4.4667449E-01     947          141 1.4E+09 5.1E+02 _
   2548  1225      3 1.0E+00   1226 (8.3E-09) 1.3E-02  4.4667442E-01     947          139 1.4E+09 5.1E+02 _
   2550  1226      2 1.0E+00   1227 (1.4E-09) 1.0E-02  4.4667437E-01     947          138 1.4E+09 5.1E+02 _
   2551  1227      1 1.0E+00   1228 (7.1E-09) 7.8E-03  4.4667432E-01     948          138 1.4E+09 5.1E+02 _
   2553  1228      2 2.1E-01   1229 (6.9E-09) 9.4E-03  4.4667430E-01     948          139 1.4E+09 5.1E+02 _
   2554  1229      1 4.5E-01   1230 (1.0E-08) 1.0E-02  4.4667427E-01     948          139 1.4E+09 5.1E+02 _
   2556  1230      2 1.0E+00   1231 (2.7E-08) 1.8E-02  4.4667425E-01     948          138 1.4E+09 5.1E+02 _
   2557  1231      1 1.0E+00   1232 (2.2E-08) 1.4E-02  4.4667418E-01     953     3    138 1.6E+09 5.1E+02 _
   2558  1232      1 1.0E+00   1233 (5.2E-08) 1.1E-02  4.4667408E-01     953          138 1.6E+09 5.1E+02 _
   2559  1233      1 1.0E+00   1234 (6.8E-07) 1.2E-02  4.4667391E-01     954          138 1.6E+09 5.1E+02 _  R
   2560  1234      1 1.0E+00   1235 (4.8E-09) 1.6E-02  4.4667384E-01     954          138 1.6E+09 5.1E+02 _s
   2561  1235      1 1.0E+00   1236 (1.2E-09) 1.4E-02  4.4667378E-01     953          138 1.6E+09 5.1E+02 _
   2562  1236      1 1.0E+00   1237 (7.4E-10) 1.1E-02  4.4667375E-01     953          138 1.6E+09 5.1E+02 _
   2563  1237      1 1.0E+00   1238 (3.1E-09) 1.7E-02  4.4667371E-01     953          138 1.6E+09 5.1E+02 _
   2564  1238      1 1.0E+00   1239 (1.3E-08) 1.2E-02  4.4667366E-01     953          138 1.6E+09 5.1E+02 _
   2565  1239      1 1.0E+00   1240 (3.3E-09) 6.8E-03  4.4667363E-01     953          138 1.6E+09 5.1E+02 _

   Itns Major Minors    Step   nCon Feasible  Optimal  MeritFunction     L+U BSwap     nS condZHZ Penalty
   2566  1240      1 1.0E+00   1241 (5.7E-09) 1.1E-02  4.4667359E-01     953          138 1.6E+09 5.1E+02 _
   2567  1241      1 1.0E+00   1242 (4.9E-08) 1.7E-02  4.4667353E-01     945     5    138 1.4E+09 5.1E+02 _
   2569  1242      2 1.0E+00   1243 (1.6E-08) 1.4E-02  4.4667346E-01     945          139 1.4E+09 5.1E+02 _
   2571  1243      2 1.0E+00   1244 (8.6E-08) 1.2E-02  4.4667345E-01     945          138 1.4E+09 5.1E+02 _
   2572  1244      1 1.0E+00   1245 (8.4E-10) 1.1E-02  4.4667337E-01     945          138 1.4E+09 5.1E+02 _  R
   2573  1245      1 1.0E+00   1246 (4.2E-10) 4.5E-03  4.4667334E-01     945          138 1.4E+09 5.1E+02 _s
   2575  1246      2 1.0E+00   1247 (2.7E-10) 5.2E-03  4.4667332E-01     945          139 1.4E+09 5.1E+02 _
   2576  1247      1 1.0E+00   1248 (2.0E-09) 4.0E-03  4.4667329E-01     945          139 1.4E+09 5.1E+02 _
   2577  1248      1 1.0E+00   1249 (3.3E-09) 3.3E-03  4.4667327E-01     945          139 1.4E+09 5.1E+02 _
   2579  1249      2 1.0E+00   1250 (9.1E-09) 1.0E-02  4.4667323E-01     945          140 1.4E+09 5.1E+02 _
   2582  1250      3 1.0E+00   1251 (1.0E-08) 1.4E-02  4.4667322E-01     941     9    139 1.5E+09 5.1E+02 _
   2586  1251      4 1.0E+00   1252 (3.9E-09) 7.7E-03  4.4667317E-01     932          142 1.5E+09 5.1E+02 _
   2590  1252      4 1.0E+00   1253 (1.6E-08) 7.3E-03  4.4667314E-01     954          140 1.5E+09 5.1E+02 _
   2595  1253      5 1.0E+00   1254 (4.8E-08) 4.9E-03  4.4667308E-01     942          141 1.5E+09 5.1E+02 _
   2597  1254      2 1.0E+00   1255 (2.0E-07) 6.8E-03  4.4667301E-01     942          142 1.5E+09 5.1E+02 _
   2600  1255      3 1.0E+00   1256 (1.3E-07) 5.2E-03  4.4667296E-01     942          141 1.5E+09 5.1E+02 _  R
   2606  1256      6 1.0E+00   1257 (3.6E-10) 2.5E-02  4.4667293E-01     942          141 1.6E+09 5.1E+02 _s
   2611  1257      5 1.6E-01   1258 (1.0E-08) 1.8E-02  4.4667283E-01     942          140 1.6E+09 5.1E+02 _
   2613  1258      2 1.4E-01   1259 (2.0E-08) 8.9E-03  4.4667275E-01     942          141 1.7E+09 5.1E+02 _
   2617  1259      4 3.5E-01   1260 (7.2E-08) 7.4E-03  4.4667267E-01     942          138 1.7E+09 5.1E+02 _

   Itns Major Minors    Step   nCon Feasible  Optimal  MeritFunction     L+U BSwap     nS condZHZ Penalty
   2618  1260      1 3.9E-01   1261 (7.6E-08) 1.2E-02  4.4667261E-01     942          138 1.8E+09 5.1E+02 _
   2619  1261      1 2.5E-01   1262 (6.5E-08) 1.8E-02  4.4667258E-01     942          138 1.9E+09 5.1E+02 _
   2620  1262      1 3.8E-01   1263 (5.0E-08) 1.2E-02  4.4667253E-01     942          138 1.9E+09 5.1E+02 _
   2621  1263      1 1.0E+00   1264 (1.1E-07) 3.5E-02  4.4667249E-01     943          138 1.9E+09 5.1E+02 _
   2622  1264      1 2.8E-01   1265 (1.2E-07) 3.1E-02  4.4667241E-01     943          138 2.0E+09 5.1E+02 _
   2623  1265      1 2.6E-01   1266 (1.2E-07) 2.0E-02  4.4667231E-01     943          138 2.1E+09 5.1E+02 _
   2624  1266      1 3.1E-01   1267 (1.5E-07) 3.5E-02  4.4667222E-01     950     6    138 2.4E+09 5.1E+02 _  R
   2625  1267      1 3.6E-01   1268 (9.9E-08) 1.5E-02  4.4667214E-01     950          138 2.4E+09 5.1E+02 _s
   2626  1268      1 1.0E+00   1269 (1.3E-09) 8.9E-03  4.4667212E-01     950          138 1.8E+09 5.1E+02 _
   2627  1269      1 1.0E+00   1270 (1.3E-09) 1.6E-02  4.4667209E-01     950          138 1.8E+09 5.1E+02 _
   2628  1270      1 1.0E+00   1271 (1.2E-09) 1.4E-02  4.4667207E-01     950          138 1.8E+09 5.1E+02 _
   2629  1271      1 1.0E+00   1272 (6.5E-10) 1.2E-02  4.4667205E-01     950          138 1.8E+09 5.1E+02 _
   2630  1272      1 1.0E+00   1273 (1.2E-09) 1.5E-02  4.4667204E-01     950          138 1.8E+09 5.1E+02 _
   2631  1273      1 1.0E+00   1274 (8.6E-10) 9.6E-03  4.4667202E-01     950          138 1.8E+09 5.1E+02 _
   2632  1274      1 1.0E+00   1275 (4.2E-09) 1.6E-02  4.4667200E-01     950          138 1.8E+09 5.1E+02 _
   2633  1275      1 1.0E+00   1276 (5.9E-09) 1.0E-02  4.4667197E-01     950          138 2.0E+09 5.1E+02 _
   2634  1276      1 1.0E+00   1277 (2.3E-08) 1.7E-02  4.4667195E-01     946     6    138 1.9E+09 5.1E+02 _
   2636  1277      2 1.0E+00   1278 (8.5E-09) 1.5E-02  4.4667188E-01     946          139 1.7E+09 5.1E+02 _  R
   2637  1278      1 1.0E+00   1279 (4.2E-10) 1.3E-02  4.4667186E-01     946          139 1.7E+09 5.1E+02 _s
   2639  1279      2 1.0E+00   1280 (7.0E-11) 4.1E-03  4.4667185E-01     946          140 1.7E+09 5.1E+02 _

   Itns Major Minors    Step   nCon Feasible  Optimal  MeritFunction     L+U BSwap     nS condZHZ Penalty
   2640  1280      1 1.0E+00   1281 (4.4E-10) 5.4E-03  4.4667184E-01     946          140 1.8E+09 5.1E+02 _
   2643  1281      3 1.0E+00   1282 (1.3E-09) 8.9E-03  4.4667183E-01     946          139 1.8E+09 5.1E+02 _
   2647  1282      4 1.0E+00   1283 (2.3E-08) 1.3E-02  4.4667179E-01     946          140 1.7E+09 5.1E+02 _
   2650  1283      3 1.0E+00   1284 (8.0E-08) 3.5E-02  4.4667177E-01     946          138 1.7E+09 5.1E+02 _
   2652  1284      2 1.0E+00   1285 (2.3E-09) 2.9E-02  4.4667171E-01     946          139 1.9E+09 5.1E+02 _
   2655  1285      3 1.0E+00   1286 (1.5E-08) 1.6E-02  4.4667165E-01     924     6    139 1.9E+09 5.1E+02 _
   2658  1286      3 1.0E+00   1287 (1.9E-07) 1.0E-02  4.4667152E-01     951          139 2.0E+09 5.1E+02 _
   2661  1287      3 1.0E+00   1288  3.1E-06  3.3E-02  4.4667145E-01     952          139 2.0E+09 5.1E+02 _
   2662  1288      1 1.0E+00   1289 (4.5E-07) 5.0E-02  4.4667114E-01     937     4    139 1.9E+09 5.1E+02 _  R
   2666  1289      4 1.0E+00   1290 (9.4E-10) 4.3E-02  4.4667096E-01     953          140 1.8E+09 5.1E+02 _s
   2669  1290      3 3.0E-01   1291 (3.3E-09) 2.3E-02  4.4667083E-01     945          140 1.9E+09 5.1E+02 _
   2671  1291      2 4.1E-01   1292 (4.5E-09) 2.7E-02  4.4667068E-01     945          139 1.9E+09 5.1E+02 _
   2672  1292      1 4.3E-01   1293 (3.1E-09) 1.3E-02  4.4667061E-01     945          139 1.9E+09 5.1E+02 _
   2675  1293      3 1.0E+00   1294 (3.4E-09) 3.6E-02  4.4667060E-01     945          138 1.8E+09 5.1E+02 _
   2677  1294      2 1.0E+00   1295 (1.3E-09) 8.4E-03  4.4667054E-01     945          139 1.8E+09 5.1E+02 _
   2678  1295      1 4.4E-01   1296 (1.3E-09) 1.3E-02  4.4667052E-01     945          139 1.8E+09 5.1E+02 _
   2681  1296      3 1.0E+00   1297 (5.7E-09) 1.4E-02  4.4667049E-01     945          138 1.8E+09 5.1E+02 _
   2683  1297      2 1.0E+00   1298 (2.1E-08) 1.8E-02  4.4667045E-01     945          139 1.8E+09 5.1E+02 _
   2686  1298      3 1.0E+00   1299 (6.2E-08) 1.5E-02  4.4667039E-01     945          139 1.8E+09 5.1E+02 _
   2688  1299      2 1.0E+00   1300 (1.4E-07) 2.4E-02  4.4667037E-01     944          138 1.9E+09 5.1E+02 _  R

   Itns Major Minors    Step   nCon Feasible  Optimal  MeritFunction     L+U BSwap     nS condZHZ Penalty
   2689  1300      1 1.0E+00   1301 (2.3E-09) 1.8E-02  4.4667030E-01     925     5    138 1.9E+09 5.1E+02 _s
   2690  1301      1 1.0E+00   1302 (5.8E-10) 1.0E-02  4.4667022E-01     925          138 1.9E+09 5.1E+02 _
   2691  1302      1 1.0E+00   1303 (8.5E-10) 8.6E-03  4.4667018E-01     925          138 1.9E+09 5.1E+02 _
   2692  1303      1 1.0E+00   1304 (1.3E-09) 7.1E-03  4.4667015E-01     925          138 1.9E+09 5.1E+02 _
   2693  1304      1 1.0E+00   1305 (9.6E-09) 1.1E-02  4.4667011E-01     925          138 1.9E+09 5.1E+02 _
   2695  1305      2 1.0E+00   1306 (6.3E-09) 6.5E-03  4.4667008E-01     925          139 1.9E+09 5.1E+02 _
   2696  1306      1 1.0E+00   1307 (2.2E-08) 9.4E-03  4.4667005E-01     925          139 1.9E+09 5.1E+02 _
   2699  1307      3 1.0E+00   1308 (2.1E-08) 5.5E-03  4.4667000E-01     925          138 1.9E+09 5.1E+02 _
   2701  1308      2 1.0E+00   1309 (4.1E-07) 2.1E-02  4.4666987E-01     925          139 1.9E+09 5.1E+02 _
   2703  1309      2 1.0E+00   1310 (2.8E-07) 2.4E-02  4.4666977E-01     955     5    138 1.9E+09 5.1E+02 _
   2705  1310      2 1.0E+00   1311  1.3E-06  1.6E-02  4.4666956E-01     945          139 1.9E+09 5.1E+02 _  R
   2706  1311      1 1.0E+00   1312 (3.7E-09) 9.1E-03  4.4666941E-01     945          139 1.9E+09 5.1E+02 _s
   2707  1312      1 1.0E+00   1313 (6.1E-09) 1.6E-02  4.4666932E-01     945          139 1.9E+09 5.1E+02 _
   2709  1313      2 1.0E+00   1314 (4.0E-09) 1.3E-02  4.4666925E-01     945          138 1.9E+09 5.1E+02 _
   2710  1314      1 1.0E+00   1315 (2.1E-08) 1.1E-02  4.4666924E-01     945          138 1.9E+09 5.1E+02 _
   2712  1315      2 1.0E+00   1316 (7.7E-09) 2.3E-02  4.4666914E-01     946          139 1.9E+09 5.1E+02 _
   2713  1316      1 8.7E-02   1317 (1.1E-08) 2.0E-02  4.4666912E-01     946          139 2.1E+09 5.1E+02 _
   2714  1317      1 1.9E-02   1318 (1.3E-08) 2.0E-02  4.4666911E-01     946          139 2.2E+09 5.1E+02 _
   2715  1318      1 3.9E-01   1319 (4.6E-08) 2.2E-02  4.4666901E-01     946          139 2.2E+09 5.1E+02 _
   2717  1319      2 1.0E+00   1320 (1.3E-07) 1.8E-02  4.4666890E-01     946          140 2.2E+09 5.1E+02 _

   Itns Major Minors    Step   nCon Feasible  Optimal  MeritFunction     L+U BSwap     nS condZHZ Penalty
   2719  1320      2 1.0E+00   1321 (8.6E-08) 1.3E-02  4.4666882E-01     946          139 2.2E+09 5.1E+02 _
   2720  1321      1 1.0E+00   1322 (1.1E-08) 1.3E-02  4.4666877E-01     946          139 2.1E+09 5.1E+02 _  R
   2721  1322      1 1.0E+00   1323 (1.8E-09) 1.1E-02  4.4666872E-01     946          139 2.1E+09 5.1E+02 _s
   2722  1323      1 1.0E+00   1324 (1.9E-09) 8.4E-03  4.4666867E-01     946          139 2.1E+09 5.1E+02 _
   2723  1324      1 1.0E+00   1325 (1.4E-08) 1.2E-02  4.4666861E-01     946          139 2.1E+09 5.1E+02 _
   2725  1325      2 1.0E+00   1326 (4.5E-08) 1.3E-02  4.4666854E-01     945          138 2.1E+09 5.1E+02 _
   2726  1326      1 1.0E+00   1327 (7.1E-08) 1.4E-02  4.4666847E-01     945          138 2.1E+09 5.1E+02 _
   2728  1327      2 1.0E+00   1328 (6.9E-08) 1.6E-02  4.4666840E-01     945          139 2.1E+09 5.1E+02 _
   2730  1328      2 1.0E+00   1329 (4.8E-07) 1.4E-02  4.4666826E-01     945          140 2.1E+09 5.1E+02 _
   2734  1329      4 1.0E+00   1330 (1.0E-07) 1.3E-02  4.4666815E-01     945          140 2.1E+09 5.1E+02 _
   2738  1330      4 1.0E+00   1331 (5.4E-07) 1.4E-02  4.4666790E-01     946          141 2.1E+09 5.1E+02 _
   2741  1331      3 1.0E+00   1332  3.0E-06  6.2E-02  4.4666772E-01     925     3    141 1.9E+09 5.1E+02 _
   2743  1332      2 4.7E-01   1333  3.6E-06  6.7E-02  4.4666740E-01     926          140 1.9E+09 5.1E+02 _  R
   2745  1333      2 1.0E+00   1334 (3.2E-08) 1.4E-02  4.4666694E-01     925          139 1.9E+09 5.1E+02 _s
   2746  1334      1 1.0E+00   1335 (2.6E-09) 1.2E-02  4.4666684E-01     924          139 1.9E+09 5.1E+02 _
   2748  1335      2 1.0E+00   1336 (8.1E-09) 1.1E-02  4.4666673E-01     924          140 1.9E+09 5.1E+02 _
   2752  1336      4 1.0E+00   1337 (5.9E-08) 1.4E-02  4.4666656E-01     952     5    138 2.0E+09 5.1E+02 _
   2753  1337      1 1.0E+00   1338 (4.3E-08) 1.2E-02  4.4666642E-01     952          138 2.0E+09 5.1E+02 _
   2754  1338      1 1.0E+00   1339 (5.1E-08) 1.7E-02  4.4666631E-01     951          138 2.0E+09 5.1E+02 _
   2755  1339      1 1.0E+00   1340 (9.4E-09) 1.3E-02  4.4666622E-01     945     5    138 2.2E+09 5.1E+02 _

   Itns Major Minors    Step   nCon Feasible  Optimal  MeritFunction     L+U BSwap     nS condZHZ Penalty
   2757  1340      2 1.0E+00   1341 (6.6E-09) 8.5E-03  4.4666616E-01     945          139 2.2E+09 5.1E+02 _
   2760  1341      3 1.0E+00   1342 (1.4E-07) 1.2E-02  4.4666605E-01     946          139 2.2E+09 5.1E+02 _
   2761  1342      1 1.0E+00   1343 (1.3E-07) 1.1E-02  4.4666597E-01     946          139 2.2E+09 5.1E+02 _
   2762  1343      1 1.0E+00   1344 (4.0E-07) 7.0E-03  4.4666581E-01     947          139 2.2E+09 5.1E+02 _  R
   2766  1344      4 1.0E+00   1345 (2.5E-09) 2.8E-02  4.4666572E-01     947          139 2.2E+09 5.1E+02 _s
   2767  1345      1 1.0E+00   1346 (1.7E-08) 1.9E-02  4.4666564E-01     945          139 2.2E+09 5.1E+02 _
   2769  1346      2 1.0E+00   1347 (1.2E-08) 2.1E-02  4.4666554E-01     945          138 2.2E+09 5.1E+02 _
   2770  1347      1 1.0E+00   1348 (1.9E-09) 8.1E-03  4.4666548E-01     945          138 2.2E+09 5.1E+02 _
   2772  1348      2 1.0E+00   1349 (7.5E-09) 8.1E-03  4.4666542E-01     945          139 2.2E+09 5.1E+02 _
   2774  1349      2 1.0E+00   1350 (8.1E-08) 1.0E-02  4.4666534E-01     960     6    138 2.0E+09 5.1E+02 _
   2775  1350      1 1.0E+00   1351 (1.6E-07) 2.0E-02  4.4666522E-01     954          138 1.9E+09 5.1E+02 _
   2776  1351      1 1.0E+00   1352  1.5E-06  4.4E-02  4.4666504E-01     954          138 1.9E+09 5.1E+02 _
   2777  1352      1 1.0E+00   1353 (4.0E-07) 9.1E-02  4.4666478E-01     953          138 1.9E+09 5.1E+02 _
   2780  1353      3 1.0E+00   1354 (5.6E-07) 2.5E-02  4.4666436E-01     954          140 2.0E+09 5.1E+02 _
   2781  1354      1 1.0E+00   1355  5.9E-06  8.8E-02  4.4666387E-01     955          140 2.3E+09 5.1E+02 _  R
   2783  1355      2 1.0E+00   1356 (9.8E-08) 3.6E-02  4.4666345E-01     955          139 2.3E+09 5.1E+02 _s
   2785  1356      2 1.0E+00   1357 (2.7E-09) 1.6E-02  4.4666323E-01     953          138 2.5E+09 5.1E+02 _
   2786  1357      1 1.0E+00   1358 (3.0E-09) 1.2E-02  4.4666316E-01     953          138 2.5E+09 5.1E+02 _
   2787  1358      1 1.0E+00   1359 (4.5E-10) 1.1E-02  4.4666310E-01     953          138 2.6E+09 5.1E+02 _
   2788  1359      1 1.0E+00   1360 (1.2E-09) 1.1E-02  4.4666307E-01     954          138 3.0E+09 5.1E+02 _

   Itns Major Minors    Step   nCon Feasible  Optimal  MeritFunction     L+U BSwap     nS condZHZ Penalty
   2790  1360      2 1.0E+00   1361 (2.4E-09) 7.9E-03  4.4666303E-01     954          139 2.9E+09 5.1E+02 _
   2792  1361      2 1.0E+00   1362 (1.5E-08) 1.4E-02  4.4666300E-01     954          138 3.1E+09 5.1E+02 _
   2795  1362      3 1.0E+00   1363 (2.5E-09) 9.9E-03  4.4666295E-01     954          140 2.9E+09 5.1E+02 _
   2797  1363      2 1.0E+00   1364 (2.9E-08) 8.3E-03  4.4666285E-01     926     7    139 3.1E+09 5.1E+02 _
   2798  1364      1 3.7E-01   1365 (3.3E-08) 9.0E-03  4.4666279E-01     899          139 3.1E+09 5.1E+02 _
   2799  1365      1 8.4E-02   1366 (3.2E-08) 6.1E-03  4.4666279E-01     899          139 3.2E+09 5.1E+02 _  R
   2800  1366      1 1.0E+00   1367 (1.6E-09) 6.1E-03  4.4666275E-01     899          139 3.2E+09 5.1E+02 _s
   2802  1367      2 1.0E+00   1368 (2.1E-10) 2.5E-03  4.4666273E-01     924          138 3.2E+09 5.1E+02 _
   2805  1368      3 1.0E+00   1369 (5.0E-10) 3.0E-03  4.4666271E-01     924          140 3.2E+09 5.1E+02 _
   2807  1369      2 1.0E+00   1370 (6.0E-09) 3.7E-03  4.4666268E-01     924          141 3.2E+09 5.1E+02 _
   2811  1370      4 1.0E+00   1371 (2.1E-08) 8.6E-03  4.4666264E-01     924          139 3.2E+09 5.1E+02 _
   2815  1371      4 1.0E+00   1372 (3.2E-08) 5.0E-03  4.4666260E-01     924          139 3.2E+09 5.1E+02 _
   2818  1372      3 1.0E+00   1373 (3.4E-08) 5.3E-03  4.4666251E-01     924          141 3.3E+09 5.1E+02 _
   2820  1373      2 1.0E+00   1374 (1.3E-07) 5.8E-03  4.4666240E-01     924          142 3.2E+09 5.1E+02 _
   2824  1374      4 1.0E+00   1375 (3.1E-07) 2.2E-02  4.4666227E-01     924          140 3.3E+09 5.1E+02 _
   2826  1375      2 1.0E+00   1376 (6.5E-07) 2.1E-02  4.4666211E-01     924          139 3.3E+09 5.1E+02 _
   2827  1376      1 1.0E+00   1377 (7.4E-07) 3.4E-02  4.4666188E-01     924          139 3.3E+09 5.1E+02 _  R
   2828  1377      1 1.0E+00   1378 (2.7E-09) 1.3E-02  4.4666176E-01     924          139 3.3E+09 5.1E+02 _s
   2831  1378      3 1.0E+00   1379 (6.0E-09) 3.1E-02  4.4666151E-01     924          139 3.3E+09 5.1E+02 _
   2833  1379      2 1.0E+00   1380 (5.8E-09) 1.5E-02  4.4666136E-01     924          138 3.3E+09 5.1E+02 _

   Itns Major Minors    Step   nCon Feasible  Optimal  MeritFunction     L+U BSwap     nS condZHZ Penalty
   2834  1380      1 1.0E+00   1381 (8.1E-09) 2.5E-02  4.4666124E-01     924          138 3.3E+09 5.1E+02 _
   2836  1381      2 1.0E+00   1382 (3.7E-09) 1.7E-02  4.4666114E-01     924          139 3.3E+09 5.1E+02 _
   2837  1382      1 1.0E+00   1383 (2.4E-09) 1.2E-02  4.4666109E-01     924          139 3.4E+09 5.1E+02 _
   2838  1383      1 1.0E+00   1384 (2.5E-09) 1.1E-02  4.4666105E-01     924          139 3.3E+09 5.1E+02 _
   2839  1384      1 1.0E+00   1385 (3.1E-09) 8.8E-03  4.4666102E-01     924          139 3.4E+09 5.1E+02 _
   2842  1385      3 1.0E+00   1386 (4.5E-09) 1.4E-02  4.4666096E-01     924          141 3.6E+09 5.1E+02 _
   2846  1386      4 1.0E+00   1387 (1.9E-07) 4.1E-02  4.4666082E-01     924          139 3.6E+09 5.1E+02 _
   2847  1387      1 1.0E+00   1388 (4.1E-09) 1.5E-02  4.4666076E-01     924          139 3.8E+09 5.1E+02 _  R
   2848  1388      1 1.0E+00   1389 (1.3E-08) 1.8E-02  4.4666072E-01     924          139 3.7E+09 5.1E+02 _s
   2850  1389      2 1.0E+00   1390 (2.2E-09) 4.7E-03  4.4666063E-01     924          140 3.7E+09 5.1E+02 _
   2851  1390      1 1.0E+00   1391 (3.4E-09) 4.1E-03  4.4666060E-01     924          140 3.7E+09 5.1E+02 _
   2853  1391      2 1.0E+00   1392 (2.0E-08) 6.1E-03  4.4666057E-01     924          141 3.7E+09 5.1E+02 _
   2855  1392      2 1.0E+00   1393 (1.5E-07) 5.8E-03  4.4666055E-01     924          140 3.7E+09 5.1E+02 _
   2857  1393      2 1.0E+00   1394 (4.1E-08) 4.1E-03  4.4666049E-01     924          141 3.7E+09 5.1E+02 _
   2859  1394      2 1.0E+00   1395 (4.8E-07) 6.6E-03  4.4666044E-01     925          140 3.7E+09 5.1E+02 _
   2862  1395      3 1.0E+00   1396 (4.0E-07) 7.3E-03  4.4666035E-01     936          140 3.7E+09 5.1E+02 _
   2866  1396      4 1.0E+00   1398  2.9E-06  8.4E-03  4.4666004E-01     952     8    139 3.9E+09 5.1E+02 _ M
   2868  1397      2 1.0E+00   1399  2.8E-06  3.2E-02  4.4665988E-01     948          140 3.9E+09 5.1E+02 _
   2869  1398      1 1.0E+00   1400  7.6E-06  4.5E-02  4.4665968E-01     948          140 3.9E+09 5.1E+02 _  R
   2873  1399      4 1.0E+00   1401  2.0E-06  1.4E-02  4.4665955E-01     948          138 3.9E+09 5.1E+02 _s

   Itns Major Minors    Step   nCon Feasible  Optimal  MeritFunction     L+U BSwap     nS condZHZ Penalty
   2874  1400      1 1.0E+00   1402  1.7E-06  2.4E-02  4.4665948E-01     948          138 3.9E+09 5.1E+02 _
   2878  1401      4 1.0E+00   1403 (3.9E-07) 2.3E-02  4.4665937E-01     925     3    141 6.7E+09 5.1E+02 _
   2883  1402      5 1.0E+00   1404  1.4E-06  9.8E-03  4.4665920E-01     925          138 7.0E+09 5.1E+02 _
   2884  1403      1 1.0E+00   1405 (4.0E-08) 2.1E-02  4.4665904E-01     925          138 7.1E+09 5.1E+02 _
   2885  1404      1 1.0E+00   1406 (2.5E-08) 1.2E-01  4.4665903E-01     924          138 7.0E+09 5.1E+02 _
   2886  1405      1 1.0E+00   1407 (4.9E-07) 7.3E-02  4.4665846E-01     926          138 7.0E+09 5.1E+02 _
   2887  1406      1 1.0E+00   1408 (1.9E-07) 5.5E-02  4.4665790E-01     926          138 6.9E+09 5.1E+02 _
   2888  1407      1 1.0E+00   1409 (7.1E-07) 3.5E-02  4.4665730E-01     926          138 7.1E+09 5.1E+02 _
   2891  1408      3 1.0E+00   1410 (5.2E-07) 9.0E-02  4.4665593E-01     926          140 7.3E+09 5.1E+02 _
   2892  1409      1 3.9E-01   1411 (8.9E-07) 1.0E-01  4.4665465E-01     926          140 7.0E+09 5.1E+02 _  R
   2895  1410      3 1.0E+00   1412 (5.7E-08) 1.0E-02  4.4665414E-01     968     6    138 5.0E+09 5.1E+02 _s
   2896  1411      1 1.0E+00   1413 (1.3E-07) 6.1E-02  4.4665376E-01     928          138 5.0E+09 5.1E+02 _
   2897  1412      1 1.0E+00   1414 (5.5E-08) 6.9E-02  4.4665336E-01     928          138 5.0E+09 5.1E+02 _
   2901  1413      4 1.0E+00   1415 (7.3E-08) 5.1E-02  4.4665268E-01     928          141 5.1E+09 5.1E+02 _
   2905  1414      4 1.0E+00   1416 (6.0E-07) 5.8E-02  4.4665225E-01     928          138 5.2E+09 5.1E+02 _
   2906  1415      1 1.0E+00   1417 (2.9E-07) 4.4E-02  4.4665149E-01     925     4    138 5.6E+09 5.1E+02 _
   2907  1416      1 1.0E+00   1418 (6.9E-09) 4.0E-02  4.4665125E-01     925          138 5.6E+09 5.1E+02 _
   2908  1417      1 1.0E+00   1419 (9.7E-08) 3.2E-02  4.4665082E-01     924          138 5.7E+09 5.1E+02 _
   2909  1418      1 1.0E+00   1420 (1.3E-07) 2.0E-02  4.4665053E-01     924          138 5.7E+09 5.1E+02 _
   2910  1419      1 1.0E+00   1421 (6.5E-08) 4.4E-02  4.4665033E-01     924          138 5.8E+09 5.1E+02 _

   Itns Major Minors    Step   nCon Feasible  Optimal  MeritFunction     L+U BSwap     nS condZHZ Penalty
   2911  1420      1 1.0E+00   1422 (7.0E-08) 4.9E-02  4.4665012E-01     925          138 6.2E+09 5.1E+02 _  R
   2912  1421      1 1.0E+00   1423 (4.1E-09) 2.6E-02  4.4664997E-01     924          138 6.2E+09 5.1E+02 _s
   2913  1422      1 1.0E+00   1424 (4.6E-09) 1.4E-02  4.4664983E-01     924          138 6.2E+09 5.1E+02 _
   2915  1423      2 1.0E+00   1425 (7.8E-08) 3.0E-02  4.4664948E-01     924          139 6.2E+09 5.1E+02 _
   2917  1424      2 1.0E+00   1426 (1.2E-07) 3.0E-02  4.4664929E-01     924          138 6.2E+09 5.1E+02 _
   2919  1425      2 1.0E+00   1427 (9.0E-09) 2.1E-02  4.4664912E-01     927     3    139 3.8E+09 5.1E+02 _
   2920  1426      1 1.0E+00   1428 (5.5E-08) 2.0E-02  4.4664886E-01     927          139 3.8E+09 5.1E+02 _
   2923  1427      3 1.0E+00   1429 (3.1E-08) 1.8E-02  4.4664864E-01     928          138 3.8E+09 5.1E+02 _
   2924  1428      1 1.0E+00   1430 (4.8E-08) 7.9E-02  4.4664843E-01     928          138 3.8E+09 5.1E+02 _
   2927  1429      3 1.0E+00   1431 (5.9E-09) 5.1E-02  4.4664802E-01     928          140 3.8E+09 5.1E+02 _
   2930  1430      3 1.0E+00   1432 (1.4E-07) 6.3E-02  4.4664721E-01     928          140 3.8E+09 5.1E+02 _
   2931  1431      1 1.0E+00   1433 (2.3E-08) 3.7E-02  4.4664648E-01     928          140 3.8E+09 5.1E+02 _  R
   2932  1432      1 1.0E+00   1434 (1.2E-09) 7.9E-03  4.4664615E-01     928          140 3.8E+09 5.1E+02 _s
   2934  1433      2 1.0E+00   1435 (3.2E-09) 1.4E-02  4.4664589E-01     928          139 3.9E+09 5.1E+02 _
   2935  1434      1 1.0E+00   1436 (2.0E-08) 1.5E-02  4.4664560E-01     928          139 3.9E+09 5.1E+02 _
   2936  1435      1 1.0E+00   1437 (7.0E-09) 7.6E-03  4.4664541E-01     910     5    139 4.1E+09 5.1E+02 _
   2938  1436      2 1.0E+00   1438 (2.7E-08) 2.0E-02  4.4664517E-01     911          140 4.1E+09 5.1E+02 _
   2940  1437      2 1.0E+00   1439 (3.7E-08) 2.0E-02  4.4664493E-01     911          139 4.1E+09 5.1E+02 _
   2941  1438      1 1.0E+00   1440 (7.5E-08) 1.6E-02  4.4664461E-01     910          139 4.1E+09 5.1E+02 _
   2942  1439      1 1.0E+00   1441 (8.4E-08) 2.8E-02  4.4664428E-01     911          139 4.1E+09 5.1E+02 _

   Itns Major Minors    Step   nCon Feasible  Optimal  MeritFunction     L+U BSwap     nS condZHZ Penalty
   2943  1440      1 1.0E+00   1442 (5.4E-08) 4.6E-02  4.4664408E-01     911          139 4.1E+09 5.1E+02 _
   2944  1441      1 1.0E+00   1443 (4.3E-09) 2.4E-02  4.4664375E-01     911          139 4.1E+09 5.1E+02 _
   2945  1442      1 1.0E+00   1444 (2.0E-08) 1.3E-02  4.4664341E-01     911          139 4.1E+09 5.1E+02 _  R
   2946  1443      1 1.0E+00   1445 (1.3E-09) 6.8E-03  4.4664324E-01     911          139 4.1E+09 5.1E+02 _s
   2947  1444      1 1.0E+00   1446 (2.9E-08) 1.2E-02  4.4664291E-01     946     5    139 3.8E+09 5.1E+02 _
   2948  1445      1 1.0E+00   1447 (5.9E-08) 2.1E-02  4.4664261E-01     945          139 3.9E+09 5.1E+02 _
   2949  1446      1 1.0E+00   1448 (8.5E-08) 2.2E-02  4.4664210E-01     945          139 3.9E+09 5.1E+02 _
   2950  1447      1 1.0E+00   1449 (1.5E-07) 2.8E-02  4.4664195E-01     946          139 3.9E+09 5.1E+02 _
   2951  1448      1 1.0E+00   1450 (2.0E-08) 2.0E-02  4.4664161E-01     946          139 4.0E+09 5.1E+02 _
   2952  1449      1 1.0E+00   1451 (1.0E-08) 2.7E-02  4.4664147E-01     946          139 3.9E+09 5.1E+02 _
   2954  1450      2 1.0E+00   1452 (3.1E-09) 1.7E-02  4.4664128E-01     964          138 3.4E+09 5.1E+02 _
   2955  1451      1 1.0E+00   1453 (7.8E-07) 2.2E-02  4.4664097E-01     929          138 3.3E+09 5.1E+02 _
   2956  1452      1 1.0E+00   1454  5.0E-06  2.9E-02  4.4664038E-01     929          138 3.3E+09 5.1E+02 _
   2958  1453      2 1.0E+00   1455  2.9E-06  9.2E-02  4.4663920E-01     929          139 3.6E+09 5.1E+02 _  R
   2960  1454      2 1.0E+00   1456  8.9E-05  4.2E-02  4.4663878E-01     929          138 3.6E+09 5.1E+02 _s
   2961  1455      1 1.0E+00   1457  6.1E-05  2.7E-02  4.4663810E-01     929          138 3.6E+09 5.1E+02 _
   2964  1456      3 1.0E+00   1458 (2.5E-07) 1.5E-02  4.4663783E-01     929          140 3.6E+09 5.1E+02 _
   2967  1457      3 1.0E+00   1459  2.4E-06  1.5E-02  4.4663752E-01     929          140 3.6E+09 5.1E+02 _
   2972  1458      5 1.0E+00   1460  4.2E-06  2.7E-02  4.4663724E-01     929          139 3.6E+09 5.1E+02 _
   2974  1459      2 1.0E+00   1461  8.6E-06  2.6E-02  4.4663696E-01     953     8    138 4.4E+09 5.1E+02 _

   Itns Major Minors    Step   nCon Feasible  Optimal  MeritFunction     L+U BSwap     nS condZHZ Penalty
   2975  1460      1 1.0E+00   1462  3.5E-06  1.9E-02  4.4663674E-01     947          138 4.3E+09 5.1E+02 _
   2976  1461      1 1.0E+00   1463  1.7E-06  1.1E-02  4.4663652E-01     947          138 4.3E+09 5.1E+02 _
   2977  1462      1 1.0E+00   1464  2.1E-06  1.5E-02  4.4663640E-01     946          138 4.2E+09 5.1E+02 _
   2978  1463      1 1.0E+00   1465 (7.2E-07) 1.8E-02  4.4663627E-01     955     5    138 6.0E+09 5.1E+02 _
   2979  1464      1 1.0E+00   1466  1.4E-06  2.0E-02  4.4663604E-01     955          138 5.6E+09 5.1E+02 _  R
   2980  1465      1 1.0E+00   1467  6.3E-06  1.2E-02  4.4663590E-01     955          138 5.6E+09 5.1E+02 _s
   2981  1466      1 1.0E+00   1468  6.4E-06  1.6E-02  4.4663574E-01     955          138 5.5E+09 5.1E+02 _
   2982  1467      1 1.0E+00   1469  2.1E-05  2.4E-02  4.4663560E-01     955          138 5.3E+09 5.1E+02 _
   2983  1468      1 1.0E+00   1470  5.3E-05  2.5E-02  4.4663543E-01     955          138 5.1E+09 5.1E+02 _
   2985  1469      2 1.0E+00   1471  2.0E-05  1.9E-02  4.4663496E-01     956          139 5.1E+09 5.1E+02 _
   2987  1470      2 4.2E-01   1472  4.5E-05  2.1E-02  4.4663484E-01     956          138 5.1E+09 5.1E+02 _
   2989  1471      2 1.0E+00   1473  2.7E-06  1.4E-02  4.4663460E-01     956          139 5.1E+09 5.1E+02 _
   2990  1472      1 1.0E+00   1474  8.9E-05  2.6E-02  4.4663428E-01     927     6    139 4.0E+09 5.1E+02 _
   2994  1473      4 1.0E+00   1475  6.2E-05  5.8E-02  4.4663399E-01     953          139 4.0E+09 5.1E+02 _
   2995  1474      1 1.0E+00   1476  1.0E-04  4.4E-02  4.4663351E-01     926          139 4.0E+09 5.1E+02 _
   2996  1475      1 1.0E+00   1477 (4.5E-07) 2.8E-02  4.4663258E-01     925          139 3.9E+09 5.1E+02 _  R
   2997  1476      1 1.0E+00   1478  3.2E-05  1.5E-02  4.4663210E-01     925          139 4.0E+09 5.1E+02 _s
   2998  1477      1 1.0E+00   1479  3.4E-05  1.2E-02  4.4663186E-01     924          139 4.0E+09 5.1E+02 _
   3000  1478      2 4.3E-01   1480  2.1E-05  1.3E-02  4.4663174E-01     924          138 4.0E+09 5.1E+02 _
   3001  1479      1 1.0E+00   1481  2.0E-05  1.3E-02  4.4663164E-01     924          138 4.2E+09 5.1E+02 _

   Itns Major Minors    Step   nCon Feasible  Optimal  MeritFunction     L+U BSwap     nS condZHZ Penalty
   3002  1480      1 1.0E+00   1482  7.4E-06  1.3E-02  4.4663149E-01     925          138 4.3E+09 5.1E+02 _
   3003  1481      1 1.0E+00   1483  1.5E-05  2.4E-02  4.4663127E-01     925          138 4.3E+09 5.1E+02 _
   3004  1482      1 1.0E+00   1484  2.9E-05  2.0E-02  4.4663106E-01     925          138 4.4E+09 5.1E+02 _
   3005  1483      1 1.0E+00   1485  2.5E-06  4.2E-02  4.4663087E-01     924          138 4.5E+09 5.1E+02 _
   3006  1484      1 1.0E+00   1486  1.1E-05  1.5E-02  4.4663069E-01     924          138 4.5E+09 5.1E+02 _
   3011  1485      5 1.0E+00   1487  1.0E-06  3.5E-02  4.4663044E-01     924          142 4.6E+09 5.1E+02 _
   3014  1486      3 1.0E+00   1488  7.0E-06  8.7E-02  4.4663041E-01     925          140 4.5E+09 5.1E+02 _  R
   3018  1487      4 1.0E+00   1489  1.9E-05  3.0E-02  4.4663007E-01     924          138 4.5E+09 5.1E+02 _s
   3019  1488      1 1.0E+00   1490  1.5E-05  1.1E-02  4.4662991E-01     924          138 4.5E+09 5.1E+02 _
   3020  1489      1 1.0E+00   1491  2.2E-06  8.8E-03  4.4662984E-01     947     6    138 4.3E+09 5.1E+02 _
   3022  1490      2 1.0E+00   1492 (5.0E-07) 1.4E-02  4.4662974E-01     947          139 4.3E+09 5.1E+02 _
   3024  1491      2 1.0E+00   1493 (2.5E-07) 2.1E-02  4.4662967E-01     948          138 4.3E+09 5.1E+02 _
   3027  1492      3 1.0E+00   1494 (2.0E-07) 1.7E-02  4.4662947E-01     947          140 4.3E+09 5.1E+02 _
   3030  1493      3 1.0E+00   1495 (5.4E-08) 9.8E-03  4.4662922E-01     948          138 4.3E+09 5.1E+02 _
   3033  1494      3 1.0E+00   1496 (7.0E-07) 6.9E-03  4.4662905E-01     948          140 4.3E+09 5.1E+02 _
   3037  1495      4 1.0E+00   1497  2.4E-06  5.2E-03  4.4662884E-01     948          141 4.3E+09 5.1E+02 _
   3041  1496      4 1.0E+00   1498 (7.1E-08) 9.1E-03  4.4662862E-01     948          138 4.3E+09 5.1E+02 _
   3042  1497      1 1.0E+00   1499 (6.9E-08) 2.4E-02  4.4662825E-01     949          138 4.3E+09 5.1E+02 _  R
   3045  1498      3 1.0E+00   1500 (4.0E-07) 8.3E-03  4.4662800E-01     961     3    140 3.3E+09 5.1E+02 _s
   3047  1499      2 1.0E+00   1501  6.3E-06  2.5E-02  4.4662785E-01     961          139 3.3E+09 5.1E+02 _

   Itns Major Minors    Step   nCon Feasible  Optimal  MeritFunction     L+U BSwap     nS condZHZ Penalty
   3049  1500      2 4.5E-01   1502  5.9E-06  3.3E-02  4.4662743E-01     961          138 3.3E+09 5.1E+02 _
   3051  1501      2 1.0E+00   1503  1.3E-04  3.4E-02  4.4662729E-01     961          139 3.3E+09 5.1E+02 _
   3052  1502      1 1.0E+00   1504  4.1E-04  1.9E-02  4.4662724E-01     961          139 3.3E+09 5.1E+02 _
   3054  1503      2 1.0E+00   1505  2.8E-04  3.6E-02  4.4662720E-01     961          138 3.3E+09 5.1E+02 _
   3056  1504      2 1.0E+00   1506  2.5E-05  2.4E-02  4.4662695E-01     961          139 3.3E+09 5.1E+02 _
   3059  1505      3 4.0E-01   1507  5.4E-05  1.4E-02  4.4662686E-01     961          139 3.3E+09 5.1E+02 _
   3061  1506      2 1.0E+00   1508  1.3E-06  2.2E-02  4.4662677E-01     960          138 3.2E+09 5.1E+02 _
   3062  1507      1 1.0E+00   1509  3.5E-05  2.3E-02  4.4662675E-01     960          138 3.2E+09 5.1E+02 _
   3063  1508      1 1.0E+00   1510  6.3E-06  2.7E-02  4.4662641E-01     949     4    138 7.6E+09 5.1E+02 _  R
   3064  1509      1 1.0E+00   1511  3.6E-05  3.3E-02  4.4662640E-01     949          138 7.6E+09 5.1E+02 _s
   3065  1510      1 1.0E+00   1512  2.0E-06  9.0E-03  4.4662623E-01     949          138 7.7E+09 5.1E+02 _
   3066  1511      1 1.0E+00   1513 (1.5E-07) 6.8E-03  4.4662618E-01     949          138 7.7E+09 5.1E+02 _
   3067  1512      1 1.0E+00   1514 (4.5E-09) 1.8E-02  4.4662608E-01     949          138 7.7E+09 5.1E+02 _
   3069  1513      2 1.0E+00   1515 (5.1E-08) 3.2E-02  4.4662589E-01     948          139 7.7E+09 5.1E+02 _
   3071  1514      2 4.4E-01   1516 (2.9E-08) 2.9E-02  4.4662576E-01     948          140 7.7E+09 5.1E+02 _
   3076  1515      5 1.0E+00   1517 (1.1E-08) 4.0E-02  4.4662548E-01     948          142 7.7E+09 5.1E+02 _
   3082  1516      6 4.3E-01   1518 (1.1E-07) 4.1E-02  4.4662543E-01     948          138 7.7E+09 5.1E+02 _
   3084  1517      2 1.0E+00   1519 (1.1E-08) 2.0E-02  4.4662513E-01     948          139 7.8E+09 5.1E+02 _
   3088  1518      4 1.0E+00   1520 (2.1E-07) 5.7E-02  4.4662468E-01     965     3    140 5.2E+09 5.1E+02 _
   3090  1519      2 1.0E+00   1521 (2.2E-07) 6.0E-02  4.4662416E-01     933          139 5.2E+09 5.1E+02 _  R

   Itns Major Minors    Step   nCon Feasible  Optimal  MeritFunction     L+U BSwap     nS condZHZ Penalty
   3091  1520      1 1.0E+00   1522  1.0E-06  1.3E-02  4.4662361E-01     933          139 5.2E+09 5.1E+02 _s
   3095  1521      4 1.0E+00   1523 (7.3E-07) 6.9E-03  4.4662348E-01     933          139 5.2E+09 5.1E+02 _
   3097  1522      2 1.0E+00   1524 (3.8E-07) 9.8E-03  4.4662336E-01     933          138 5.2E+09 5.1E+02 _
   3098  1523      1 1.0E+00   1525 (2.2E-08) 1.2E-02  4.4662324E-01     934          138 5.2E+09 5.1E+02 _
   3101  1524      3 1.0E+00   1526 (5.8E-07) 5.7E-03  4.4662313E-01     934          140 5.2E+09 5.1E+02 _
   3103  1525      2 1.0E+00   1527 (2.0E-07) 1.3E-02  4.4662302E-01     933          139 5.2E+09 5.1E+02 _
   3105  1526      2 1.0E+00   1528 (3.0E-08) 1.8E-02  4.4662279E-01     934          138 5.2E+09 5.1E+02 _
   3107  1527      2 1.0E+00   1529  1.1E-06  5.1E-02  4.4662254E-01     934          139 5.2E+09 5.1E+02 _
   3108  1528      1 1.0E+00   1530 (1.1E-07) 3.5E-02  4.4662229E-01     934          139 5.2E+09 5.1E+02 _
   3112  1529      4 1.0E+00   1531  1.1E-06  3.5E-02  4.4662173E-01     951          137 5.3E+09 5.1E+02 _
   3113  1530      1 1.0E+00   1532 (9.5E-08) 1.4E-02  4.4662077E-01     951     3    137 5.5E+09 5.1E+02 _  R
   3114  1531      1 1.0E+00   1533 (6.1E-07) 7.1E-03  4.4662062E-01     951          137 5.5E+09 5.1E+02 _s
   3115  1532      1 1.0E+00   1534 (4.4E-07) 9.9E-03  4.4662048E-01     951          137 5.6E+09 5.1E+02 _
   3116  1533      1 1.0E+00   1535 (9.8E-08) 1.8E-02  4.4662032E-01     950          137 5.6E+09 5.1E+02 _
   3117  1534      1 1.0E+00   1536  1.3E-06  8.6E-03  4.4662023E-01     949          137 5.5E+09 5.1E+02 _
   3118  1535      1 1.0E+00   1537 (8.4E-07) 1.2E-02  4.4662016E-01     949          137 5.5E+09 5.1E+02 _
   3120  1536      2 1.0E+00   1538 (3.2E-07) 1.3E-02  4.4662009E-01     950          138 5.6E+09 5.1E+02 _
   3122  1537      2 1.0E+00   1539 (6.5E-07) 1.7E-02  4.4661994E-01     950          137 5.6E+09 5.1E+02 _
   3123  1538      1 1.0E+00   1540  1.8E-06  1.4E-02  4.4661984E-01     950          137 5.6E+09 5.1E+02 _
   3124  1539      1 1.0E+00   1541 (8.5E-07) 1.3E-02  4.4661972E-01     950          137 5.6E+09 5.1E+02 _

   Itns Major Minors    Step   nCon Feasible  Optimal  MeritFunction     L+U BSwap     nS condZHZ Penalty
   3125  1540      1 1.0E+00   1542 (7.9E-07) 1.3E-02  4.4661956E-01     948     2    137 6.2E+09 5.1E+02 _
   3126  1541      1 1.0E+00   1543  6.9E-06  4.4E-02  4.4661930E-01     948          137 6.4E+09 5.1E+02 _  R
   3127  1542      1 1.0E+00   1544  1.1E-05  4.2E-02  4.4661904E-01     948          137 6.5E+09 5.1E+02 _s
   3128  1543      1 1.0E+00   1545 (3.8E-07) 1.9E-02  4.4661887E-01     948          137 6.7E+09 5.1E+02 _
   3131  1544      3 1.0E+00   1546  1.8E-06  1.1E-02  4.4661874E-01     948          139 6.6E+09 5.1E+02 _
   3133  1545      2 1.0E+00   1547 (1.3E-07) 8.9E-03  4.4661860E-01     948          138 6.6E+09 5.1E+02 _
   3136  1546      3 1.0E+00   1548 (1.9E-08) 4.6E-03  4.4661857E-01     948          137 6.6E+09 5.1E+02 _
   3138  1547      2 1.0E+00   1549 (1.4E-07) 1.1E-02  4.4661850E-01     948          138 6.7E+09 5.1E+02 _
   3139  1548      1 1.0E+00   1550 (3.0E-07) 1.8E-02  4.4661846E-01     948          138 6.7E+09 5.1E+02 _
   3144  1549      5 1.0E+00   1551 (3.7E-07) 1.6E-02  4.4661838E-01     973     1    139 6.2E+09 5.1E+02 _
   3146  1550      2 1.0E+00   1552 (1.6E-07) 1.0E-02  4.4661818E-01     948          138 6.2E+09 5.1E+02 _
   3147  1551      1 1.0E+00   1553 (7.8E-07) 2.1E-02  4.4661796E-01     948          138 6.2E+09 5.1E+02 _
   3149  1552      2 1.0E+00   1554 (2.3E-07) 7.4E-02  4.4661785E-01     948          137 6.2E+09 5.1E+02 _  R
   3151  1553      2 1.0E+00   1555 (1.0E-08) 1.0E-02  4.4661757E-01     947          138 6.2E+09 5.1E+02 _s
   3153  1554      2 1.0E+00   1556 (2.9E-09) 1.0E-02  4.4661748E-01     947          139 6.2E+09 5.1E+02 _
   3155  1555      2 1.0E+00   1557 (6.3E-09) 6.3E-03  4.4661743E-01     948          138 6.2E+09 5.1E+02 _
   3158  1556      3 1.0E+00   1558 (1.6E-09) 6.0E-03  4.4661740E-01     947          137 6.3E+09 5.1E+02 _
   3160  1557      2 1.0E+00   1559 (1.5E-09) 3.7E-03  4.4661737E-01     947          138 6.3E+09 5.1E+02 _
   3161  1558      1 1.0E+00   1560 (2.2E-09) 3.6E-03  4.4661734E-01     947          138 6.3E+09 5.1E+02 _
   3163  1559      2 1.0E+00   1561 (8.0E-09) 1.2E-02  4.4661731E-01     947          137 6.2E+09 5.1E+02 _

   Itns Major Minors    Step   nCon Feasible  Optimal  MeritFunction     L+U BSwap     nS condZHZ Penalty
   3165  1560      2 1.0E+00   1562 (9.3E-09) 1.5E-02  4.4661726E-01     947          138 6.3E+09 5.1E+02 _
   3166  1561      1 1.0E+00   1563 (5.4E-09) 1.2E-02  4.4661720E-01     947          138 6.3E+09 5.1E+02 _
   3167  1562      1 1.0E+00   1564 (2.2E-08) 1.5E-02  4.4661712E-01     948          138 6.3E+09 5.1E+02 _
   3170  1563      3 1.0E+00   1565 (2.5E-08) 1.1E-02  4.4661705E-01     948          137 6.3E+09 5.1E+02 _  R
   3171  1564      1 1.0E+00   1566 (1.6E-08) 3.5E-03  4.4661701E-01     948          137 6.3E+09 5.1E+02 _s
   3172  1565      1 1.0E+00   1567 (1.1E-08) 5.4E-03  4.4661699E-01     947          137 6.4E+09 5.1E+02 _
   3173  1566      1 1.0E+00   1568 (3.2E-09) 5.1E-03  4.4661697E-01     947          137 6.4E+09 5.1E+02 _
   3174  1567      1 3.2E-01   1569 (2.9E-09) 6.8E-03  4.4661696E-01     950     3    137 3.5E+09 5.1E+02 _
   3175  1568      1 1.0E+00   1570 (1.2E-08) 9.4E-03  4.4661696E-01     950          137 3.6E+09 5.1E+02 _
   3176  1569      1 1.0E+00   1571 (2.0E-09) 4.4E-03  4.4661693E-01     950          137 3.5E+09 5.1E+02 _
   3177  1570      1 1.0E+00   1572 (2.3E-08) 6.7E-03  4.4661692E-01     950          137 3.5E+09 5.1E+02 _
   3180  1571      3 1.0E+00   1573 (2.7E-08) 1.1E-02  4.4661689E-01     950          139 3.5E+09 5.1E+02 _
   3184  1572      4 2.5E-01   1574 (2.1E-08) 6.8E-03  4.4661687E-01     950          142 3.5E+09 5.1E+02 _
   3187  1573      3 1.4E-01   1575 (1.8E-08) 6.8E-03  4.4661687E-01     950          141 3.5E+09 5.1E+02 _
   3191  1574      4 1.9E-01   1576 (1.5E-08) 1.8E-03  4.4661686E-01     950          139 3.9E+09 5.1E+02 _  R
   3193  1575      2 1.0E+00   1577 (1.1E-08) 2.0E-03  4.4661686E-01     950          140 3.9E+09 5.1E+02 _s
   3194  1576      1 4.5E-01   1578 (7.7E-09) 1.3E-03  4.4661686E-01     917     3    140 3.4E+09 5.1E+02 _
   3195  1577      1 1.0E+00   1579 (6.1E-09) 1.5E-03  4.4661685E-01     917          140 3.4E+09 5.1E+02 _
   3198  1578      3 1.0E+00   1580 (2.5E-10) 1.6E-03  4.4661685E-01     947          139 3.4E+09 5.1E+02 _
   3203  1579      5 1.0E+00   1581 (1.4E-08) 2.1E-03  4.4661683E-01     948          138 3.4E+09 5.1E+02 _

   Itns Major Minors    Step   nCon Feasible  Optimal  MeritFunction     L+U BSwap     nS condZHZ Penalty
   3206  1580      3 1.0E+00   1582 (1.7E-09) 3.0E-03  4.4661683E-01     966          140 3.4E+09 5.1E+02 _
   3208  1581      2 1.0E+00   1583 (1.4E-08) 3.9E-03  4.4661681E-01     966          141 3.4E+09 5.1E+02 _
   3209  1582      1 1.0E+00   1584 (2.2E-08) 3.4E-03  4.4661681E-01     966          141 3.4E+09 5.1E+02 _
   3210  1583      1 1.8E-01   1585 (1.8E-08) 3.7E-03  4.4661681E-01     893     6    141 6.4E+09 5.1E+02 _
   3211  1584      1 1.0E+00   1586 (6.6E-08) 2.9E-03  4.4661679E-01     893          141 6.4E+09 5.1E+02 _
   3212  1585      1 1.0E+00   1587 (6.2E-10) 2.6E-03  4.4661679E-01     893          141 6.4E+09 5.1E+02 _  R
   3214  1586      2 1.0E+00   1588 (4.0E-08) 1.9E-03  4.4661677E-01     893          142 6.4E+09 5.1E+02 _s
   3219  1587      5 1.0E+00   1589 (1.5E-08) 1.3E-03  4.4661677E-01     912          143 6.4E+09 5.1E+02 _
   3225  1588      6 1.0E+00   1590 (4.0E-09) 1.4E-03  4.4661676E-01     894     3    143 6.0E+09 5.1E+02 _
   3230  1589      5 4.4E-01   1591 (3.2E-09) 2.0E-03  4.4661676E-01     882          142 6.0E+09 5.1E+02 _
   3231  1590      1 4.8E-01   1592 (1.7E-09) 2.1E-03  4.4661676E-01     907          142 6.0E+09 5.1E+02 _
   3233  1591      2 1.0E+00   1593 (2.3E-08) 2.5E-03  4.4661674E-01     907          143 6.0E+09 5.1E+02 _
   3237  1592      4 1.0E+00   1594 (1.4E-09) 2.6E-03  4.4661674E-01     969          141 6.0E+09 5.1E+02 _
   3240  1593      3 1.0E+00   1595 (5.7E-09) 1.8E-03  4.4661673E-01     936          143 6.0E+09 5.1E+02 _
   3243  1594      3 1.0E+00   1596 (4.2E-08) 3.1E-03  4.4661673E-01     946          142 6.0E+09 5.1E+02 _
   3246  1595      3 1.0E+00   1597 (5.0E-09) 2.6E-03  4.4661671E-01     964          144 6.0E+09 5.1E+02 _
   3247  1596      1 1.0E+00   1598 (6.4E-08) 1.7E-03  4.4661669E-01     964          144 6.0E+09 5.1E+02 _  R
   3250  1597      3 1.0E+00   1599 (4.1E-08) 1.4E-03  4.4661668E-01     964          143 6.0E+09 5.1E+02 _s
   3256  1598      6 1.0E+00   1600 (7.2E-09) 1.3E-03  4.4661668E-01     913     8    143 8.4E+09 5.1E+02 _
   3260  1599      4 1.0E+00   1601 (2.9E-09) 8.1E-04  4.4661667E-01     893          144 8.4E+09 5.1E+02 _

   Itns Major Minors    Step   nCon Feasible  Optimal  MeritFunction     L+U BSwap     nS condZHZ Penalty
   3263  1600      3 1.0E+00   1602 (4.3E-10) 8.2E-04  4.4661666E-01     911          143 8.5E+09 5.1E+02 _
   3265  1601      2 1.0E+00   1603 (3.0E-09) 3.2E-03  4.4661666E-01     908          144 8.5E+09 5.1E+02 _
   3268  1602      3 1.0E+00   1604 (2.1E-09) 3.1E-03  4.4661664E-01     908          143 8.5E+09 5.1E+02 _
   3272  1603      4 1.0E+00   1605 (1.5E-10) 3.1E-03  4.4661663E-01     908          143 8.5E+09 5.1E+02 _
   3275  1604      3 1.0E+00   1606 (2.0E-09) 5.0E-03  4.4661662E-01     908          142 8.5E+09 5.1E+02 _
   3280  1605      5 1.0E+00   1607 (4.5E-10) 4.4E-03  4.4661660E-01     956          141 8.5E+09 5.1E+02 _
   3284  1606      4 1.0E+00   1608 (2.8E-09) 8.4E-03  4.4661655E-01     976          141 8.5E+09 5.1E+02 _
   3286  1607      2 1.0E+00   1609 (6.7E-09) 1.0E-02  4.4661648E-01     949          142 8.5E+09 5.1E+02 _  R
   3287  1608      1 1.0E+00   1610 (2.3E-09) 5.7E-03  4.4661646E-01     949          142 8.5E+09 5.1E+02 _s
   3291  1609      4 1.0E+00   1611 (6.6E-10) 3.5E-03  4.4661644E-01     948          140 8.5E+09 5.1E+02 _
   3293  1610      2 1.0E+00   1612 (1.4E-09) 2.8E-03  4.4661643E-01     948          141 8.5E+09 5.1E+02 _
   3297  1611      4 1.0E+00   1613 (1.1E-08) 1.9E-03  4.4661641E-01     948          141 8.5E+09 5.1E+02 _
   3303  1612      6 1.0E+00   1614 (2.4E-08) 2.9E-03  4.4661641E-01     948          139 8.6E+09 5.1E+02 _
   3305  1613      2 1.0E+00   1615 (2.3E-10) 3.7E-03  4.4661640E-01     948          140 8.6E+09 5.1E+02 _
   3306  1614      1 1.0E+00   1616 (1.0E-08) 3.9E-03  4.4661639E-01     948          140 8.6E+09 5.1E+02 _
   3309  1615      3 1.0E+00   1617 (2.0E-09) 5.8E-03  4.4661637E-01     948          140 8.6E+09 5.1E+02 _
   3313  1616      4 1.0E+00   1618 (5.3E-09) 1.2E-02  4.4661637E-01     904     5    141 5.3E+09 5.1E+02 _
   3316  1617      3 1.0E+00   1619 (1.6E-09) 2.0E-03  4.4661634E-01     904          141 5.3E+09 5.1E+02 _
   3319  1618      3 1.0E+00   1620 (6.5E-09) 2.7E-03  4.4661629E-01     904          141 5.2E+09 5.1E+02 _  R
   3322  1619      3 1.0E+00   1621 (2.3E-08) 4.8E-03  4.4661627E-01     920          140 5.2E+09 5.1E+02 _s

   Itns Major Minors    Step   nCon Feasible  Optimal  MeritFunction     L+U BSwap     nS condZHZ Penalty
   3323  1620      1 1.0E+00   1622 (2.3E-08) 6.1E-03  4.4661626E-01     941          140 5.3E+09 5.1E+02 _
   3327  1621      4 1.0E+00   1623 (1.1E-08) 5.9E-03  4.4661623E-01     941          138 5.3E+09 5.1E+02 _
   3329  1622      2 1.0E+00   1624 (8.2E-08) 1.1E-02  4.4661622E-01     943     1    139 5.9E+09 5.1E+02 _
   3331  1623      2 1.0E+00   1625 (5.8E-09) 7.5E-03  4.4661621E-01     943          140 5.9E+09 5.1E+02 _
   3333  1624      2 1.0E+00   1626 (6.5E-08) 4.8E-03  4.4661621E-01     943          141 5.9E+09 5.1E+02 _
   3337  1625      4 1.0E+00   1627 (6.6E-08) 1.5E-03  4.4661620E-01     972          139 5.9E+09 5.1E+02 _
   3339  1626      2 1.0E+00   1628 (2.1E-08) 2.6E-03  4.4661619E-01     962          140 5.9E+09 5.1E+02 _
   3340  1627      1 1.0E+00   1629 (2.6E-09) 3.8E-03  4.4661618E-01     962          140 5.9E+09 5.1E+02 _
   3345  1628      5 1.0E+00   1630 (2.0E-08) 1.2E-02  4.4661616E-01     962          141 5.9E+09 5.1E+02 _
   3346  1629      1 1.0E+00   1631 (2.0E-08) 2.2E-03  4.4661615E-01     962          141 5.8E+09 5.1E+02 _  R
   3352  1630      6 1.0E+00   1632 (1.7E-08) 1.6E-03  4.4661614E-01     962          139 5.8E+09 5.1E+02 _s
   3354  1631      2 1.0E+00   1633 (7.1E-11) 2.1E-03  4.4661613E-01     962          140 5.8E+09 5.1E+02 _
   3356  1632      2 1.0E+00   1634 (3.1E-09) 3.4E-03  4.4661613E-01     962          141 6.0E+09 5.1E+02 _
   3360  1633      4 1.0E+00   1635 (2.5E-09) 3.0E-03  4.4661612E-01     962          139 6.3E+09 5.1E+02 _
   3362  1634      2 1.0E+00   1636 (2.2E-09) 2.2E-03  4.4661612E-01     962          140 6.4E+09 5.1E+02 _
   3363  1635      1 1.0E+00   1637 (2.1E-09) 5.4E-03  4.4661611E-01     962          140 6.4E+09 5.1E+02 _
   3365  1636      2 1.0E+00   1638 (3.7E-10) 3.4E-03  4.4661610E-01     962          141 6.5E+09 5.1E+02 _
   3369  1637      4 1.0E+00   1639 (8.3E-09) 1.2E-02  4.4661606E-01     962          141 6.5E+09 5.1E+02 _
   3375  1638      6 1.0E+00   1640 (2.5E-09) 8.2E-03  4.4661602E-01     962          140 6.6E+09 5.1E+02 _
   3379  1639      4 1.0E+00   1641 (1.7E-09) 1.2E-02  4.4661595E-01     962          138 6.8E+09 5.1E+02 _

   Itns Major Minors    Step   nCon Feasible  Optimal  MeritFunction     L+U BSwap     nS condZHZ Penalty
   3380  1640      1 1.0E+00   1642 (1.1E-08) 5.1E-03  4.4661590E-01     962          138 7.0E+09 5.1E+02 _  R
   3381  1641      1 1.0E+00   1643 (2.5E-08) 9.6E-03  4.4661589E-01     962          138 6.9E+09 5.1E+02 _s
   3383  1642      2 1.0E+00   1644 (3.7E-09) 3.7E-03  4.4661587E-01     962          139 6.5E+09 5.1E+02 _
   3385  1643      2 1.0E+00   1645 (2.7E-09) 4.8E-03  4.4661586E-01     962          140 6.2E+09 5.1E+02 _
   3387  1644      2 1.0E+00   1646 (1.2E-09) 3.0E-03  4.4661585E-01     962          141 6.2E+09 5.1E+02 _
   3390  1645      3 1.0E+00   1647 (1.1E-10) 3.4E-03  4.4661585E-01     962          140 6.1E+09 5.1E+02 _
   3395  1646      5 1.0E+00   1648 (1.8E-09) 5.0E-03  4.4661583E-01     966     3    139 6.4E+09 5.1E+02 _
   3397  1647      2 1.0E+00   1649 (5.0E-10) 2.6E-03  4.4661582E-01     954          140 6.4E+09 5.1E+02 _
   3400  1648      3 1.0E+00   1650 (7.8E-10) 6.4E-03  4.4661580E-01     973          139 5.0E+09 5.1E+02 _
   3404  1649      4 1.0E+00   1651 (5.2E-09) 4.2E-03  4.4661579E-01     947          139 3.9E+09 5.1E+02 _
   3405  1650      1 1.0E+00   1652 (9.7E-10) 5.6E-03  4.4661578E-01     947          139 3.2E+09 5.1E+02 _
   3406  1651      1 1.0E+00   1653 (1.6E-09) 1.8E-03  4.4661577E-01     947          139 2.8E+09 5.1E+02 _  R
   3409  1652      3 1.0E+00   1654 (2.8E-10) 1.5E-03  4.4661577E-01     947          138 2.8E+09 5.1E+02 _s
   3411  1653      2 1.0E+00   1655 (1.1E-09) 1.2E-03  4.4661576E-01     947          139 2.9E+09 5.1E+02 _
   3412  1654      1 1.0E+00   1656 (4.1E-10) 2.2E-03  4.4661576E-01     947          139 2.9E+09 5.1E+02 _
   3413  1655      1 1.0E+00   1657 (1.1E-09) 2.1E-03  4.4661575E-01     947          139 2.9E+09 5.1E+02 _
   3414  1656      1 1.0E+00   1658 (2.2E-09) 2.7E-03  4.4661574E-01     947          139 2.9E+09 5.1E+02 _
   3418  1657      4 1.0E+00   1659 (6.6E-10) 5.8E-03  4.4661573E-01     947          139 2.9E+09 5.1E+02 _
   3419  1658      1 1.0E+00   1660 (2.8E-09) 4.2E-03  4.4661572E-01     947          139 2.9E+09 5.1E+02 _
   3424  1659      5 1.0E+00   1661 (2.5E-09) 2.3E-03  4.4661570E-01     947          140 2.9E+09 5.1E+02 _

   Itns Major Minors    Step   nCon Feasible  Optimal  MeritFunction     L+U BSwap     nS condZHZ Penalty
   3425  1660      1 1.0E+00   1662 (1.5E-09) 3.8E-03  4.4661568E-01     947          140 2.9E+09 5.1E+02 _
   3428  1661      3 1.0E+00   1663 (7.3E-09) 6.7E-03  4.4661564E-01     947          139 2.9E+09 5.1E+02 _
   3431  1662      3 1.0E+00   1664 (8.7E-09) 5.5E-03  4.4661558E-01     947          138 2.9E+09 5.1E+02 _  R
   3433  1663      2 1.0E+00   1665 (1.4E-08) 7.1E-03  4.4661556E-01     947          139 2.9E+09 5.1E+02 _s
   3435  1664      2 1.0E+00   1666 (2.3E-09) 3.5E-03  4.4661553E-01     947          140 2.9E+09 5.1E+02 _
   3436  1665      1 1.0E+00   1667 (1.1E-08) 7.0E-03  4.4661552E-01     947          140 2.8E+09 5.1E+02 _
   3438  1666      2 1.0E+00   1668 (7.1E-09) 1.9E-03  4.4661551E-01     947          139 2.1E+09 5.1E+02 _
   3439  1667      1 1.0E+00   1669 (2.9E-09) 4.8E-03  4.4661551E-01     947          139 2.1E+09 5.1E+02 _
   3443  1668      4 1.0E+00   1670 (1.4E-09) 2.8E-03  4.4661550E-01     955     4    139 3.2E+09 5.1E+02 _
   3445  1669      2 1.0E+00   1671 (4.8E-09) 3.1E-03  4.4661550E-01     920          140 1.8E+09 5.1E+02 _
   3446  1670      1 1.0E+00   1672 (2.0E-10) 3.6E-03  4.4661549E-01     920          140 1.7E+09 5.1E+02 _
   3448  1671      2 1.0E+00   1673 (2.7E-09) 2.1E-03  4.4661548E-01     920          139 1.7E+09 5.1E+02 _
   3450  1672      2 1.0E+00   1674 (5.4E-10) 2.4E-03  4.4661547E-01     920          140 1.7E+09 5.1E+02 _
   3452  1673      2 1.0E+00   1675 (9.8E-10) 1.8E-03  4.4661547E-01     920          141 1.7E+09 5.1E+02 _  R
   3453  1674      1 1.0E+00   1676 (5.6E-11) 2.0E-03  4.4661546E-01     920          141 1.7E+09 5.1E+02 _s
   3454  1675      1 1.0E+00   1677 (3.1E-11) 7.1E-04  4.4661546E-01     920          141 1.7E+09 5.1E+02 _
   3457  1676      3 1.0E+00   1678 (5.0E-11) 4.3E-04  4.4661546E-01     920          140 1.7E+09 5.1E+02 _
   3458  1677      1 1.0E+00   1679 (2.4E-10) 1.3E-03  4.4661545E-01     920          140 1.7E+09 5.1E+02 _
   3460  1678      2 1.0E+00   1680 (1.6E-10) 1.7E-03  4.4661544E-01     920          141 1.7E+09 5.1E+02 _
   3464  1679      4 1.0E+00   1681 (4.7E-10) 2.1E-03  4.4661544E-01     947          141 1.7E+09 5.1E+02 _

   Itns Major Minors    Step   nCon Feasible  Optimal  MeritFunction     L+U BSwap     nS condZHZ Penalty
   3466  1680      2 1.0E+00   1682 (4.9E-10) 2.2E-03  4.4661542E-01     905     5    142 1.5E+09 5.1E+02 _
   3468  1681      2 1.0E+00   1683 (7.7E-10) 2.4E-03  4.4661541E-01     926          141 1.5E+09 5.1E+02 _
   3470  1682      2 1.0E+00   1684 (7.0E-10) 4.5E-03  4.4661538E-01     887          142 1.3E+09 5.1E+02 _
   3475  1683      5 1.0E+00   1685 (2.9E-09) 6.9E-03  4.4661535E-01     928          141 1.3E+09 5.1E+02 _
   3476  1684      1 1.0E+00   1686 (2.0E-09) 3.4E-03  4.4661532E-01     942          141 1.1E+09 5.1E+02 _  R
   3479  1685      3 1.0E+00   1687 (2.0E-09) 5.3E-03  4.4661530E-01     942          140 1.1E+09 5.1E+02 _s
   3485  1686      6 1.0E+00   1688 (4.1E-10) 2.5E-03  4.4661529E-01     942          142 1.1E+09 5.1E+02 _
   3487  1687      2 1.0E+00   1689 (1.2E-10) 2.3E-03  4.4661529E-01     942          143 1.1E+09 5.1E+02 _
   3490  1688      3 1.0E+00   1690 (1.5E-10) 2.3E-03  4.4661528E-01     942          142 1.1E+09 5.1E+02 _
   3494  1689      4 1.0E+00   1691 (5.7E-10) 2.2E-03  4.4661526E-01     942          142 1.1E+09 5.1E+02 _
   3499  1690      5 1.0E+00   1692 (1.4E-09) 2.4E-03  4.4661524E-01     962          141 1.1E+09 5.1E+02 _
   3501  1691      2 1.0E+00   1693 (2.5E-10) 4.4E-03  4.4661523E-01     947          142 1.1E+09 5.1E+02 _
   3503  1692      2 1.0E+00   1694 (5.2E-10) 1.3E-03  4.4661522E-01     947          143 1.1E+09 5.1E+02 _
   3507  1693      4 1.0E+00   1695 (3.3E-10) 8.1E-04  4.4661521E-01     947          141 1.1E+09 5.1E+02 _
   3509  1694      2 1.0E+00   1696 (4.2E-10) 1.4E-03  4.4661521E-01     947          142 1.1E+09 5.1E+02 _
   3513  1695      4 1.0E+00   1697 (2.5E-10) 2.3E-03  4.4661520E-01     947          140 1.1E+09 5.1E+02 _  R
   3517  1696      4 1.0E+00   1698 (1.0E-10) 2.5E-03  4.4661520E-01     947          140 1.1E+09 5.1E+02 _s
   3518  1697      1 3.6E-01   1699 (2.4E-09) 4.8E-03  4.4661519E-01     947          140 1.1E+09 5.1E+02 _
   3522  1698      4 1.0E+00   1700 (1.8E-09) 3.1E-03  4.4661519E-01     941     4    141 7.2E+08 5.1E+02 _
   3523  1699      1 1.0E+00   1701 (1.4E-09) 7.5E-03  4.4661518E-01     922          141 7.1E+08 5.1E+02 _

   Itns Major Minors    Step   nCon Feasible  Optimal  MeritFunction     L+U BSwap     nS condZHZ Penalty
   3526  1700      3 1.0E+00   1702 (2.8E-09) 5.8E-03  4.4661515E-01     922          140 7.1E+08 5.1E+02 _
   3528  1701      2 4.5E-01   1703 (2.1E-09) 3.8E-03  4.4661514E-01     941          139 7.0E+08 5.1E+02 _
   3529  1702      1 1.0E+00   1704 (3.7E-09) 9.1E-03  4.4661513E-01     953          139 7.0E+08 5.1E+02 _
   3530  1703      1 1.0E+00   1705 (2.9E-08) 9.8E-03  4.4661512E-01     953          139 7.0E+08 5.1E+02 _
   3531  1704      1 1.0E+00   1706 (1.0E-08) 1.7E-02  4.4661509E-01     953          139 7.0E+08 5.1E+02 _
   3532  1705      1 4.5E-01   1707 (1.4E-08) 1.9E-02  4.4661505E-01     929     4    139 7.5E+08 5.1E+02 _
   3533  1706      1 1.0E+00   1708 (5.8E-08) 3.6E-03  4.4661500E-01     929          139 7.5E+08 5.1E+02 _  R
   3534  1707      1 4.7E-01   1709 (6.2E-08) 4.6E-03  4.4661497E-01     929          139 7.4E+08 5.1E+02 _s
   3535  1708      1 1.0E+00   1710 (6.8E-10) 4.3E-03  4.4661497E-01     929          139 7.0E+08 5.1E+02 _
   3538  1709      3 1.0E+00   1711 (1.9E-09) 2.0E-03  4.4661496E-01     929          141 6.9E+08 5.1E+02 _
   3539  1710      1 1.0E+00   1712 (1.0E-08) 5.1E-03  4.4661495E-01     929          141 7.0E+08 5.1E+02 _
   3540  1711      1 1.0E+00   1713 (4.5E-08) 1.1E-02  4.4661493E-01     929          141 6.5E+08 5.1E+02 _
   3541  1712      1 1.0E+00   1714 (4.8E-08) 1.7E-02  4.4661493E-01     929          141 6.2E+08 5.1E+02 _
   3542  1713      1 1.0E+00   1715 (2.4E-08) 5.0E-03  4.4661489E-01     929          141 6.0E+08 5.1E+02 _
   3543  1714      1 1.0E+00   1716 (1.8E-08) 2.5E-03  4.4661487E-01     877     3    141 6.3E+08 5.1E+02 _
   3547  1715      4 1.0E+00   1717 (2.5E-09) 5.8E-03  4.4661486E-01     907          141 6.4E+08 5.1E+02 _
   3551  1716      4 1.0E+00   1718 (1.5E-08) 4.4E-03  4.4661485E-01     903          144 6.0E+08 5.1E+02 _
   3554  1717      3 1.0E+00   1719 (8.4E-08) 1.3E-02  4.4661483E-01     903          142 6.2E+08 5.1E+02 _  R
   3558  1718      4 1.0E+00   1720 (2.2E-09) 4.2E-03  4.4661482E-01     920          142 6.2E+08 5.1E+02 _s
   3561  1719      3 1.0E+00   1721 (2.6E-09) 2.5E-03  4.4661481E-01     922          144 6.2E+08 5.1E+02 _

   Itns Major Minors    Step   nCon Feasible  Optimal  MeritFunction     L+U BSwap     nS condZHZ Penalty
   3563  1720      2 1.0E+00   1722 (9.3E-09) 5.3E-03  4.4661479E-01     922          143 6.3E+08 5.1E+02 _
   3566  1721      3 1.0E+00   1723 (1.2E-08) 1.0E-02  4.4661478E-01     922          143 6.4E+08 5.1E+02 _
   3572  1722      6 1.0E+00   1724 (6.3E-09) 3.1E-03  4.4661476E-01     973          141 6.5E+08 5.1E+02 _
   3575  1723      3 1.0E+00   1725 (3.6E-08) 1.1E-02  4.4661471E-01     947          141 6.6E+08 5.1E+02 _
   3577  1724      2 1.0E+00   1726 (5.3E-08) 1.1E-02  4.4661465E-01     947          142 6.6E+08 5.1E+02 _
   3579  1725      2 1.0E+00   1727 (3.6E-08) 1.1E-02  4.4661459E-01     947          141 6.6E+08 5.1E+02 _
   3581  1726      2 3.6E-01   1728 (8.7E-08) 8.0E-03  4.4661458E-01     947          140 6.6E+08 5.1E+02 _
   3584  1727      3 1.0E+00   1729  3.5E-06  5.0E-02  4.4661444E-01     948          138 6.6E+08 5.1E+02 _
   3585  1728      1 1.0E+00   1730 (9.2E-07) 2.8E-02  4.4661425E-01     948          138 7.8E+08 5.1E+02 _  R
   3586  1729      1 1.0E+00   1731 (1.4E-08) 1.4E-02  4.4661402E-01     948          138 8.0E+08 5.1E+02 _s
   3587  1730      1 1.0E+00   1732 (6.5E-10) 7.9E-03  4.4661397E-01     948          138 7.8E+08 5.1E+02 _
   3589  1731      2 1.0E+00   1733 (6.4E-10) 7.7E-03  4.4661393E-01     948          139 8.1E+08 5.1E+02 _
   3590  1732      1 1.0E+00   1734 (6.4E-09) 1.5E-02  4.4661392E-01     948          139 8.3E+08 5.1E+02 _
   3593  1733      3 1.0E+00   1735 (1.1E-09) 5.1E-03  4.4661387E-01     948          138 8.4E+08 5.1E+02 _
   3594  1734      1 1.0E+00   1736 (1.4E-09) 6.6E-03  4.4661384E-01     948          138 8.5E+08 5.1E+02 _
   3596  1735      2 1.0E+00   1737 (1.3E-08) 1.3E-02  4.4661375E-01     948          137 8.5E+08 5.1E+02 _
   3597  1736      1 1.0E+00   1738 (2.0E-07) 2.0E-02  4.4661350E-01     948          137 8.6E+08 5.1E+02 _
   3598  1737      1 1.0E+00   1739 (9.9E-08) 1.4E-02  4.4661334E-01     948          137 8.6E+08 5.1E+02 _
   3600  1738      2 1.0E+00   1740 (7.0E-08) 4.4E-02  4.4661329E-01     948          138 8.6E+08 5.1E+02 _
   3601  1739      1 1.0E+00   1741 (8.1E-08) 1.6E-02  4.4661323E-01     948          138 8.8E+08 5.1E+02 _  R

   Itns Major Minors    Step   nCon Feasible  Optimal  MeritFunction     L+U BSwap     nS condZHZ Penalty
   3602  1740      1 1.0E+00   1742 (9.8E-10) 9.7E-03  4.4661317E-01     948          138 8.8E+08 5.1E+02 _s
   3604  1741      2 1.0E+00   1743 (3.4E-10) 4.7E-03  4.4661315E-01     977     3    137 9.0E+08 5.1E+02 _
   3605  1742      1 1.0E+00   1744 (2.6E-09) 6.9E-03  4.4661311E-01     946          137 9.0E+08 5.1E+02 _
   3607  1743      2 1.0E+00   1745 (6.0E-09) 8.5E-03  4.4661307E-01     946          138 9.0E+08 5.1E+02 _
   3608  1744      1 1.0E+00   1746 (8.7E-09) 7.5E-03  4.4661304E-01     946          138 9.0E+08 5.1E+02 _
   3611  1745      3 1.0E+00   1747 (1.4E-08) 4.7E-03  4.4661301E-01     946          137 9.0E+08 5.1E+02 _
   3612  1746      1 1.0E+00   1748 (3.3E-08) 1.6E-02  4.4661297E-01     946          137 9.0E+08 5.1E+02 _
   3613  1747      1 1.0E+00   1749 (7.6E-08) 4.4E-02  4.4661291E-01     946          137 9.0E+08 5.1E+02 _
   3615  1748      2 1.0E+00   1750 (5.0E-08) 4.1E-02  4.4661284E-01     946          138 9.0E+08 5.1E+02 _
   3617  1749      2 1.0E+00   1751 (3.9E-08) 3.8E-03  4.4661276E-01     946          137 9.0E+08 5.1E+02 _
   3618  1750      1 1.0E+00   1752 (2.0E-08) 3.5E-03  4.4661272E-01     946          137 9.0E+08 5.1E+02 _  R
   3621  1751      3 1.0E+00   1753 (9.1E-11) 3.4E-03  4.4661270E-01     946          139 9.0E+08 5.1E+02 _s
   3622  1752      1 1.8E-01   1754 (5.2E-09) 8.2E-03  4.4661263E-01     946          139 9.0E+08 5.1E+02 _
   3623  1753      1 3.5E-01   1755 (1.1E-08) 4.0E-03  4.4661260E-01     946          139 9.0E+08 5.1E+02 _
   3624  1754      1 3.7E-01   1756 (1.2E-08) 1.0E-02  4.4661257E-01     946          139 8.7E+08 5.1E+02 _
   3627  1755      3 1.0E+00   1757 (6.1E-08) 1.6E-02  4.4661249E-01     946          137 8.4E+08 5.1E+02 _
   3628  1756      1 3.8E-01   1758 (8.5E-08) 1.1E-02  4.4661240E-01     946          137 7.9E+08 5.1E+02 _
   3629  1757      1 3.0E-01   1759 (7.2E-08) 1.0E-02  4.4661236E-01     946          137 7.7E+08 5.1E+02 _
   3630  1758      1 1.0E+00   1760 (3.5E-08) 1.6E-02  4.4661232E-01     946          137 7.3E+08 5.1E+02 _
   3631  1759      1 2.6E-01   1761 (4.3E-08) 1.5E-02  4.4661227E-01     946          137 7.3E+08 5.1E+02 _

   Itns Major Minors    Step   nCon Feasible  Optimal  MeritFunction     L+U BSwap     nS condZHZ Penalty
   3633  1760      2 1.0E+00   1762 (1.6E-07) 3.3E-02  4.4661221E-01     945          138 7.3E+08 5.1E+02 _
   3635  1761      2 4.3E-01   1763 (1.8E-07) 2.3E-02  4.4661213E-01     945          137 1.1E+09 5.1E+02 _  R
   3636  1762      1 3.7E-01   1764 (1.1E-07) 1.4E-02  4.4661207E-01     945          137 1.0E+09 5.1E+02 _s
   3637  1763      1 1.0E+00   1765 (7.1E-10) 1.2E-02  4.4661203E-01     945          137 1.0E+09 5.1E+02 _
   3638  1764      1 1.0E+00   1766 (6.2E-10) 1.2E-02  4.4661199E-01     945          137 1.0E+09 5.1E+02 _
   3639  1765      1 1.0E+00   1767 (1.1E-09) 1.1E-02  4.4661196E-01     945          137 1.0E+09 5.1E+02 _
   3640  1766      1 1.0E+00   1768 (2.5E-09) 9.7E-03  4.4661191E-01     945          137 1.0E+09 5.1E+02 _
   3641  1767      1 1.0E+00   1769 (1.3E-08) 2.3E-02  4.4661188E-01     945          137 1.0E+09 5.1E+02 _
   3642  1768      1 1.0E+00   1770 (4.0E-10) 1.8E-02  4.4661182E-01     945          137 1.0E+09 5.1E+02 _
   3643  1769      1 1.0E+00   1771 (4.0E-09) 7.2E-03  4.4661177E-01     945          137 1.0E+09 5.1E+02 _
   3644  1770      1 1.0E+00   1772 (2.6E-08) 9.0E-03  4.4661172E-01     948     3    137 1.0E+09 5.1E+02 _
   3645  1771      1 1.0E+00   1773 (4.6E-09) 6.8E-03  4.4661169E-01     948          137 1.0E+09 5.1E+02 _
   3646  1772      1 1.0E+00   1774 (1.1E-08) 5.1E-03  4.4661165E-01     948          137 1.0E+09 5.1E+02 _  R
   3647  1773      1 1.0E+00   1775 (1.0E-10) 4.6E-03  4.4661163E-01     948          137 1.0E+09 5.1E+02 _s
   3648  1774      1 1.0E+00   1776 (1.0E-09) 1.3E-02  4.4661161E-01     948          137 1.0E+09 5.1E+02 _
   3649  1775      1 1.0E+00   1777 (1.3E-09) 1.2E-02  4.4661158E-01     948          137 1.0E+09 5.1E+02 _
   3650  1776      1 1.0E+00   1778 (5.8E-10) 9.6E-03  4.4661156E-01     948          137 1.0E+09 5.1E+02 _
   3651  1777      1 1.0E+00   1779 (2.6E-10) 7.9E-03  4.4661153E-01     948          137 1.0E+09 5.1E+02 _
   3652  1778      1 1.0E+00   1780 (1.7E-09) 9.1E-03  4.4661151E-01     948          137 1.0E+09 5.1E+02 _
   3653  1779      1 1.0E+00   1781 (5.6E-09) 7.6E-03  4.4661147E-01     946     2    137 1.0E+09 5.1E+02 _

   Itns Major Minors    Step   nCon Feasible  Optimal  MeritFunction     L+U BSwap     nS condZHZ Penalty
   3654  1780      1 1.0E+00   1782 (7.8E-09) 9.2E-03  4.4661143E-01     946          137 1.0E+09 5.1E+02 _
   3655  1781      1 1.0E+00   1783 (6.3E-09) 1.6E-02  4.4661141E-01     946          137 1.0E+09 5.1E+02 _
   3656  1782      1 1.0E+00   1784 (4.2E-10) 5.1E-03  4.4661136E-01     946          137 1.0E+09 5.1E+02 _
   3657  1783      1 1.0E+00   1785 (2.0E-09) 9.3E-03  4.4661134E-01     946          137 9.7E+08 5.1E+02 _  R
   3658  1784      1 4.8E-01   1786 (9.4E-10) 6.5E-03  4.4661131E-01     946          137 9.5E+08 5.1E+02 _s
   3660  1785      2 1.0E+00   1787 (2.7E-11) 4.9E-03  4.4661130E-01     946          138 9.4E+08 5.1E+02 _
   3661  1786      1 1.0E+00   1788 (3.1E-10) 4.8E-03  4.4661128E-01     946          138 9.4E+08 5.1E+02 _
   3664  1787      3 1.0E+00   1789 (4.7E-10) 7.5E-03  4.4661126E-01     946          137 9.4E+08 5.1E+02 _
   3665  1788      1 1.0E+00   1790 (1.8E-09) 8.5E-03  4.4661124E-01     972     3    137 1.4E+09 5.1E+02 _
   3668  1789      3 1.0E+00   1791 (9.0E-10) 4.7E-03  4.4661122E-01     972          139 1.4E+09 5.1E+02 _
   3669  1790      1 1.0E+00   1792 (2.2E-09) 1.3E-02  4.4661120E-01     972          139 1.4E+09 5.1E+02 _
   3674  1791      5 1.0E+00   1793 (8.2E-11) 1.5E-02  4.4661119E-01     972          138 1.4E+09 5.1E+02 _
   3676  1792      2 1.0E+00   1794 (1.3E-09) 6.4E-03  4.4661116E-01     972          139 1.4E+09 5.1E+02 _
   3677  1793      1 1.0E+00   1795 (1.0E-08) 5.2E-03  4.4661113E-01     972          139 1.4E+09 5.1E+02 _
   3680  1794      3 1.0E+00   1796 (1.1E-09) 5.0E-03  4.4661111E-01     972          138 1.5E+09 5.1E+02 _  R
   3681  1795      1 1.0E+00   1797 (5.4E-11) 2.7E-03  4.4661110E-01     972          138 1.5E+09 5.1E+02 _s
   3682  1796      1 1.0E+00   1798 (1.3E-09) 5.0E-03  4.4661107E-01     972          138 1.5E+09 5.1E+02 _
   3685  1797      3 1.0E+00   1799 (1.4E-09) 6.6E-03  4.4661105E-01     980     2    137 1.1E+09 5.1E+02 _
   3687  1798      2 1.0E+00   1800 (1.1E-09) 4.4E-03  4.4661103E-01     948          138 1.1E+09 5.1E+02 _
   3689  1799      2 1.0E+00   1801 (1.5E-09) 6.3E-03  4.4661101E-01     948          137 1.1E+09 5.1E+02 _

   Itns Major Minors    Step   nCon Feasible  Optimal  MeritFunction     L+U BSwap     nS condZHZ Penalty
   3690  1800      1 1.0E+00   1802 (5.6E-09) 5.2E-03  4.4661099E-01     948          137 1.1E+09 5.1E+02 _
   3691  1801      1 1.0E+00   1803 (3.7E-09) 9.9E-03  4.4661097E-01     948          137 1.1E+09 5.1E+02 _
   3692  1802      1 1.0E+00   1804 (8.0E-09) 6.8E-03  4.4661094E-01     948          137 1.1E+09 5.1E+02 _
   3693  1803      1 1.0E+00   1805 (2.6E-08) 1.2E-02  4.4661090E-01     948          137 1.1E+09 5.1E+02 _
   3694  1804      1 1.0E+00   1806 (6.3E-08) 1.5E-02  4.4661081E-01     948          137 1.1E+09 5.1E+02 _
   3695  1805      1 1.0E+00   1807 (4.5E-07) 2.1E-02  4.4661067E-01     948          137 1.1E+09 5.1E+02 _  R
   3696  1806      1 1.0E+00   1808 (4.3E-09) 2.6E-02  4.4661065E-01     948          137 1.1E+09 5.1E+02 _s
   3697  1807      1 1.0E+00   1809 (5.4E-10) 5.8E-03  4.4661054E-01     948          137 1.1E+09 5.1E+02 _
   3699  1808      2 1.0E+00   1810 (3.7E-10) 4.6E-03  4.4661050E-01     948          138 1.1E+09 5.1E+02 _
   3700  1809      1 1.0E+00   1811 (1.8E-10) 3.5E-03  4.4661047E-01     948          138 1.1E+09 5.1E+02 _
   3703  1810      3 1.0E+00   1812 (8.2E-11) 3.1E-03  4.4661045E-01     948          137 1.1E+09 5.1E+02 _
   3704  1811      1 1.0E+00   1813 (6.5E-10) 2.2E-03  4.4661043E-01     948          137 1.1E+09 5.1E+02 _
   3705  1812      1 1.0E+00   1814 (1.2E-10) 6.3E-03  4.4661042E-01     948          137 1.1E+09 5.1E+02 _
   3706  1813      1 1.0E+00   1815 (5.2E-10) 4.2E-03  4.4661040E-01     948          137 1.1E+09 5.1E+02 _
   3707  1814      1 1.0E+00   1816 (7.6E-10) 6.5E-03  4.4661039E-01     948          137 1.1E+09 5.1E+02 _
   3708  1815      1 1.0E+00   1817 (7.0E-10) 5.0E-03  4.4661038E-01     948          137 1.0E+09 5.1E+02 _
   3710  1816      2 1.0E+00   1818 (2.6E-09) 2.9E-03  4.4661036E-01     965     3    138 9.1E+08 5.1E+02 _  R
   3712  1817      2 1.0E+00   1819 (2.8E-11) 2.1E-03  4.4661035E-01     965          139 8.6E+08 5.1E+02 _s
   3715  1818      3 1.0E+00   1820 (6.0E-10) 4.9E-03  4.4661034E-01     965          137 7.9E+08 5.1E+02 _
   3716  1819      1 1.0E+00   1821 (1.0E-09) 3.8E-03  4.4661032E-01     965          137 7.5E+08 5.1E+02 _

   Itns Major Minors    Step   nCon Feasible  Optimal  MeritFunction     L+U BSwap     nS condZHZ Penalty
   3717  1820      1 1.0E+00   1822 (2.2E-10) 1.2E-02  4.4661031E-01     965          137 7.7E+08 5.1E+02 _
   3718  1821      1 1.0E+00   1823 (3.8E-10) 3.8E-03  4.4661030E-01     965          137 6.8E+08 5.1E+02 _
   3719  1822      1 1.0E+00   1824 (5.3E-10) 1.1E-02  4.4661029E-01     965          137 6.8E+08 5.1E+02 _
   3721  1823      2 1.0E+00   1825 (7.6E-10) 4.6E-03  4.4661027E-01     965          138 6.7E+08 5.1E+02 _
   3722  1824      1 1.0E+00   1826 (3.6E-09) 1.2E-02  4.4661026E-01     965          138 6.7E+08 5.1E+02 _
   3726  1825      4 1.0E+00   1827 (3.0E-09) 1.3E-02  4.4661022E-01     980     3    138 7.0E+08 5.1E+02 _
   3728  1826      2 1.0E+00   1828 (1.1E-08) 8.5E-03  4.4661015E-01     963          139 7.0E+08 5.1E+02 _
   3729  1827      1 1.0E+00   1829 (6.6E-08) 1.1E-02  4.4661007E-01     963          139 8.5E+08 5.1E+02 _  R
   3730  1828      1 1.0E+00   1830 (5.6E-10) 1.3E-02  4.4661002E-01     963          139 8.8E+08 5.1E+02 _s
   3734  1829      4 1.0E+00   1831 (1.8E-10) 5.2E-03  4.4660998E-01     963          137 8.7E+08 5.1E+02 _
   3736  1830      2 1.0E+00   1832 (2.1E-10) 5.9E-03  4.4660997E-01     963          138 8.9E+08 5.1E+02 _
   3739  1831      3 1.0E+00   1833 (1.3E-10) 2.5E-03  4.4660996E-01     963          140 8.9E+08 5.1E+02 _
   3741  1832      2 1.0E+00   1834 (7.7E-10) 2.3E-03  4.4660995E-01     963          139 9.0E+08 5.1E+02 _
   3745  1833      4 1.0E+00   1835 (5.4E-10) 2.9E-03  4.4660994E-01     963          137 8.9E+08 5.1E+02 _
   3747  1834      2 1.0E+00   1836 (3.3E-09) 3.7E-03  4.4660992E-01     963          138 8.9E+08 5.1E+02 _
   3750  1835      3 1.0E+00   1837 (2.8E-09) 3.7E-03  4.4660990E-01     963          140 8.9E+08 5.1E+02 _
   3754  1836      4 1.0E+00   1838 (1.9E-08) 3.7E-03  4.4660989E-01     963          138 8.9E+08 5.1E+02 _
   3758  1837      4 1.0E+00   1839 (1.8E-10) 3.8E-03  4.4660984E-01     963          139 8.9E+08 5.1E+02 _
   3759  1838      1 1.0E+00   1840 (3.3E-09) 5.1E-03  4.4660982E-01     963          139 9.0E+08 5.1E+02 _  R
   3760  1839      1 1.0E+00   1841 (1.1E-10) 5.0E-03  4.4660980E-01     963          139 9.0E+08 5.1E+02 _s

   Itns Major Minors    Step   nCon Feasible  Optimal  MeritFunction     L+U BSwap     nS condZHZ Penalty
   3762  1840      2 1.0E+00   1842 (1.3E-10) 1.2E-03  4.4660979E-01     963          138 9.0E+08 5.1E+02 _
   3764  1841      2 1.0E+00   1843 (5.8E-10) 1.2E-03  4.4660977E-01     952     4    139 9.0E+08 5.1E+02 _
   3768  1842      4 1.0E+00   1844 (2.4E-09) 2.0E-03  4.4660976E-01     970          139 9.0E+08 5.1E+02 _
   3772  1843      4 1.0E+00   1845 (2.3E-08) 3.3E-03  4.4660973E-01     946          140 9.0E+08 5.1E+02 _
   3775  1844      3 4.9E-01   1846 (2.4E-08) 4.9E-03  4.4660971E-01     946          140 9.0E+08 5.1E+02 _
   3777  1845      2 1.0E+00   1847 (7.3E-09) 2.9E-03  4.4660968E-01     946          141 9.0E+08 5.1E+02 _
   3782  1846      5 1.0E+00   1848 (2.5E-08) 9.0E-03  4.4660964E-01     946          138 9.0E+08 5.1E+02 _
   3784  1847      2 1.0E+00   1849 (1.7E-08) 8.1E-03  4.4660958E-01     946          139 9.0E+08 5.1E+02 _
   3786  1848      2 1.0E+00   1850 (2.6E-07) 8.1E-03  4.4660949E-01     946          138 9.0E+08 5.1E+02 _
   3789  1849      3 1.0E+00   1851 (2.7E-07) 6.1E-03  4.4660940E-01     946          137 9.0E+08 5.1E+02 _  R
   3790  1850      1 1.0E+00   1852 (5.1E-10) 5.2E-03  4.4660937E-01     946          137 9.0E+08 5.1E+02 _s
   3791  1851      1 1.0E+00   1853 (1.4E-10) 5.3E-03  4.4660934E-01     946          137 8.9E+08 5.1E+02 _
   3794  1852      3 1.0E+00   1854 (1.2E-09) 1.7E-03  4.4660931E-01     946          139 9.0E+08 5.1E+02 _
   3797  1853      3 1.0E+00   1855 (1.9E-09) 1.5E-02  4.4660927E-01     946          139 9.0E+08 5.1E+02 _
   3799  1854      2 3.0E-01   1856 (8.2E-09) 1.8E-02  4.4660926E-01     946          138 9.0E+08 5.1E+02 _
   3800  1855      1 1.0E+00   1857 (2.9E-10) 6.3E-03  4.4660924E-01     946          138 9.0E+08 5.1E+02 _
   3802  1856      2 1.0E+00   1858 (5.4E-11) 9.3E-04  4.4660922E-01     946          139 8.9E+08 5.1E+02 _
   3803  1857      1 1.0E+00   1859 (6.2E-10) 5.0E-03  4.4660922E-01     946          139 8.9E+08 5.1E+02 _
   3806  1858      3 1.0E+00   1860 (2.1E-09) 1.2E-03  4.4660921E-01     946          138 8.8E+08 5.1E+02 _
   3807  1859      1 1.0E+00   1861 (3.5E-08) 1.2E-02  4.4660919E-01     946          138 8.8E+08 5.1E+02 _

   Itns Major Minors    Step   nCon Feasible  Optimal  MeritFunction     L+U BSwap     nS condZHZ Penalty
   3808  1860      1 1.0E+00   1862 (1.8E-08) 1.5E-03  4.4660917E-01     946          138 8.8E+08 5.1E+02 _  R
   3811  1861      3 1.0E+00   1863 (1.2E-10) 2.1E-03  4.4660916E-01     946          140 8.8E+08 5.1E+02 _s
   3813  1862      2 1.0E+00   1864 (1.0E-09) 1.4E-03  4.4660914E-01     946          139 8.7E+08 5.1E+02 _
   3814  1863      1 1.0E+00   1865 (4.0E-10) 3.7E-03  4.4660913E-01     946          139 8.6E+08 5.1E+02 _
   3817  1864      3 1.0E+00   1866 (1.8E-10) 2.5E-03  4.4660912E-01     946          138 8.5E+08 5.1E+02 _
   3821  1865      4 1.0E+00   1867 (1.3E-09) 3.5E-03  4.4660911E-01     946          138 8.5E+08 5.1E+02 _
   3823  1866      2 4.5E-01   1868 (2.4E-09) 2.9E-03  4.4660910E-01     946          139 8.5E+08 5.1E+02 _
   3824  1867      1 1.0E+00   1869 (2.3E-10) 1.7E-03  4.4660909E-01     946          139 8.5E+08 5.1E+02 _
   3825  1868      1 1.0E+00   1870 (1.2E-09) 1.1E-03  4.4660907E-01     907     5    139 8.5E+08 5.1E+02 _
   3826  1869      1 1.0E+00   1871 (9.3E-09) 7.8E-03  4.4660905E-01     907          139 8.5E+08 5.1E+02 _
   3828  1870      2 1.0E+00   1872 (1.5E-09) 2.6E-03  4.4660903E-01     907          140 8.4E+08 5.1E+02 _
   3829  1871      1 1.0E+00   1873 (5.1E-09) 5.8E-03  4.4660901E-01     907          140 8.3E+08 5.1E+02 _  R
   3832  1872      3 1.0E+00   1874 (2.4E-10) 6.4E-03  4.4660899E-01     907          140 7.8E+08 5.1E+02 _s
   3833  1873      1 1.0E+00   1875 (3.2E-10) 1.4E-03  4.4660898E-01     907          140 7.6E+08 5.1E+02 _
   3834  1874      1 1.0E+00   1876 (2.3E-10) 2.2E-03  4.4660897E-01     907          140 7.5E+08 5.1E+02 _
   3835  1875      1 1.0E+00   1877 (8.6E-10) 1.9E-03  4.4660896E-01     907          140 7.4E+08 5.1E+02 _
   3839  1876      4 1.0E+00   1878 (1.3E-09) 1.5E-03  4.4660896E-01     934          140 7.4E+08 5.1E+02 _
   3842  1877      3 1.0E+00   1879 (9.1E-10) 6.1E-04  4.4660895E-01     938     4    142 7.7E+08 5.1E+02 _
   3844  1878      2 3.7E-01   1880 (3.9E-09) 1.9E-03  4.4660894E-01     952          141 7.7E+08 5.1E+02 _
   3847  1879      3 4.6E-01   1881 (5.7E-09) 2.6E-03  4.4660893E-01     962          140 7.7E+08 5.1E+02 _

   Itns Major Minors    Step   nCon Feasible  Optimal  MeritFunction     L+U BSwap     nS condZHZ Penalty
   3849  1880      2 3.8E-01   1882 (9.3E-09) 3.3E-03  4.4660893E-01     958          139 7.7E+08 5.1E+02 _
   3852  1881      3 1.0E+00   1883 (5.3E-10) 3.1E-03  4.4660892E-01     958          138 7.7E+08 5.1E+02 _
   3853  1882      1 1.0E+00   1884 (4.2E-09) 1.5E-03  4.4660891E-01     958          138 7.5E+08 5.1E+02 _  R
   3855  1883      2 1.0E+00   1885 (9.8E-11) 1.4E-03  4.4660890E-01     958          139 7.5E+08 5.1E+02 _s
   3856  1884      1 1.0E+00   1886 (3.1E-10) 1.6E-03  4.4660890E-01     958          139 7.5E+08 5.1E+02 _
   3861  1885      5 1.0E+00   1887 (1.8E-10) 1.4E-03  4.4660889E-01     958          140 7.5E+08 5.1E+02 _
   3867  1886      6 1.0E+00   1888 (3.0E-09) 1.1E-03  4.4660888E-01     958          142 7.5E+08 5.1E+02 _
   3870  1887      3 1.0E+00   1889 (1.8E-09) 2.1E-03  4.4660887E-01     958          141 7.5E+08 5.1E+02 _
   3873  1888      3 1.0E+00   1890 (9.5E-09) 2.4E-03  4.4660886E-01     958          139 7.4E+08 5.1E+02 _
   3876  1889      3 1.0E+00   1891 (2.7E-09) 7.1E-04  4.4660884E-01     931     3    139 8.1E+08 5.1E+02 _
   3878  1890      2 1.0E+00   1892 (8.6E-09) 2.0E-03  4.4660883E-01     931          140 8.1E+08 5.1E+02 _
   3879  1891      1 1.0E+00   1893 (6.5E-10) 1.6E-03  4.4660883E-01     931          140 8.1E+08 5.1E+02 _
   3885  1892      6 1.0E+00   1894 (8.8E-10) 1.5E-03  4.4660882E-01     946          140 8.1E+08 5.1E+02 _
   3888  1893      3 1.0E+00   1895 (2.0E-08) 3.1E-03  4.4660880E-01     936     5    138 1.1E+09 5.1E+02 _  R
   3890  1894      2 1.0E+00   1896 (1.0E-10) 2.2E-03  4.4660878E-01     936          139 1.1E+09 5.1E+02 _s
   3893  1895      3 1.0E+00   1897 (1.5E-10) 1.3E-03  4.4660878E-01     946          139 1.1E+09 5.1E+02 _
   3895  1896      2 1.0E+00   1898 (1.3E-09) 1.3E-03  4.4660877E-01     971          140 1.1E+09 5.1E+02 _
   3898  1897      3 1.0E+00   1899 (8.4E-09) 2.0E-03  4.4660876E-01     910     4    139 8.5E+08 5.1E+02 _
   3900  1898      2 4.7E-01   1900 (5.1E-09) 1.5E-03  4.4660876E-01     939          140 8.5E+08 5.1E+02 _
   3904  1899      4 1.0E+00   1901 (2.0E-10) 3.3E-03  4.4660875E-01     980          138 8.5E+08 5.1E+02 _

   Itns Major Minors    Step   nCon Feasible  Optimal  MeritFunction     L+U BSwap     nS condZHZ Penalty
   3908  1900      4 1.0E+00   1902 (2.1E-10) 1.7E-03  4.4660874E-01     945          138 8.5E+08 5.1E+02 _
   3912  1901      4 1.0E+00   1903 (2.5E-09) 1.4E-03  4.4660874E-01     945          141 8.6E+08 5.1E+02 _
   3915  1902      3 1.0E+00   1904 (5.1E-09) 2.5E-03  4.4660873E-01     945          140 8.5E+08 5.1E+02 _
   3917  1903      2 1.0E+00   1905 (1.1E-08) 2.0E-03  4.4660872E-01     945          141 8.5E+08 5.1E+02 _
   3918  1904      1 1.0E+00   1906 (9.7E-10) 1.2E-03  4.4660871E-01     945          141 8.6E+08 5.1E+02 _  R
   3920  1905      2 1.0E+00   1907 (5.7E-11) 1.6E-03  4.4660870E-01     945          142 8.6E+08 5.1E+02 _s
   3922  1906      2 1.0E+00   1908 (4.7E-10) 1.3E-03  4.4660869E-01     885     6    143 6.8E+08 5.1E+02 _
   3930  1907      8 1.0E+00   1909 (2.6E-10) 1.8E-03  4.4660869E-01     959          138 6.8E+08 5.1E+02 _
   3935  1908      5 1.0E+00   1910 (4.0E-09) 1.2E-03  4.4660867E-01     971          139 6.8E+08 5.1E+02 _
   3937  1909      2 1.0E+00   1911 (7.8E-09) 2.4E-03  4.4660866E-01     972          140 6.8E+08 5.1E+02 _
   3939  1910      2 1.0E+00   1912 (5.7E-09) 3.0E-03  4.4660865E-01     972          141 6.8E+08 5.1E+02 _
   3941  1911      2 1.0E+00   1913 (5.4E-10) 1.8E-03  4.4660864E-01     972          142 6.8E+08 5.1E+02 _
   3943  1912      2 1.0E+00   1914 (1.1E-09) 2.5E-03  4.4660864E-01     901     5    141 6.8E+08 5.1E+02 _
   3948  1913      5 1.0E+00   1915 (1.0E-08) 3.3E-03  4.4660862E-01     929          138 6.8E+08 5.1E+02 _
   3951  1914      3 1.0E+00   1916 (2.7E-08) 7.3E-03  4.4660861E-01     951          140 6.8E+08 5.1E+02 _
   3953  1915      2 1.0E+00   1917 (2.9E-08) 6.0E-03  4.4660859E-01     951          139 6.8E+08 5.1E+02 _  R
   3954  1916      1 1.0E+00   1918 (2.5E-10) 6.1E-03  4.4660857E-01     951          139 6.8E+08 5.1E+02 _s
   3956  1917      2 1.0E+00   1919 (5.4E-11) 3.3E-03  4.4660856E-01     943     6    140 7.0E+08 5.1E+02 _
   3959  1918      3 1.0E+00   1920 (7.9E-11) 2.8E-03  4.4660855E-01     943          142 7.0E+08 5.1E+02 _
   3960  1919      1 1.0E+00   1921 (9.9E-11) 8.3E-04  4.4660855E-01     943          142 7.0E+08 5.1E+02 _

   Itns Major Minors    Step   nCon Feasible  Optimal  MeritFunction     L+U BSwap     nS condZHZ Penalty
   3964  1920      4 1.0E+00   1922 (6.6E-11) 6.9E-04  4.4660854E-01     943          140 7.0E+08 5.1E+02 _
   3968  1921      4 1.0E+00   1923 (3.5E-10) 1.1E-03  4.4660854E-01     943          143 7.0E+08 5.1E+02 _
   3969  1922      1 1.0E+00   1924 (1.4E-09) 1.5E-03  4.4660854E-01     943          143 7.0E+08 5.1E+02 _
   3974  1923      5 1.0E+00   1925 (7.2E-10) 1.2E-03  4.4660853E-01     943          142 7.0E+08 5.1E+02 _
   3978  1924      4 1.0E+00   1926 (9.3E-10) 6.6E-04  4.4660853E-01     943          143 7.0E+08 5.1E+02 _
   3981  1925      3 1.0E+00   1927 (9.2E-10) 1.4E-03  4.4660853E-01     962          142 7.0E+08 5.1E+02 _
   3982  1926      1 3.2E-01   1928 (9.7E-10) 1.5E-03  4.4660852E-01     868     5    142 7.0E+08 5.1E+02 _  R
   3985  1927      3 1.0E+00   1929 (5.3E-11) 8.2E-04  4.4660852E-01     868          144 7.0E+08 5.1E+02 _s
   3986  1928      1 1.0E+00   1930 (1.0E-11) 7.3E-04  4.4660852E-01     868          144 7.0E+08 5.1E+02 _
   3987  1929      1 1.0E+00   1931 (1.3E-11) 7.1E-04  4.4660852E-01     868          144 7.0E+08 5.1E+02 _
   3988  1930      1 1.0E+00   1932 (6.6E-11) 6.1E-04  4.4660852E-01     868          144 7.0E+08 5.1E+02 _
   3991  1931      3 1.0E+00   1933 (2.3E-10) 4.9E-04  4.4660851E-01     899          143 7.0E+08 5.1E+02 _
   3993  1932      2 1.0E+00   1934 (1.2E-10) 4.8E-04  4.4660851E-01     894          144 7.0E+08 5.1E+02 _
   3995  1933      2 1.0E+00   1935 (1.0E-10) 4.6E-04  4.4660851E-01     894          145 7.0E+08 5.1E+02 _
   3996  1934      1 1.0E+00   1936 (1.2E-11) 3.1E-04  4.4660851E-01     894          145 7.0E+08 5.1E+02 _
   3997  1935      1 1.0E+00   1937 (4.5E-10) 5.8E-04  4.4660850E-01     794     4    145 7.4E+08 5.1E+02 _
   4001  1936      4 1.0E+00   1938 (1.7E-10) 6.2E-04  4.4660850E-01     831          143 7.4E+08 5.1E+02 _
   4002  1937      1 1.0E+00   1939 (2.4E-09) 8.7E-04  4.4660849E-01     841          143 7.4E+08 5.1E+02 _  R
   4005  1938      3 1.0E+00   1940 (3.7E-11) 6.5E-04  4.4660849E-01     871          142 7.4E+08 5.1E+02 _s
   4006  1939      1 1.0E+00   1941 (2.0E-10) 4.8E-04  4.4660848E-01     871          142 7.4E+08 5.1E+02 _

   Itns Major Minors    Step   nCon Feasible  Optimal  MeritFunction     L+U BSwap     nS condZHZ Penalty
   4007  1940      1 1.0E+00   1942 (5.5E-11) 5.7E-04  4.4660848E-01     871          142 7.4E+08 5.1E+02 _
   4010  1941      3 1.0E+00   1943 (1.7E-10) 4.1E-04  4.4660848E-01     891          141 7.4E+08 5.1E+02 _
   4013  1942      3 1.0E+00   1944 (3.1E-10) 5.9E-04  4.4660847E-01     888          143 7.4E+08 5.1E+02 _
   4014  1943      1 1.0E+00   1945 (1.0E-09) 4.3E-04  4.4660847E-01     888          143 7.4E+08 5.1E+02 _
   4017  1944      3 1.0E+00   1946 (5.9E-10) 5.8E-04  4.4660847E-01     916          142 7.4E+08 5.1E+02 _
   4021  1945      4 1.0E+00   1947 (4.7E-09) 1.9E-03  4.4660847E-01     880     3    142 7.1E+08 5.1E+02 _
   4024  1946      3 1.0E+00   1948 (4.3E-10) 1.3E-03  4.4660846E-01     916          142 7.1E+08 5.1E+02 _
   4028  1947      4 1.0E+00   1949 (2.7E-09) 1.4E-03  4.4660845E-01     966          140 7.1E+08 5.1E+02 _
   4031  1948      3 1.0E+00   1950 (1.8E-08) 3.4E-03  4.4660845E-01     931          140 7.1E+08 5.1E+02 _  R
   4033  1949      2 1.0E+00   1951 (1.9E-10) 2.5E-03  4.4660844E-01     931          141 7.1E+08 5.1E+02 _s
   4036  1950      3 1.0E+00   1952 (3.6E-11) 3.0E-03  4.4660843E-01     931          143 7.1E+08 5.1E+02 _
   4037  1951      1 1.0E+00   1953 (2.3E-10) 9.3E-04  4.4660843E-01     931          143 7.1E+08 5.1E+02 _
   4038  1952      1 1.0E+00   1954 (1.3E-10) 9.2E-04  4.4660843E-01     931          143 7.1E+08 5.1E+02 _
   4041  1953      3 1.0E+00   1955 (1.1E-09) 8.1E-04  4.4660842E-01     931          143 7.1E+08 5.1E+02 _
   4045  1954      4 1.0E+00   1956 (7.4E-10) 7.1E-04  4.4660842E-01     931          143 7.1E+08 5.1E+02 _
   4047  1955      2 1.0E+00   1957 (9.6E-10) 1.4E-03  4.4660842E-01     931          144 7.1E+08 5.1E+02 _
   4048  1956      1 1.0E+00   1958 (2.5E-09) 9.9E-04  4.4660842E-01     931          144 7.1E+08 5.1E+02 _
   4050  1957      2 1.0E+00   1959 (2.4E-11) 1.4E-03  4.4660841E-01     931          145 7.1E+08 5.1E+02 _
   4053  1958      3 1.0E+00   1960 (1.1E-09) 1.5E-03  4.4660841E-01     931          144 7.1E+08 5.1E+02 _
   4054  1959      1 1.0E+00   1961 (1.5E-08) 1.6E-03  4.4660841E-01     931          144 7.1E+08 5.1E+02 _  R

   Itns Major Minors    Step   nCon Feasible  Optimal  MeritFunction     L+U BSwap     nS condZHZ Penalty
   4056  1960      2 1.0E+00   1962 (7.7E-11) 1.2E-03  4.4660840E-01     814     7    145 7.1E+08 5.1E+02 _s
   4057  1961      1 1.0E+00   1963 (9.8E-11) 1.0E-03  4.4660840E-01     814          145 7.1E+08 5.1E+02 _
   4060  1962      3 1.0E+00   1964 (4.8E-10) 9.2E-04  4.4660839E-01     834          145 7.1E+08 5.1E+02 _
   4061  1963      1 4.3E-01   1965 (1.7E-09) 8.0E-04  4.4660839E-01     860          145 7.1E+08 5.1E+02 _
   4062  1964      1 1.0E+00   1966 (7.4E-09) 5.3E-04  4.4660839E-01     860          145 7.1E+08 5.1E+02 _
   4063  1965      1 1.0E+00   1967 (1.9E-09) 4.3E-04  4.4660838E-01     860          145 7.1E+08 5.1E+02 _
   4066  1966      3 1.0E+00   1968 (3.6E-10) 5.1E-04  4.4660838E-01     878          144 7.1E+08 5.1E+02 _
   4070  1967      4 1.0E+00   1969 (2.6E-10) 4.9E-04  4.4660838E-01     838     3    144 7.2E+08 5.1E+02 _
   4072  1968      2 1.0E+00   1970 (2.9E-09) 4.1E-04  4.4660838E-01     845          145 7.2E+08 5.1E+02 _
   4073  1969      1 1.0E+00   1971 (2.7E-09) 1.1E-03  4.4660837E-01     845          145 7.2E+08 5.1E+02 _
   4074  1970      1 1.0E+00   1972 (2.8E-10) 1.2E-03  4.4660837E-01     845          145 7.2E+08 5.1E+02 _  R
   4075  1971      1 1.0E+00   1973 (5.3E-11) 8.8E-04  4.4660837E-01     807     3    145 7.4E+08 5.1E+02 _s
   4076  1972      1 1.0E+00   1974 (7.8E-10) 6.4E-04  4.4660837E-01     807          145 7.4E+08 5.1E+02 _
   4079  1973      3 1.0E+00   1975 (6.0E-10) 8.1E-04  4.4660837E-01     824          144 7.4E+08 5.1E+02 _
   4081  1974      2 4.3E-01   1976 (7.7E-10) 5.2E-04  4.4660836E-01     827          145 7.4E+08 5.1E+02 _
   4082  1975      1 4.9E-01   1977 (1.1E-09) 4.1E-04  4.4660836E-01     827          145 7.4E+08 5.1E+02 _
   4083  1976      1 1.0E+00   1978 (1.5E-09) 8.3E-04  4.4660836E-01     827          145 7.4E+08 5.1E+02 _
   4086  1977      3 1.0E+00   1979 (7.0E-10) 6.7E-04  4.4660836E-01     827          144 7.4E+08 5.1E+02 _
   4088  1978      2 1.0E+00   1980 (9.5E-10) 6.9E-04  4.4660836E-01     827          145 7.4E+08 5.1E+02 _
   4089  1979      1 1.0E+00   1981 (1.1E-09) 6.8E-04  4.4660835E-01     827          145 7.4E+08 5.1E+02 _

   Itns Major Minors    Step   nCon Feasible  Optimal  MeritFunction     L+U BSwap     nS condZHZ Penalty
   4090  1980      1 1.0E+00   1982 (4.3E-09) 1.2E-03  4.4660835E-01     808     2    145 7.7E+08 5.1E+02 _
   4091  1981      1 1.0E+00   1983 (2.2E-08) 9.3E-04  4.4660834E-01     808          145 7.7E+08 5.1E+02 _  R
   4092  1982      1 1.0E+00   1984 (2.4E-10) 1.3E-03  4.4660833E-01     808          145 7.7E+08 5.1E+02 _s
   4093  1983      1 1.0E+00   1985 (3.3E-10) 1.1E-03  4.4660833E-01     808          145 7.7E+08 5.1E+02 _
   4094  1984      1 1.0E+00   1986 (2.0E-09) 7.8E-04  4.4660833E-01     808          145 7.7E+08 5.1E+02 _
   4095  1985      1 1.0E+00   1987 (2.7E-09) 1.5E-03  4.4660832E-01     808          145 7.7E+08 5.1E+02 _
   4096  1986      1 4.8E-01   1988 (1.7E-09) 4.9E-04  4.4660832E-01     808          145 7.7E+08 5.1E+02 _
   4097  1987      1 2.8E-01   1989 (1.3E-09) 1.2E-03  4.4660832E-01     808          145 7.7E+08 5.1E+02 _
   4098  1988      1 4.3E-01   1990 (7.4E-10) 1.6E-03  4.4660832E-01     808          145 7.7E+08 5.1E+02 _
   4099  1989      1 1.0E+00   1991 (1.3E-10) 1.0E-03  4.4660832E-01     807     1    145 8.4E+08 5.1E+02 _
   4100  1990      1 4.8E-01   1992 (1.4E-10) 4.5E-04  4.4660831E-01     807          145 8.3E+08 5.1E+02 _
   4101  1991      1 4.5E-01   1993 (2.3E-10) 7.1E-04  4.4660831E-01     807          145 8.3E+08 5.1E+02 _
   4102  1992      1 3.7E-01   1994 (3.3E-10) 9.5E-04  4.4660831E-01     807          145 8.4E+08 5.1E+02 _  R
   4103  1993      1 1.0E+00   1995 (2.2E-11) 8.7E-04  4.4660831E-01     807          145 8.3E+08 5.1E+02 _s
   4104  1994      1 1.0E+00   1996 (9.4E-12) 5.0E-04  4.4660831E-01     807          145 8.3E+08 5.1E+02 _
   4105  1995      1 3.8E-01   1997 (2.1E-11) 6.7E-04  4.4660831E-01     807          145 8.3E+08 5.1E+02 _
   4106  1996      1 1.0E+00   1998 (6.3E-11) 6.6E-04  4.4660831E-01     807          145 8.3E+08 5.1E+02 _
   4107  1997      1 1.0E+00   1999 (3.2E-10) 4.8E-04  4.4660831E-01     807          145 8.3E+08 5.1E+02 _
   4108  1998      1 1.0E+00   2000 (8.7E-10) 2.0E-03  4.4660831E-01     808     1    145 8.7E+08 5.1E+02 _
   4109  1999      1 1.0E+00   2001 (3.4E-11) 5.8E-04  4.4660831E-01     808          145 8.7E+08 5.1E+02 _

   Itns Major Minors    Step   nCon Feasible  Optimal  MeritFunction     L+U BSwap     nS condZHZ Penalty
   4110  2000      1 4.4E-01   2002 (1.8E-10) 4.8E-04  4.4660831E-01     808          145 8.7E+08 5.1E+02 _
   4111  2001      1 1.0E+00   2003 (7.2E-11) 6.7E-04  4.4660831E-01     808          145 8.7E+08 5.1E+02 _
   4112  2002      1 1.0E+00   2004 (3.9E-10) 6.3E-04  4.4660830E-01     808          145 8.7E+08 5.1E+02 _
   4113  2003      1 1.0E+00   2005 (2.9E-09) 4.4E-04  4.4660830E-01     808          145 8.7E+08 5.1E+02 _  R
   4114  2004      1 1.0E+00   2006 (2.5E-11) 4.6E-04  4.4660830E-01     808          145 8.7E+08 5.1E+02 _s
   4115  2005      1 1.0E+00   2007 (6.1E-11) 4.5E-04  4.4660830E-01     808          145 8.7E+08 5.1E+02 _
   4116  2006      1 1.0E+00   2008 (1.2E-10) 4.9E-04  4.4660830E-01     808          145 8.7E+08 5.1E+02 _
   4117  2007      1 1.0E+00   2009 (1.2E-09) 3.6E-04  4.4660829E-01     807     1    145 1.5E+09 5.1E+02 _
   4118  2008      1 3.0E-01   2010 (8.6E-10) 3.7E-04  4.4660829E-01     807          145 1.5E+09 5.1E+02 _
   4119  2009      1 4.9E-01   2011 (4.7E-10) 4.2E-04  4.4660829E-01     807          145 1.5E+09 5.1E+02 _
   4120  2010      1 4.5E-01   2012 (2.6E-10) 4.8E-04  4.4660829E-01     807          145 1.5E+09 5.1E+02 _
   4121  2011      1 1.0E+00   2013 (3.4E-10) 4.6E-04  4.4660829E-01     807          145 1.5E+09 5.1E+02 _
   4122  2012      1 1.6E-01   2014 (6.5E-10) 4.5E-04  4.4660829E-01     807          145 1.5E+09 5.1E+02 _
   4123  2013      1 3.7E-01   2015 (6.4E-10) 4.5E-04  4.4660829E-01     807          145 1.5E+09 5.1E+02 _
   4124  2014      1 4.4E-01   2016 (5.5E-10) 4.3E-04  4.4660829E-01     807          145 1.5E+09 5.1E+02 _  R
   4125  2015      1 1.0E+00   2017 (2.0E-11) 4.2E-04  4.4660829E-01     807          145 1.5E+09 5.1E+02 _s
   4126  2016      1 1.0E+00   2018 (3.3E-11) 4.3E-04  4.4660829E-01     808     1    145 9.7E+08 5.1E+02 _
   4127  2017      1 1.0E+00   2019 (3.5E-11) 4.2E-04  4.4660829E-01     808          145 9.7E+08 5.1E+02 _
   4128  2018      1 1.0E+00   2020 (1.6E-10) 4.3E-04  4.4660829E-01     808          145 9.7E+08 5.1E+02 _
   4129  2019      1 1.0E+00   2021 (7.0E-10) 4.8E-04  4.4660829E-01     808          145 9.7E+08 5.1E+02 _

   Itns Major Minors    Step   nCon Feasible  Optimal  MeritFunction     L+U BSwap     nS condZHZ Penalty
   4130  2020      1 1.0E+00   2022 (9.9E-10) 5.0E-04  4.4660828E-01     808          145 9.7E+08 5.1E+02 _
   4131  2021      1 1.0E+00   2023 (5.6E-10) 4.4E-04  4.4660828E-01     808          145 9.7E+08 5.1E+02 _
   4132  2022      1 1.0E+00   2024 (9.4E-12) 4.2E-04  4.4660828E-01     808          145 9.6E+08 5.1E+02 _
   4133  2023      1 1.0E+00   2025 (1.7E-10) 4.4E-04  4.4660828E-01     808          145 9.7E+08 5.1E+02 _
   4134  2024      1 4.9E-01   2026 (4.7E-10) 4.4E-04  4.4660828E-01     808          145 9.7E+08 5.1E+02 _
   4135  2025      1 1.0E+00   2027 (6.4E-10) 4.6E-04  4.4660828E-01     808          145 9.6E+08 5.1E+02 _  R
   4136  2026      1 1.0E+00   2028 (5.2E-11) 4.7E-04  4.4660828E-01     808          145 9.7E+08 5.1E+02 _s
   4137  2027      1 1.0E+00   2029 (1.0E-09) 4.4E-04  4.4660828E-01     808          145 9.7E+08 5.1E+02 _
   4138  2028      1 1.0E+00   2030 (5.6E-11) 4.3E-04  4.4660827E-01     808          145 9.7E+08 5.1E+02 _
   4139  2029      1 1.0E+00   2031 (1.1E-09) 4.6E-04  4.4660827E-01     808          145 9.7E+08 5.1E+02 _
   4140  2030      1 1.0E+00   2032 (4.2E-10) 4.5E-04  4.4660827E-01     808          145 9.7E+08 5.1E+02 _
   4141  2031      1 1.0E+00   2033 (9.0E-10) 4.4E-04  4.4660827E-01     808          145 9.7E+08 5.1E+02 _
   4142  2032      1 4.7E-01   2034 (5.4E-10) 4.2E-04  4.4660827E-01     808          145 9.7E+08 5.1E+02 _
   4143  2033      1 1.0E+00   2035 (5.3E-11) 4.2E-04  4.4660827E-01     808          145 9.7E+08 5.1E+02 _
   4144  2034      1 1.0E+00   2036 (7.4E-11) 4.2E-04  4.4660827E-01     808          145 9.7E+08 5.1E+02 _
   4145  2035      1 1.0E+00   2037 (2.7E-10) 4.3E-04  4.4660827E-01     808          145 9.7E+08 5.1E+02 _
   4146  2036      1 1.0E+00   2038 (8.6E-10) 4.2E-04  4.4660826E-01     808          145 9.6E+08 5.1E+02 _  R
   4147  2037      1 1.0E+00   2039 (8.3E-11) 4.3E-04  4.4660826E-01     808          145 9.6E+08 5.1E+02 _s
   4148  2038      1 1.0E+00   2040 (7.9E-11) 4.1E-04  4.4660826E-01     808          145 9.6E+08 5.1E+02 _
   4149  2039      1 1.0E+00   2041 (3.5E-10) 4.5E-04  4.4660826E-01     808          145 9.6E+08 5.1E+02 _

   Itns Major Minors    Step   nCon Feasible  Optimal  MeritFunction     L+U BSwap     nS condZHZ Penalty
   4150  2040      1 4.0E-01   2042 (3.7E-10) 4.6E-04  4.4660826E-01     808          145 9.6E+08 5.1E+02 _
   4151  2041      1 3.4E-01   2043 (3.4E-10) 4.2E-04  4.4660826E-01     808          145 9.6E+08 5.1E+02 _
   4153  2042      2 3.0E-01   2044 (3.9E-10) 4.6E-04  4.4660826E-01     808          146 9.6E+08 5.1E+02 _
   4154  2043      1 3.2E-01   2045 (5.1E-10) 4.6E-04  4.4660826E-01     774     1    146 6.7E+08 5.1E+02 _
   4155  2044      1 1.0E+00   2046 (1.1E-10) 4.6E-04  4.4660825E-01     774          146 6.7E+08 5.1E+02 _
   4156  2045      1 1.0E+00   2047 (4.1E-11) 5.4E-04  4.4660825E-01     774          146 6.6E+08 5.1E+02 _
   4157  2046      1 1.0E+00   2048 (3.3E-11) 3.8E-04  4.4660825E-01     774          146 6.6E+08 5.1E+02 _
   4158  2047      1 1.0E+00   2049 (1.4E-09) 4.6E-04  4.4660825E-01     774          146 6.6E+08 5.1E+02 _  R
   4159  2048      1 1.0E+00   2050 (1.5E-10) 5.0E-04  4.4660824E-01     774          146 6.6E+08 5.1E+02 _s
   4160  2049      1 1.0E+00   2051 (5.1E-10) 5.7E-04  4.4660824E-01     774          146 6.6E+08 5.1E+02 _
   4161  2050      1 1.0E+00   2052 (2.7E-10) 4.6E-04  4.4660824E-01     774          146 6.6E+08 5.1E+02 _
   4162  2051      1 1.0E+00   2053 (6.7E-10) 1.2E-03  4.4660824E-01     774          146 6.5E+08 5.1E+02 _
   4163  2052      1 1.0E+00   2054 (9.0E-11) 9.6E-04  4.4660824E-01     774          146 6.3E+08 5.1E+02 _
   4164  2053      1 1.0E+00   2055 (6.4E-11) 4.4E-04  4.4660824E-01     774          146 6.3E+08 5.1E+02 _
   4167  2054      3 1.0E+00   2056 (4.8E-11) 8.0E-04  4.4660824E-01     794          145 6.3E+08 5.1E+02 _
   4169  2055      2 4.6E-01   2057 (4.6E-11) 8.5E-04  4.4660823E-01     807          146 6.3E+08 5.1E+02 _
   4170  2056      1 1.0E+00   2058 (1.0E-10) 9.6E-04  4.4660823E-01     774     1    146 6.3E+08 5.1E+02 _
   4172  2057      2 1.0E+00   2059 (9.6E-11) 1.2E-03  4.4660823E-01     794          145 6.2E+08 5.1E+02 _
   4173  2058      1 1.0E+00   2060 (1.2E-09) 1.0E-03  4.4660822E-01     807          145 5.7E+08 5.1E+02 _  R
   4174  2059      1 1.0E+00   2061 (7.2E-11) 1.2E-03  4.4660822E-01     807          145 5.7E+08 5.1E+02 _s

   Itns Major Minors    Step   nCon Feasible  Optimal  MeritFunction     L+U BSwap     nS condZHZ Penalty
   4175  2060      1 1.0E+00   2062 (1.8E-11) 4.8E-04  4.4660821E-01     807          145 5.6E+08 5.1E+02 _
   4176  2061      1 1.0E+00   2063 (5.7E-12) 5.0E-04  4.4660821E-01     807          145 5.6E+08 5.1E+02 _
   4177  2062      1 1.0E+00   2064 (1.3E-11) 4.7E-04  4.4660821E-01     807          145 5.6E+08 5.1E+02 _
   4178  2063      1 1.0E+00   2065 (2.7E-11) 4.1E-04  4.4660821E-01     807          145 5.6E+08 5.1E+02 _
   4179  2064      1 1.0E+00   2066 (2.4E-11) 4.5E-04  4.4660821E-01     807          145 5.6E+08 5.1E+02 _
   4180  2065      1 1.0E+00   2067 (2.2E-11) 4.9E-04  4.4660821E-01     807          145 5.6E+08 5.1E+02 _
   4181  2066      1 1.0E+00   2068 (9.1E-12) 4.7E-04  4.4660821E-01     807          145 5.6E+08 5.1E+02 _
   4182  2067      1 1.0E+00   2069 (1.7E-11) 4.1E-04  4.4660820E-01     807          145 5.6E+08 5.1E+02 _
   4183  2068      1 1.0E+00   2070 (1.4E-09) 9.9E-04  4.4660820E-01     807          145 5.6E+08 5.1E+02 _
   4184  2069      1 1.0E+00   2071 (2.4E-10) 6.5E-04  4.4660819E-01     808     1    145 6.3E+08 5.1E+02 _  R
   4185  2070      1 1.0E+00   2072 (3.2E-12) 6.8E-04  4.4660819E-01     808          145 6.3E+08 5.1E+02 _s
   4186  2071      1 1.0E+00   2073 (4.0E-11) 4.5E-04  4.4660819E-01     808          145 6.3E+08 5.1E+02 _
   4187  2072      1 1.0E+00   2074 (2.0E-11) 4.4E-04  4.4660819E-01     808          145 6.3E+08 5.1E+02 _
   4188  2073      1 1.0E+00   2075 (4.6E-11) 1.5E-03  4.4660819E-01     808          145 6.3E+08 5.1E+02 _
   4189  2074      1 1.0E+00   2076 (5.8E-11) 5.2E-04  4.4660819E-01     808          145 6.3E+08 5.1E+02 _
   4191  2075      2 1.0E+00   2077 (4.9E-11) 1.4E-03  4.4660818E-01     808          146 6.3E+08 5.1E+02 _
   4192  2076      1 1.0E+00   2078 (4.1E-11) 9.3E-04  4.4660818E-01     808          146 6.3E+08 5.1E+02 _
   4193  2077      1 1.0E+00   2079 (4.8E-11) 1.7E-03  4.4660818E-01     808          146 6.3E+08 5.1E+02 _
   4194  2078      1 1.0E+00   2080 (1.0E-10) 7.6E-04  4.4660817E-01     774     1    146 5.5E+08 5.1E+02 _
   4195  2079      1 1.0E+00   2081 (7.6E-10) 3.1E-03  4.4660816E-01     775          146 5.5E+08 5.1E+02 _

   Itns Major Minors    Step   nCon Feasible  Optimal  MeritFunction     L+U BSwap     nS condZHZ Penalty
   4197  2080      2 1.8E-01   2082 (2.0E-09) 1.4E-03  4.4660816E-01     795          145 5.5E+08 5.1E+02 _  R
   4198  2081      1 1.0E+00   2083 (4.9E-10) 2.3E-03  4.4660815E-01     808          145 5.5E+08 5.1E+02 _s
   4199  2082      1 1.0E+00   2084 (5.1E-11) 1.8E-03  4.4660814E-01     809     1    145 5.7E+08 5.1E+02 _
   4200  2083      1 1.0E+00   2085 (7.7E-11) 4.3E-03  4.4660814E-01     809          145 5.7E+08 5.1E+02 _
   4201  2084      1 1.0E+00   2086 (2.9E-11) 1.0E-03  4.4660814E-01     809          145 5.7E+08 5.1E+02 _
   4202  2085      1 1.0E+00   2087 (2.0E-11) 8.4E-04  4.4660814E-01     809          145 5.7E+08 5.1E+02 _
   4203  2086      1 1.0E+00   2088 (1.9E-11) 1.2E-03  4.4660814E-01     809          145 5.7E+08 5.1E+02 _
   4205  2087      2 1.0E+00   2089 (7.9E-11) 1.4E-03  4.4660814E-01     808          146 5.7E+08 5.1E+02 _
   4206  2088      1 1.0E+00   2090 (7.1E-11) 2.5E-03  4.4660813E-01     808          146 5.7E+08 5.1E+02 _
   4207  2089      1 1.0E+00   2091 (1.0E-10) 2.7E-03  4.4660813E-01     808          146 5.7E+08 5.1E+02 _
   4208  2090      1 1.0E+00   2092 (6.1E-11) 2.0E-03  4.4660813E-01     808          146 5.6E+08 5.1E+02 _
   4209  2091      1 4.6E-01   2093 (5.1E-11) 1.6E-03  4.4660813E-01     774     1    146 5.7E+08 5.1E+02 _  R
   4210  2092      1 1.0E+00   2094 (6.7E-11) 1.5E-03  4.4660813E-01     774          146 5.7E+08 5.1E+02 _s
   4211  2093      1 1.0E+00   2095 (3.0E-11) 7.7E-04  4.4660812E-01     774          146 5.7E+08 5.1E+02 _
   4212  2094      1 1.0E+00   2096 (2.5E-12) 6.3E-04  4.4660812E-01     774          146 5.7E+08 5.1E+02 _
   4213  2095      1 4.1E-01   2097 (7.5E-12) 9.6E-04  4.4660812E-01     774          146 5.7E+08 5.1E+02 _
   4214  2096      1 1.0E+00   2098 (3.1E-11) 1.1E-03  4.4660812E-01     774          146 5.7E+08 5.1E+02 _
   4215  2097      1 1.0E+00   2099 (7.9E-11) 1.3E-03  4.4660812E-01     774          146 5.7E+08 5.1E+02 _
   4216  2098      1 1.0E+00   2100 (6.4E-11) 1.2E-03  4.4660811E-01     774          146 5.7E+08 5.1E+02 _
   4217  2099      1 3.5E-01   2101 (4.9E-11) 1.2E-03  4.4660811E-01     774          146 5.7E+08 5.1E+02 _

   Itns Major Minors    Step   nCon Feasible  Optimal  MeritFunction     L+U BSwap     nS condZHZ Penalty
   4218  2100      1 4.6E-01   2102 (8.1E-11) 1.9E-03  4.4660811E-01     774          146 5.7E+08 5.1E+02 _
   4221  2101      3 1.0E+00   2103 (7.3E-11) 2.3E-03  4.4660811E-01     794          145 5.7E+08 5.1E+02 _
   4222  2102      1 1.0E+00   2104 (4.9E-10) 3.4E-03  4.4660810E-01     807          145 5.6E+08 5.1E+02 _  R
   4223  2103      1 1.0E+00   2105 (9.6E-11) 3.7E-03  4.4660809E-01     807          145 5.6E+08 5.1E+02 _s
   4224  2104      1 1.0E+00   2106 (4.9E-11) 1.8E-03  4.4660809E-01     807          145 5.6E+08 5.1E+02 _
   4225  2105      1 1.0E+00   2107 (7.1E-12) 7.3E-04  4.4660808E-01     808     1    145 8.6E+08 5.1E+02 _
   4226  2106      1 1.0E+00   2108 (3.2E-11) 1.7E-03  4.4660808E-01     808          145 8.5E+08 5.1E+02 _
   4227  2107      1 1.0E+00   2109 (3.2E-11) 2.4E-03  4.4660808E-01     808          145 8.5E+08 5.1E+02 _
   4228  2108      1 1.0E+00   2110 (2.3E-11) 5.7E-04  4.4660808E-01     808          145 8.5E+08 5.1E+02 _
   4229  2109      1 1.0E+00   2111 (3.1E-11) 8.7E-04  4.4660807E-01     808          145 8.5E+08 5.1E+02 _
   4230  2110      1 1.0E+00   2112 (1.1E-11) 1.0E-03  4.4660807E-01     808          145 8.5E+08 5.1E+02 _
   4231  2111      1 1.0E+00   2113 (1.8E-11) 6.6E-04  4.4660807E-01     808          145 8.5E+08 5.1E+02 _
   4232  2112      1 1.0E+00   2114 (1.5E-10) 8.4E-04  4.4660807E-01     809          145 8.5E+08 5.1E+02 _
   4233  2113      1 1.0E+00   2115 (4.5E-11) 8.9E-04  4.4660807E-01     809          145 8.6E+08 5.1E+02 _  R
   4235  2114      2 1.0E+00   2116 (6.8E-11) 8.0E-04  4.4660806E-01     807     1    145 5.4E+08 5.1E+02 _s
   4236  2115      1 1.0E+00   2117 (1.5E-11) 7.8E-04  4.4660806E-01     807          145 5.3E+08 5.1E+02 _
   4237  2116      1 1.0E+00   2118 (1.8E-11) 7.3E-04  4.4660806E-01     807          145 5.3E+08 5.1E+02 _
   4238  2117      1 1.0E+00   2119 (6.7E-12) 6.1E-04  4.4660806E-01     807          145 5.3E+08 5.1E+02 _
   4239  2118      1 4.9E-01   2120 (1.9E-11) 5.4E-04  4.4660806E-01     807          145 5.3E+08 5.1E+02 _
   4240  2119      1 1.0E+00   2121 (2.4E-11) 4.9E-04  4.4660805E-01     807          145 5.3E+08 5.1E+02 _

   Itns Major Minors    Step   nCon Feasible  Optimal  MeritFunction     L+U BSwap     nS condZHZ Penalty
   4241  2120      1 1.0E+00   2122 (2.0E-10) 1.3E-03  4.4660805E-01     807          145 5.3E+08 5.1E+02 _
   4242  2121      1 1.0E+00   2123 (2.4E-11) 1.4E-03  4.4660805E-01     807          145 5.3E+08 5.1E+02 _
   4243  2122      1 1.0E+00   2124 (2.1E-11) 1.5E-03  4.4660804E-01     807          145 5.3E+08 5.1E+02 _
   4245  2123      2 1.0E+00   2125 (5.2E-11) 1.9E-03  4.4660804E-01     808     1    146 5.3E+08 5.1E+02 _
   4246  2124      1 1.0E+00   2126 (1.6E-09) 3.0E-03  4.4660803E-01     809          146 5.3E+08 5.1E+02 _  R
   4247  2125      1 1.0E+00   2127 (3.9E-10) 1.9E-03  4.4660802E-01     809          146 5.2E+08 5.1E+02 _s
   4248  2126      1 1.0E+00   2128 (5.1E-11) 1.6E-03  4.4660802E-01     809          146 5.1E+08 5.1E+02 _
   4249  2127      1 1.0E+00   2129 (1.3E-11) 9.5E-04  4.4660802E-01     808          146 5.1E+08 5.1E+02 _
   4250  2128      1 1.0E+00   2130 (2.5E-11) 7.8E-04  4.4660802E-01     808          146 5.1E+08 5.1E+02 _
   4251  2129      1 1.0E+00   2131 (5.1E-11) 4.2E-04  4.4660801E-01     808          146 5.1E+08 5.1E+02 _
   4252  2130      1 1.0E+00   2132 (2.7E-11) 8.0E-04  4.4660801E-01     808          146 5.2E+08 5.1E+02 _
   4253  2131      1 1.0E+00   2133 (4.5E-11) 9.7E-04  4.4660801E-01     808          146 5.1E+08 5.1E+02 _
   4254  2132      1 1.0E+00   2134 (1.3E-11) 9.2E-04  4.4660801E-01     774     1    146 5.2E+08 5.1E+02 _
   4255  2133      1 1.0E+00   2135 (1.1E-11) 8.4E-04  4.4660801E-01     774          146 5.2E+08 5.1E+02 _
   4256  2134      1 1.0E+00   2136 (5.7E-11) 1.0E-03  4.4660801E-01     774          146 5.2E+08 5.1E+02 _
   4257  2135      1 3.7E-01   2137 (8.3E-10) 1.4E-03  4.4660800E-01     775          146 5.1E+08 5.1E+02 _  R
   4258  2136      1 1.0E+00   2138 (3.0E-11) 9.8E-04  4.4660799E-01     774          146 5.1E+08 5.1E+02 _s
   4259  2137      1 1.0E+00   2139 (7.3E-11) 1.1E-03  4.4660799E-01     775          146 5.1E+08 5.1E+02 _
   4260  2138      1 1.0E+00   2140 (1.3E-11) 1.0E-03  4.4660799E-01     775          146 5.1E+08 5.1E+02 _
   4261  2139      1 1.0E+00   2141 (1.7E-11) 8.0E-04  4.4660799E-01     775          146 5.1E+08 5.1E+02 _

   Itns Major Minors    Step   nCon Feasible  Optimal  MeritFunction     L+U BSwap     nS condZHZ Penalty
   4262  2140      1 1.0E+00   2142 (5.5E-11) 8.6E-04  4.4660798E-01     774          146 5.1E+08 5.1E+02 _
   4263  2141      1 1.0E+00   2143 (7.8E-11) 1.1E-03  4.4660798E-01     774          146 5.1E+08 5.1E+02 _
   4264  2142      1 1.0E+00   2144 (1.3E-11) 1.2E-03  4.4660798E-01     774          146 5.1E+08 5.1E+02 _
   4265  2143      1 1.0E+00   2145 (1.1E-11) 8.6E-04  4.4660798E-01     774          146 5.1E+08 5.1E+02 _
   4266  2144      1 1.0E+00   2146 (1.8E-10) 3.7E-03  4.4660798E-01     775          146 5.1E+08 5.1E+02 _
   4267  2145      1 1.0E+00   2147 (1.5E-10) 1.4E-03  4.4660798E-01     775          146 5.1E+08 5.1E+02 _
   4268  2146      1 1.0E+00   2148 (3.0E-10) 5.6E-03  4.4660797E-01     775          146 5.1E+08 5.1E+02 _  R
   4269  2147      1 1.0E+00   2149 (1.6E-10) 4.5E-03  4.4660797E-01     775          146 5.2E+08 5.1E+02 _s
   4270  2148      1 1.0E+00   2150 (3.1E-11) 8.8E-04  4.4660796E-01     775          146 5.2E+08 5.1E+02 _
   4271  2149      1 1.0E+00   2151 (5.4E-12) 1.1E-03  4.4660796E-01     775          146 5.2E+08 5.1E+02 _
   4272  2150      1 1.0E+00   2152 (2.2E-11) 1.9E-03  4.4660796E-01     774          146 5.2E+08 5.1E+02 _
   4273  2151      1 1.0E+00   2153 (3.4E-11) 1.5E-03  4.4660796E-01     774          146 5.2E+08 5.1E+02 _
   4274  2152      1 1.0E+00   2154 (2.4E-11) 4.5E-04  4.4660796E-01     774          146 5.2E+08 5.1E+02 _
   4275  2153      1 1.0E+00   2155 (8.0E-11) 1.7E-03  4.4660796E-01     774          146 5.2E+08 5.1E+02 _
   4276  2154      1 1.0E+00   2156 (1.9E-11) 2.9E-03  4.4660795E-01     774          146 5.2E+08 5.1E+02 _
   4277  2155      1 3.7E-01   2157 (5.1E-11) 3.8E-03  4.4660795E-01     775          146 5.2E+08 5.1E+02 _
   4278  2156      1 1.0E+00   2158 (8.4E-11) 2.2E-03  4.4660795E-01     775          146 5.2E+08 5.1E+02 _
   4279  2157      1 1.0E+00   2159 (1.4E-10) 1.2E-03  4.4660795E-01     775          146 5.2E+08 5.1E+02 _  R
   4280  2158      1 1.0E+00   2160 (2.1E-11) 1.2E-03  4.4660794E-01     775          146 5.2E+08 5.1E+02 _s
   4281  2159      1 1.0E+00   2161 (4.5E-11) 5.8E-04  4.4660794E-01     775          146 5.2E+08 5.1E+02 _

   Itns Major Minors    Step   nCon Feasible  Optimal  MeritFunction     L+U BSwap     nS condZHZ Penalty
   4282  2160      1 1.0E+00   2162 (2.8E-12) 5.1E-04  4.4660794E-01     775          146 5.2E+08 5.1E+02 _
   4283  2161      1 1.0E+00   2163 (2.2E-11) 5.4E-04  4.4660794E-01     775          146 5.2E+08 5.1E+02 _
   4284  2162      1 1.0E+00   2164 (9.1E-12) 5.9E-04  4.4660793E-01     775          146 5.2E+08 5.1E+02 _
   4285  2163      1 1.0E+00   2165 (3.2E-11) 8.1E-04  4.4660793E-01     775          146 5.2E+08 5.1E+02 _
   4286  2164      1 1.0E+00   2166 (2.4E-10) 8.6E-04  4.4660793E-01     775          146 5.2E+08 5.1E+02 _
   4287  2165      1 1.0E+00   2167 (2.7E-10) 9.0E-04  4.4660793E-01     774          146 5.2E+08 5.1E+02 _
   4288  2166      1 1.0E+00   2168 (6.0E-10) 1.2E-03  4.4660792E-01     776          146 5.2E+08 5.1E+02 _
   4289  2167      1 1.0E+00   2169 (4.9E-10) 1.9E-03  4.4660791E-01     776          146 5.2E+08 5.1E+02 _
   4290  2168      1 1.0E+00   2170 (2.2E-09) 2.0E-03  4.4660791E-01     776          146 5.2E+08 5.1E+02 _  R
   4291  2169      1 1.0E+00   2171 (3.7E-11) 1.5E-03  4.4660790E-01     776          146 5.2E+08 5.1E+02 _s
   4292  2170      1 1.0E+00   2172 (2.3E-10) 1.8E-03  4.4660789E-01     776          146 5.2E+08 5.1E+02 _
   4293  2171      1 1.0E+00   2173 (5.3E-11) 1.5E-03  4.4660789E-01     776          146 5.2E+08 5.1E+02 _
   4294  2172      1 1.0E+00   2174 (6.8E-12) 1.4E-03  4.4660788E-01     776          146 5.2E+08 5.1E+02 _
   4295  2173      1 1.0E+00   2175 (6.8E-11) 2.7E-03  4.4660788E-01     776          146 5.2E+08 5.1E+02 _
   4296  2174      1 1.0E+00   2176 (3.5E-11) 2.1E-03  4.4660787E-01     776          146 5.3E+08 5.1E+02 _
   4297  2175      1 3.4E-01   2177 (5.5E-11) 4.5E-03  4.4660787E-01     776          146 5.3E+08 5.1E+02 _
   4298  2176      1 4.7E-01   2178 (5.9E-11) 2.1E-03  4.4660786E-01     776          146 5.3E+08 5.1E+02 _
   4299  2177      1 4.9E-01   2179 (6.0E-11) 5.5E-04  4.4660786E-01     776          146 5.3E+08 5.1E+02 _
   4300  2178      1 1.0E+00   2180 (2.9E-11) 1.1E-03  4.4660786E-01     776          146 5.3E+08 5.1E+02 _
   4301  2179      1 1.0E+00   2181 (1.4E-11) 6.2E-04  4.4660785E-01     776          146 5.6E+08 5.1E+02 _  R

   Itns Major Minors    Step   nCon Feasible  Optimal  MeritFunction     L+U BSwap     nS condZHZ Penalty
   4302  2180      1 1.0E+00   2182 (1.2E-11) 1.1E-03  4.4660785E-01     776          146 5.8E+08 5.1E+02 _s
   4303  2181      1 1.0E+00   2183 (6.0E-12) 5.1E-04  4.4660785E-01     776          146 5.8E+08 5.1E+02 _
   4304  2182      1 1.0E+00   2184 (2.3E-11) 8.1E-04  4.4660785E-01     776          146 5.8E+08 5.1E+02 _
   4305  2183      1 1.0E+00   2185 (1.8E-11) 4.6E-04  4.4660785E-01     776          146 5.8E+08 5.1E+02 _
   4306  2184      1 1.0E+00   2186 (3.9E-11) 5.2E-04  4.4660785E-01     775          146 5.8E+08 5.1E+02 _
   4307  2185      1 1.0E+00   2187 (4.1E-11) 5.6E-04  4.4660784E-01     775          146 5.9E+08 5.1E+02 _
   4308  2186      1 1.0E+00   2188 (2.3E-11) 5.1E-04  4.4660784E-01     775          146 5.9E+08 5.1E+02 _
   4309  2187      1 1.0E+00   2189 (1.3E-10) 8.8E-04  4.4660783E-01     775          146 5.9E+08 5.1E+02 _
   4310  2188      1 6.6E-02   2190 (1.2E-10) 9.2E-04  4.4660783E-01     774          146 5.9E+08 5.1E+02 _
   4311  2189      1 4.5E-01   2191 (6.7E-11) 1.0E-03  4.4660783E-01     775          146 5.9E+08 5.1E+02 _
   4312  2190      1 4.4E-01   2192 (4.8E-11) 9.6E-04  4.4660782E-01     775          146 6.0E+08 5.1E+02 _  R
   4313  2191      1 1.0E+00   2193 (4.2E-11) 1.2E-03  4.4660782E-01     774          146 6.0E+08 5.1E+02 _s
   4314  2192      1 1.0E+00   2194 (7.8E-12) 6.9E-04  4.4660782E-01     774          146 6.0E+08 5.1E+02 _
   4315  2193      1 1.0E+00   2195 (2.8E-12) 6.7E-04  4.4660782E-01     774          146 6.0E+08 5.1E+02 _
   4316  2194      1 1.0E+00   2196 (8.2E-12) 6.1E-04  4.4660782E-01     774          146 6.0E+08 5.1E+02 _
   4317  2195      1 1.0E+00   2197 (6.9E-11) 7.3E-04  4.4660781E-01     774          146 6.0E+08 5.1E+02 _
   4318  2196      1 1.0E+00   2198 (2.4E-11) 1.2E-03  4.4660781E-01     774          146 6.0E+08 5.1E+02 _
   4319  2197      1 1.0E+00   2199 (7.0E-11) 2.5E-03  4.4660781E-01     775          146 6.0E+08 5.1E+02 _
   4320  2198      1 1.0E+00   2200 (1.1E-11) 5.3E-04  4.4660781E-01     774          146 6.0E+08 5.1E+02 _
   4321  2199      1 1.0E+00   2201 (2.9E-11) 1.5E-03  4.4660781E-01     774          146 6.0E+08 5.1E+02 _

   Itns Major Minors    Step   nCon Feasible  Optimal  MeritFunction     L+U BSwap     nS condZHZ Penalty
   4322  2200      1 1.0E+00   2202 (5.1E-12) 8.1E-04  4.4660780E-01     774          146 6.0E+08 5.1E+02 _
   4323  2201      1 1.0E+00   2203 (4.2E-11) 1.1E-03  4.4660780E-01     774          146 6.0E+08 5.1E+02 _  R
   4324  2202      1 1.0E+00   2204 (1.4E-11) 7.5E-04  4.4660780E-01     774          146 6.0E+08 5.1E+02 _s
   4325  2203      1 1.0E+00   2205 (4.0E-12) 1.9E-03  4.4660780E-01     774          146 6.0E+08 5.1E+02 _
   4326  2204      1 1.0E+00   2206 (1.3E-11) 1.1E-03  4.4660780E-01     774          146 6.0E+08 5.1E+02 _
   4327  2205      1 1.0E+00   2207 (4.3E-12) 4.6E-04  4.4660779E-01     774          146 6.0E+08 5.1E+02 _
   4328  2206      1 1.0E+00   2208 (5.4E-11) 1.6E-03  4.4660779E-01     774          146 6.0E+08 5.1E+02 _
   4329  2207      1 1.0E+00   2209 (1.8E-11) 8.5E-04  4.4660779E-01     774          146 6.0E+08 5.1E+02 _
   4330  2208      1 1.0E+00   2210 (2.2E-11) 2.2E-03  4.4660779E-01     774          146 6.0E+08 5.1E+02 _
   4331  2209      1 1.0E+00   2211 (3.3E-11) 3.6E-03  4.4660778E-01     775          146 6.0E+08 5.1E+02 _
   4332  2210      1 4.5E-01   2212 (7.7E-11) 3.5E-03  4.4660778E-01     775          146 6.0E+08 5.1E+02 _
   4333  2211      1 1.0E+00   2213 (6.7E-11) 1.1E-03  4.4660777E-01     775          146 6.0E+08 5.1E+02 _
   4334  2212      1 1.0E+00   2214 (1.1E-09) 3.3E-03  4.4660775E-01     775          146 6.0E+08 5.1E+02 _  R
   4335  2213      1 1.0E+00   2215 (2.5E-11) 3.0E-03  4.4660774E-01     775          146 6.0E+08 5.1E+02 _s
   4336  2214      1 1.0E+00   2216 (5.2E-11) 4.6E-03  4.4660774E-01     774          146 6.1E+08 5.1E+02 _
   4337  2215      1 1.0E+00   2217 (4.3E-11) 3.6E-03  4.4660773E-01     774          146 6.0E+08 5.1E+02 _
   4338  2216      1 1.0E+00   2218 (1.9E-11) 2.1E-03  4.4660773E-01     774          146 6.2E+08 5.1E+02 _
   4339  2217      1 1.0E+00   2219 (2.7E-11) 2.4E-03  4.4660773E-01     774          146 6.2E+08 5.1E+02 _
   4340  2218      1 1.0E+00   2220 (6.0E-11) 2.2E-03  4.4660772E-01     774          146 6.2E+08 5.1E+02 _
   4341  2219      1 3.9E-01   2221 (6.3E-11) 8.7E-04  4.4660772E-01     774          146 6.2E+08 5.1E+02 _

   Itns Major Minors    Step   nCon Feasible  Optimal  MeritFunction     L+U BSwap     nS condZHZ Penalty
   4342  2220      1 1.0E+00   2222 (4.4E-11) 4.1E-03  4.4660771E-01     774          146 6.2E+08 5.1E+02 _
   4343  2221      1 1.0E+00   2223 (2.1E-11) 1.1E-03  4.4660771E-01     775          146 6.2E+08 5.1E+02 _
   4344  2222      1 1.0E+00   2224 (4.1E-11) 7.4E-03  4.4660771E-01     775          146 6.2E+08 5.1E+02 _
   4345  2223      1 1.0E+00   2225 (1.7E-11) 2.8E-03  4.4660770E-01     775          146 6.5E+08 5.1E+02 _  R
   4346  2224      1 1.0E+00   2226 (2.1E-11) 2.6E-03  4.4660770E-01     775          146 6.5E+08 5.1E+02 _s
   4347  2225      1 1.0E+00   2227 (9.4E-12) 1.5E-03  4.4660770E-01     774          146 6.5E+08 5.1E+02 _
   4348  2226      1 1.0E+00   2228 (9.6E-12) 1.3E-03  4.4660769E-01     774          146 6.4E+08 5.1E+02 _
   4349  2227      1 1.0E+00   2229 (5.9E-11) 1.4E-03  4.4660769E-01     775          146 6.4E+08 5.1E+02 _
   4350  2228      1 1.0E+00   2230 (4.1E-11) 1.5E-03  4.4660769E-01     775          146 6.4E+08 5.1E+02 _
   4351  2229      1 1.0E+00   2231 (3.2E-10) 1.8E-03  4.4660768E-01     775          146 6.4E+08 5.1E+02 _
   4352  2230      1 1.0E+00   2232 (3.6E-11) 2.1E-03  4.4660767E-01     775          146 6.4E+08 5.1E+02 _
   4353  2231      1 1.0E+00   2233 (1.7E-11) 1.8E-03  4.4660767E-01     775          146 6.4E+08 5.1E+02 _
   4354  2232      1 1.0E+00   2234 (1.1E-10) 2.8E-03  4.4660767E-01     776          146 6.4E+08 5.1E+02 _
   4355  2233      1 4.6E-01   2235 (1.7E-10) 4.4E-03  4.4660766E-01     776          146 6.4E+08 5.1E+02 _
   4356  2234      1 1.0E+00   2236 (3.8E-10) 4.5E-03  4.4660765E-01     776          146 6.4E+08 5.1E+02 _  R
   4357  2235      1 1.0E+00   2237 (2.0E-10) 4.1E-03  4.4660764E-01     776          146 6.4E+08 5.1E+02 _s
   4358  2236      1 1.0E+00   2238 (4.5E-11) 5.2E-03  4.4660764E-01     776          146 6.4E+08 5.1E+02 _
   4359  2237      1 1.0E+00   2239 (9.7E-12) 1.8E-03  4.4660763E-01     776          146 6.4E+08 5.1E+02 _
   4360  2238      1 1.0E+00   2240 (3.1E-11) 1.9E-03  4.4660763E-01     775          146 6.3E+08 5.1E+02 _
   4361  2239      1 1.0E+00   2241 (6.2E-11) 5.0E-03  4.4660762E-01     776          146 6.3E+08 5.1E+02 _

   Itns Major Minors    Step   nCon Feasible  Optimal  MeritFunction     L+U BSwap     nS condZHZ Penalty
   4362  2240      1 1.0E+00   2242 (9.6E-11) 4.1E-03  4.4660762E-01     776          146 6.3E+08 5.1E+02 _
   4363  2241      1 1.0E+00   2243 (2.0E-10) 1.3E-03  4.4660761E-01     775          146 6.3E+08 5.1E+02 _
   4364  2242      1 1.0E+00   2244 (6.2E-11) 3.7E-03  4.4660760E-01     774          146 6.3E+08 5.1E+02 _
   4365  2243      1 1.0E+00   2245 (7.7E-11) 1.8E-03  4.4660760E-01     774          146 6.3E+08 5.1E+02 _
   4366  2244      1 1.0E+00   2246 (8.3E-12) 1.3E-03  4.4660760E-01     774          146 6.3E+08 5.1E+02 _
   4367  2245      1 1.0E+00   2247 (2.3E-11) 4.4E-03  4.4660759E-01     775          146 6.2E+08 5.1E+02 _  R
   4368  2246      1 1.0E+00   2248 (5.9E-11) 3.1E-03  4.4660759E-01     775          146 6.2E+08 5.1E+02 _s
   4369  2247      1 1.0E+00   2249 (5.3E-11) 2.0E-03  4.4660759E-01     774          146 7.0E+08 5.1E+02 _
   4370  2248      1 1.0E+00   2250 (3.2E-11) 2.7E-03  4.4660758E-01     774          146 6.9E+08 5.1E+02 _
   4371  2249      1 1.0E+00   2251 (5.7E-10) 2.1E-03  4.4660757E-01     775          146 6.9E+08 5.1E+02 _
   4372  2250      1 1.0E+00   2252 (6.3E-10) 2.9E-03  4.4660757E-01     774          146 6.9E+08 5.1E+02 _
   4373  2251      1 1.0E+00   2253 (7.9E-11) 1.9E-03  4.4660756E-01     774          146 6.9E+08 5.1E+02 _
   4374  2252      1 1.0E+00   2254 (2.7E-11) 1.5E-03  4.4660756E-01     774          146 7.0E+08 5.1E+02 _
   4375  2253      1 1.0E+00   2255 (2.9E-11) 2.2E-03  4.4660755E-01     775          146 7.5E+08 5.1E+02 _
   4376  2254      1 1.0E+00   2256 (2.5E-10) 5.0E-03  4.4660754E-01     775          146 7.5E+08 5.1E+02 _
   4377  2255      1 1.0E+00   2257 (8.2E-10) 5.5E-03  4.4660753E-01     775          146 7.5E+08 5.1E+02 _
   4378  2256      1 1.0E+00   2258 (1.5E-09) 4.1E-03  4.4660749E-01     775          146 8.3E+08 5.1E+02 _  R
   4379  2257      1 1.0E+00   2259 (2.4E-10) 3.2E-03  4.4660749E-01     775          146 8.6E+08 5.1E+02 _s
   4380  2258      1 1.0E+00   2260 (2.2E-09) 6.4E-03  4.4660747E-01     775          146 1.0E+09 5.1E+02 _
   4381  2259      1 4.5E-01   2261 (2.1E-09) 4.1E-03  4.4660747E-01     775          146 8.7E+08 5.1E+02 _

   Itns Major Minors    Step   nCon Feasible  Optimal  MeritFunction     L+U BSwap     nS condZHZ Penalty
   4382  2260      1 1.0E+00   2262 (6.4E-11) 4.2E-03  4.4660746E-01     775          146 9.4E+08 5.1E+02 _
   4383  2261      1 1.0E+00   2263 (1.4E-10) 4.4E-03  4.4660745E-01     775          146 9.5E+08 5.1E+02 _
   4384  2262      1 1.0E+00   2264 (1.4E-10) 2.8E-03  4.4660745E-01     775          146 9.5E+08 5.1E+02 _
   4385  2263      1 1.0E+00   2265 (2.0E-11) 2.9E-03  4.4660744E-01     775          146 9.8E+08 5.1E+02 _
   4386  2264      1 1.0E+00   2266 (4.4E-11) 2.4E-03  4.4660744E-01     775          146 9.7E+08 5.1E+02 _
   4387  2265      1 1.0E+00   2267 (2.4E-10) 7.1E-03  4.4660743E-01     775          146 1.1E+09 5.1E+02 _
   4388  2266      1 1.0E+00   2268 (9.2E-10) 6.6E-03  4.4660742E-01     775          146 1.0E+09 5.1E+02 _
   4389  2267      1 1.0E+00   2269 (6.3E-11) 3.9E-03  4.4660739E-01     775          146 1.2E+09 5.1E+02 _  R
   4390  2268      1 1.0E+00   2270 (7.7E-11) 3.8E-03  4.4660738E-01     775          146 1.2E+09 5.1E+02 _s
   4391  2269      1 1.0E+00   2271 (9.0E-11) 4.5E-03  4.4660737E-01     775          146 1.2E+09 5.1E+02 _
   4392  2270      1 1.0E+00   2272 (1.5E-10) 6.2E-03  4.4660736E-01     775          146 1.2E+09 5.1E+02 _
   4393  2271      1 1.0E+00   2273 (9.6E-11) 2.6E-03  4.4660736E-01     775          146 1.1E+09 5.1E+02 _
   4394  2272      1 1.0E+00   2274 (4.3E-10) 9.8E-03  4.4660735E-01     775          146 1.2E+09 5.1E+02 _
   4395  2273      1 1.0E+00   2275 (9.0E-10) 9.9E-03  4.4660733E-01     776          146 1.2E+09 5.1E+02 _
   4396  2274      1 1.0E+00   2276 (2.0E-09) 5.5E-03  4.4660728E-01     776          146 1.1E+09 5.1E+02 _
   4397  2275      1 1.0E+00   2277 (3.0E-08) 2.0E-02  4.4660716E-01     776          146 1.2E+09 5.1E+02 _
   4398  2276      1 1.0E+00   2278 (1.8E-07) 1.9E-02  4.4660701E-01     776          146 1.2E+09 5.1E+02 _
   4399  2277      1 1.0E+00   2279 (2.4E-07) 1.6E-02  4.4660698E-01     776          146 1.2E+09 5.1E+02 _
   4401  2278      2 1.0E+00   2280 (1.1E-08) 1.6E-02  4.4660677E-01     792          145 1.1E+09 5.1E+02 _  R
   4402  2279      1 1.0E+00   2281 (2.5E-09) 1.7E-02  4.4660670E-01     808          145 1.1E+09 5.1E+02 _s

   Itns Major Minors    Step   nCon Feasible  Optimal  MeritFunction     L+U BSwap     nS condZHZ Penalty
   4403  2280      1 1.0E+00   2282 (8.7E-10) 9.4E-03  4.4660659E-01     808          145 1.1E+09 5.1E+02 _
   4404  2281      1 1.0E+00   2283 (3.4E-09) 8.8E-03  4.4660643E-01     808          145 1.1E+09 5.1E+02 _
   4405  2282      1 1.0E+00   2284 (3.6E-09) 1.1E-02  4.4660637E-01     808          145 1.1E+09 5.1E+02 _
   4406  2283      1 1.0E+00   2285 (5.0E-10) 7.3E-03  4.4660627E-01     808          145 1.1E+09 5.1E+02 _
   4407  2284      1 1.3E-01   2286 (9.2E-10) 6.9E-03  4.4660622E-01     808          145 1.1E+09 5.1E+02 _
   4408  2285      1 7.2E-02   2287 (1.2E-09) 7.4E-03  4.4660619E-01     808          145 1.1E+09 5.1E+02 _
   4409  2286      1 5.5E-02   2288 (1.4E-09) 7.7E-03  4.4660616E-01     808          145 1.1E+09 5.1E+02 _
   4410  2287      1 5.2E-02   2289 (1.4E-09) 7.7E-03  4.4660614E-01     808          145 1.1E+09 5.1E+02 _
   4411  2288      1 5.8E-02   2290 (1.4E-09) 7.3E-03  4.4660613E-01     808          145 1.1E+09 5.1E+02 _
   4412  2289      1 9.1E-02   2291 (1.3E-09) 6.5E-03  4.4660613E-01     808          145 1.1E+09 5.1E+02 _  R
   4413  2290      1 1.0E+00   2292 (1.7E-10) 3.1E-03  4.4660612E-01     808          145 1.1E+09 5.1E+02 _s
   4414  2291      1 1.0E+00   2293 (1.8E-10) 1.2E-02  4.4660611E-01     808          145 1.1E+09 5.1E+02 _
   4415  2292      1 1.0E+00   2294 (2.1E-10) 1.4E-02  4.4660608E-01     808          145 1.1E+09 5.1E+02 _
   4416  2293      1 1.0E+00   2295 (4.7E-09) 7.6E-03  4.4660605E-01     808          145 1.1E+09 5.1E+02 _
   4418  2294      2 1.0E+00   2296 (3.6E-10) 4.2E-03  4.4660600E-01     808          146 1.1E+09 5.1E+02 _
   4419  2295      1 1.0E+00   2297 (5.1E-10) 9.1E-03  4.4660597E-01     808          146 1.1E+09 5.1E+02 _
   4421  2296      2 1.0E+00   2298 (2.0E-09) 9.9E-03  4.4660589E-01     830          145 1.1E+09 5.1E+02 _
   4422  2297      1 1.0E+00   2299 (5.4E-09) 6.9E-03  4.4660572E-01     830          145 1.1E+09 5.1E+02 _
   4423  2298      1 1.0E+00   2300 (5.4E-09) 1.1E-02  4.4660557E-01     805     4    145 8.4E+08 5.1E+02 _
   4424  2299      1 1.0E+00   2301 (4.3E-08) 5.4E-02  4.4660549E-01     805          145 8.4E+08 5.1E+02 _

   Itns Major Minors    Step   nCon Feasible  Optimal  MeritFunction     L+U BSwap     nS condZHZ Penalty
   4425  2300      1 4.4E-02   2302 (4.0E-08) 5.0E-02  4.4660544E-01     805          145 8.4E+08 5.1E+02 _  R
   4426  2301      1 1.0E+00   2303 (4.3E-09) 1.3E-02  4.4660528E-01     805          145 8.4E+08 5.1E+02 _s
   4427  2302      1 1.0E+00   2304 (1.1E-09) 1.3E-02  4.4660520E-01     805          145 8.3E+08 5.1E+02 _
   4428  2303      1 1.0E+00   2305 (5.2E-10) 9.3E-03  4.4660510E-01     805          145 8.3E+08 5.1E+02 _
   4431  2304      3 1.0E+00   2306 (2.7E-10) 6.9E-03  4.4660506E-01     823          144 8.2E+08 5.1E+02 _
   4432  2305      1 1.0E+00   2307 (3.9E-10) 8.0E-03  4.4660503E-01     817          144 8.2E+08 5.1E+02 _
   4433  2306      1 1.0E+00   2308 (4.4E-09) 3.5E-02  4.4660500E-01     817          144 8.2E+08 5.1E+02 _
   4434  2307      1 1.0E+00   2309 (1.1E-09) 4.3E-03  4.4660494E-01     817          144 8.2E+08 5.1E+02 _
   4435  2308      1 1.0E+00   2310 (1.7E-10) 4.1E-03  4.4660492E-01     817          144 8.2E+08 5.1E+02 _
   4436  2309      1 1.0E+00   2311 (1.2E-09) 5.2E-03  4.4660490E-01     817          144 8.2E+08 5.1E+02 _
   4437  2310      1 1.0E+00   2312 (3.3E-10) 9.7E-03  4.4660490E-01     817          144 8.2E+08 5.1E+02 _
   4438  2311      1 1.0E+00   2313 (1.6E-10) 1.5E-03  4.4660488E-01     817          144 8.1E+08 5.1E+02 _  R
   4439  2312      1 1.0E+00   2314 (1.1E-11) 1.6E-03  4.4660488E-01     817          144 8.0E+08 5.1E+02 _s
   4440  2313      1 2.9E-01   2315 (3.0E-10) 3.4E-03  4.4660487E-01     817          144 8.0E+08 5.1E+02 _
   4441  2314      1 1.0E+00   2316 (4.5E-10) 3.9E-03  4.4660485E-01     817          144 7.9E+08 5.1E+02 _
   4442  2315      1 3.0E-01   2317 (3.7E-10) 3.6E-03  4.4660484E-01     817          144 7.4E+08 5.1E+02 _
   4443  2316      1 3.0E-01   2318 (3.4E-10) 7.0E-03  4.4660483E-01     817          144 7.3E+08 5.1E+02 _
   4444  2317      1 1.3E-01   2319 (3.1E-10) 5.5E-03  4.4660482E-01     817          144 7.3E+08 5.1E+02 _
   4445  2318      1 1.6E-01   2320 (2.6E-10) 4.1E-03  4.4660482E-01     817          144 7.2E+08 5.1E+02 _
   4446  2319      1 4.9E-02   2321 (2.5E-10) 3.5E-03  4.4660481E-01     817          144 7.2E+08 5.1E+02 _

   Itns Major Minors    Step   nCon Feasible  Optimal  MeritFunction     L+U BSwap     nS condZHZ Penalty
   4447  2320      1 6.6E-02   2322 (2.3E-10) 2.1E-03  4.4660480E-01     817          144 6.9E+08 5.1E+02 _
   4448  2321      1 1.5E-01   2323 (2.1E-10) 2.2E-03  4.4660480E-01     817          144 6.7E+08 5.1E+02 _
   4449  2322      1 2.7E-01   2324 (3.1E-10) 2.2E-03  4.4660479E-01     817          144 8.1E+08 5.1E+02 _  R
   4450  2323      1 4.2E-01   2325 (2.0E-10) 1.7E-03  4.4660479E-01     817          144 8.1E+08 5.1E+02 _s
   4451  2324      1 1.0E+00   2326 (1.5E-11) 2.3E-03  4.4660479E-01     817          144 8.1E+08 5.1E+02 _
   4452  2325      1 1.0E+00   2327 (3.8E-11) 1.3E-03  4.4660479E-01     817          144 8.1E+08 5.1E+02 _
   4453  2326      1 1.0E+00   2328 (1.9E-11) 4.9E-04  4.4660478E-01     817          144 8.1E+08 5.1E+02 _
   4454  2327      1 1.0E+00   2329 (5.2E-12) 1.2E-03  4.4660478E-01     827     1    144 8.1E+08 5.1E+02 _
   4455  2328      1 1.0E+00   2330 (1.2E-10) 2.1E-03  4.4660477E-01     827          144 8.1E+08 5.1E+02 _
   4456  2329      1 4.2E-01   2331 (7.9E-11) 3.5E-03  4.4660477E-01     826          144 8.1E+08 5.1E+02 _
   4457  2330      1 1.8E-01   2332 (6.3E-11) 1.9E-03  4.4660477E-01     825          144 8.1E+08 5.1E+02 _
   4458  2331      1 1.0E+00   2333 (5.0E-11) 1.5E-03  4.4660476E-01     827          144 8.1E+08 5.1E+02 _
   4459  2332      1 1.0E+00   2334 (1.3E-11) 9.4E-04  4.4660476E-01     826          144 8.1E+08 5.1E+02 _
   4460  2333      1 1.0E+00   2335 (3.2E-11) 9.0E-04  4.4660476E-01     825          144 8.1E+08 5.1E+02 _  R
   4461  2334      1 1.0E+00   2336 (7.6E-12) 1.4E-03  4.4660476E-01     826          144 8.1E+08 5.1E+02 _s
   4462  2335      1 1.0E+00   2337 (2.7E-12) 8.2E-04  4.4660476E-01     827          144 8.1E+08 5.1E+02 _
   4463  2336      1 1.0E+00   2338 (3.8E-12) 9.9E-04  4.4660476E-01     815     1    144 8.1E+08 5.1E+02 _
   4464  2337      1 3.1E-01   2339 (7.7E-12) 1.6E-03  4.4660475E-01     815          144 8.1E+08 5.1E+02 _
   4465  2338      1 1.9E-01   2340 (1.0E-11) 2.0E-03  4.4660475E-01     815          144 8.1E+08 5.1E+02 _
   4466  2339      1 1.7E-01   2341 (9.4E-12) 2.1E-03  4.4660475E-01     815          144 8.1E+08 5.1E+02 _

   Itns Major Minors    Step   nCon Feasible  Optimal  MeritFunction     L+U BSwap     nS condZHZ Penalty
   4467  2340      1 1.0E+00   2342 (2.2E-10) 2.2E-03  4.4660475E-01     817          144 8.1E+08 5.1E+02 _
   4468  2341      1 1.0E+00   2343 (7.6E-12) 1.2E-03  4.4660475E-01     816          144 8.1E+08 5.1E+02 _
   4469  2342      1 1.0E+00   2344 (3.5E-11) 2.2E-03  4.4660475E-01     817          144 8.1E+08 5.1E+02 _
   4470  2343      1 1.0E+00   2345 (6.4E-12) 1.6E-03  4.4660474E-01     817          144 8.1E+08 5.1E+02 _
   4471  2344      1 1.0E+00   2346 (5.6E-11) 1.8E-03  4.4660474E-01     816          144 8.1E+08 5.1E+02 _  R
   4472  2345      1 1.0E+00   2347 (9.5E-12) 1.8E-03  4.4660474E-01     826     1    144 8.2E+08 5.1E+02 _s
   4473  2346      1 1.0E+00   2348 (1.8E-11) 8.0E-04  4.4660473E-01     827          144 8.2E+08 5.1E+02 _
   4474  2347      1 1.0E+00   2349 (1.5E-11) 7.5E-04  4.4660473E-01     827          144 8.2E+08 5.1E+02 _
   4475  2348      1 1.0E+00   2350 (7.0E-12) 8.3E-04  4.4660473E-01     826          144 8.2E+08 5.1E+02 _
   4476  2349      1 1.0E+00   2351 (2.0E-11) 1.6E-03  4.4660473E-01     825          144 8.2E+08 5.1E+02 _
   4477  2350      1 1.0E+00   2352 (6.0E-12) 6.6E-04  4.4660473E-01     826          144 8.2E+08 5.1E+02 _
   4478  2351      1 1.0E+00   2353 (4.2E-11) 1.4E-03  4.4660473E-01     826          144 8.2E+08 5.1E+02 _
   4479  2352      1 1.0E+00   2354 (3.7E-10) 2.0E-03  4.4660472E-01     827          144 8.2E+08 5.1E+02 _
   4480  2353      1 1.0E+00   2355 (7.6E-10) 2.1E-03  4.4660471E-01     827          144 8.2E+08 5.1E+02 _
   4481  2354      1 9.9E-03   2356 (7.6E-10) 2.1E-03  4.4660471E-01     827          144 8.2E+08 5.1E+02 _
   4482  2355      1 4.9E-01   2357 (4.4E-10) 1.8E-03  4.4660470E-01     804     2    144 8.7E+08 5.1E+02 _  R
   4483  2356      1 1.0E+00   2358 (1.4E-11) 1.1E-03  4.4660470E-01     804          144 8.7E+08 5.1E+02 _s
   4484  2357      1 1.0E+00   2359 (1.7E-11) 1.7E-03  4.4660470E-01     804          144 8.8E+08 5.1E+02 _
   4485  2358      1 1.0E+00   2360 (1.3E-11) 1.1E-03  4.4660469E-01     804          144 9.2E+08 5.1E+02 _
   4486  2359      1 1.0E+00   2361 (2.6E-10) 4.5E-03  4.4660469E-01     803          144 9.2E+08 5.1E+02 _

   Itns Major Minors    Step   nCon Feasible  Optimal  MeritFunction     L+U BSwap     nS condZHZ Penalty
   4487  2360      1 1.0E+00   2362 (6.3E-11) 2.4E-03  4.4660469E-01     803          144 9.2E+08 5.1E+02 _
   4488  2361      1 1.0E+00   2363 (2.0E-11) 1.9E-03  4.4660469E-01     803          144 9.7E+08 5.1E+02 _
   4489  2362      1 1.0E+00   2364 (1.8E-11) 1.6E-03  4.4660468E-01     803          144 9.6E+08 5.1E+02 _
   4490  2363      1 1.0E+00   2365 (1.3E-10) 3.6E-03  4.4660468E-01     803          144 9.6E+08 5.1E+02 _
   4491  2364      1 1.0E+00   2366 (8.3E-11) 2.0E-03  4.4660468E-01     803          144 9.6E+08 5.1E+02 _
   4492  2365      1 1.0E+00   2367 (1.2E-10) 2.7E-03  4.4660468E-01     802     1    144 7.9E+08 5.1E+02 _
   4493  2366      1 1.0E+00   2368 (6.4E-11) 1.4E-03  4.4660467E-01     803          144 7.8E+08 5.1E+02 _  R
   4494  2367      1 1.0E+00   2369 (3.4E-11) 1.2E-03  4.4660467E-01     802          144 7.8E+08 5.1E+02 _s
   4495  2368      1 1.0E+00   2370 (1.2E-11) 6.3E-04  4.4660467E-01     802          144 7.7E+08 5.1E+02 _
   4496  2369      1 1.0E+00   2371 (5.9E-12) 7.2E-04  4.4660467E-01     801          144 7.7E+08 5.1E+02 _
   4497  2370      1 1.0E+00   2372 (4.2E-11) 6.1E-04  4.4660466E-01     803          144 7.6E+08 5.1E+02 _
   4498  2371      1 1.0E+00   2373 (8.1E-11) 1.9E-03  4.4660466E-01     802          144 7.5E+08 5.1E+02 _
   4499  2372      1 1.0E+00   2374 (8.1E-11) 1.3E-03  4.4660466E-01     803          144 7.5E+08 5.1E+02 _
   4500  2373      1 1.0E+00   2375 (2.0E-10) 3.1E-03  4.4660465E-01     803          144 7.4E+08 5.1E+02 _
   4501  2374      1 1.0E+00   2376 (2.8E-09) 4.0E-03  4.4660463E-01     803          144 7.4E+08 5.1E+02 _
   4502  2375      1 1.0E+00   2377 (3.7E-09) 4.7E-03  4.4660461E-01     816     2    144 7.3E+08 5.1E+02 _
   4503  2376      1 1.0E+00   2378 (8.1E-09) 4.6E-03  4.4660458E-01     817          144 7.3E+08 5.1E+02 _
   4504  2377      1 1.0E+00   2379 (6.7E-08) 1.0E-02  4.4660454E-01     817          144 7.0E+08 5.1E+02 _  R
   4505  2378      1 1.0E+00   2380 (8.2E-10) 1.1E-02  4.4660450E-01     817          144 7.0E+08 5.1E+02 _s
   4506  2379      1 1.0E+00   2381 (2.7E-10) 5.3E-03  4.4660446E-01     817          144 7.0E+08 5.1E+02 _

   Itns Major Minors    Step   nCon Feasible  Optimal  MeritFunction     L+U BSwap     nS condZHZ Penalty
   4507  2380      1 1.0E+00   2382 (1.2E-09) 4.4E-03  4.4660443E-01     817          144 7.0E+08 5.1E+02 _
   4508  2381      1 1.0E+00   2383 (2.0E-10) 3.1E-03  4.4660442E-01     816          144 6.8E+08 5.1E+02 _
   4509  2382      1 1.0E+00   2384 (8.5E-10) 3.9E-03  4.4660440E-01     817          144 6.8E+08 5.1E+02 _
   4510  2383      1 1.0E+00   2385 (1.3E-10) 2.9E-03  4.4660440E-01     817          144 6.8E+08 5.1E+02 _
   4511  2384      1 1.0E+00   2386 (1.3E-10) 2.3E-03  4.4660439E-01     827     1    144 6.9E+08 5.1E+02 _
   4512  2385      1 1.0E+00   2387 (1.1E-10) 1.7E-03  4.4660438E-01     827          144 6.8E+08 5.1E+02 _
   4513  2386      1 1.0E+00   2388 (4.1E-11) 3.6E-03  4.4660438E-01     827          144 6.8E+08 5.1E+02 _
   4515  2387      2 1.0E+00   2389 (2.0E-11) 3.0E-03  4.4660437E-01     827          145 6.8E+08 5.1E+02 _
   4516  2388      1 1.0E+00   2390 (1.3E-10) 2.5E-03  4.4660437E-01     827          145 6.5E+08 5.1E+02 _  R
   4517  2389      1 1.0E+00   2391 (2.3E-11) 1.4E-03  4.4660436E-01     827          145 6.5E+08 5.1E+02 _s
   4519  2390      2 1.0E+00   2392 (6.0E-11) 2.2E-03  4.4660436E-01     827          144 6.5E+08 5.1E+02 _
   4520  2391      1 1.0E+00   2393 (2.8E-11) 1.2E-03  4.4660435E-01     827          144 6.5E+08 5.1E+02 _
   4521  2392      1 1.0E+00   2394 (2.5E-11) 1.1E-03  4.4660435E-01     827          144 6.5E+08 5.1E+02 _
   4522  2393      1 1.0E+00   2395 (1.2E-10) 1.5E-03  4.4660434E-01     816     1    144 6.5E+08 5.1E+02 _
   4523  2394      1 1.0E+00   2396 (9.6E-11) 2.0E-03  4.4660434E-01     817          144 6.5E+08 5.1E+02 _
   4524  2395      1 1.0E+00   2397 (2.1E-11) 1.7E-03  4.4660433E-01     816          144 6.5E+08 5.1E+02 _
   4525  2396      1 1.0E+00   2398 (2.4E-10) 2.7E-03  4.4660433E-01     817          144 6.5E+08 5.1E+02 _
   4526  2397      1 1.0E+00   2399 (5.4E-11) 8.5E-04  4.4660432E-01     817          144 6.5E+08 5.1E+02 _
   4527  2398      1 1.0E+00   2400 (1.1E-10) 1.1E-03  4.4660432E-01     816          144 6.5E+08 5.1E+02 _
   4528  2399      1 1.0E+00   2401 (2.4E-11) 1.4E-03  4.4660431E-01     817          144 6.5E+08 5.1E+02 _  R

   Itns Major Minors    Step   nCon Feasible  Optimal  MeritFunction     L+U BSwap     nS condZHZ Penalty
   4529  2400      1 1.0E+00   2402 (1.6E-11) 1.4E-03  4.4660431E-01     816          144 6.5E+08 5.1E+02 _s
   4530  2401      1 1.0E+00   2403 (6.4E-12) 1.1E-03  4.4660431E-01     816          144 6.5E+08 5.1E+02 _
   4531  2402      1 1.0E+00   2404 (3.8E-11) 4.6E-04  4.4660430E-01     826     1    144 6.5E+08 5.1E+02 _
   4532  2403      1 4.5E-01   2405 (8.1E-11) 3.6E-04  4.4660430E-01     826          144 6.5E+08 5.1E+02 _
   4533  2404      1 1.0E+00   2406 (2.1E-10) 1.2E-03  4.4660430E-01     826          144 6.5E+08 5.1E+02 _
   4534  2405      1 1.0E+00   2407 (1.9E-10) 2.7E-03  4.4660430E-01     827          144 6.5E+08 5.1E+02 _
   4535  2406      1 1.0E+00   2408 (1.4E-10) 1.2E-03  4.4660429E-01     827          144 6.5E+08 5.1E+02 _
   4536  2407      1 1.0E+00   2409 (1.0E-11) 1.1E-03  4.4660429E-01     826          144 6.5E+08 5.1E+02 _
   4537  2408      1 1.6E-01   2410 (3.0E-11) 9.1E-04  4.4660429E-01     826          144 6.5E+08 5.1E+02 _
   4538  2409      1 3.2E-01   2411 (6.4E-11) 8.5E-04  4.4660429E-01     826          144 6.5E+08 5.1E+02 _
   4539  2410      1 1.0E+00   2412 (4.3E-10) 9.4E-04  4.4660428E-01     826          144 6.5E+08 5.1E+02 _  R
   4540  2411      1 1.0E+00   2413 (1.9E-11) 7.6E-04  4.4660428E-01     816     1    144 6.5E+08 5.1E+02 _s
   4541  2412      1 1.0E+00   2414 (1.3E-11) 6.5E-04  4.4660428E-01     817          144 6.5E+08 5.1E+02 _
   4542  2413      1 1.0E+00   2415 (5.2E-12) 6.8E-04  4.4660428E-01     817          144 6.5E+08 5.1E+02 _
   4543  2414      1 1.0E+00   2416 (3.3E-11) 6.3E-04  4.4660427E-01     815          144 6.5E+08 5.1E+02 _
   4544  2415      1 1.0E+00   2417 (7.1E-11) 1.0E-03  4.4660427E-01     816          144 6.5E+08 5.1E+02 _
   4545  2416      1 1.0E+00   2418 (5.7E-11) 1.4E-03  4.4660427E-01     816          144 6.5E+08 5.1E+02 _
   4546  2417      1 1.0E+00   2419 (1.1E-10) 1.9E-03  4.4660426E-01     817          144 6.5E+08 5.1E+02 _
   4547  2418      1 1.0E+00   2420 (2.9E-10) 3.6E-03  4.4660425E-01     817          144 6.5E+08 5.1E+02 _
   4548  2419      1 1.0E+00   2421 (1.1E-10) 3.6E-03  4.4660424E-01     817          144 6.5E+08 5.1E+02 _

   Itns Major Minors    Step   nCon Feasible  Optimal  MeritFunction     L+U BSwap     nS condZHZ Penalty
   4549  2420      1 1.0E+00   2422 (2.3E-09) 3.1E-03  4.4660423E-01     827     1    144 6.8E+08 5.1E+02 _
   4550  2421      1 1.0E+00   2423 (2.2E-09) 3.7E-03  4.4660420E-01     827          144 6.8E+08 5.1E+02 _  R
   4551  2422      1 1.0E+00   2424 (7.6E-11) 2.6E-03  4.4660419E-01     827          144 6.8E+08 5.1E+02 _s
   4552  2423      1 1.0E+00   2425 (5.6E-11) 5.5E-03  4.4660418E-01     827          144 6.8E+08 5.1E+02 _
   4553  2424      1 1.0E+00   2426 (1.1E-10) 1.0E-03  4.4660417E-01     827          144 6.8E+08 5.1E+02 _
   4554  2425      1 1.0E+00   2427 (1.6E-11) 1.1E-03  4.4660417E-01     827          144 6.8E+08 5.1E+02 _
   4555  2426      1 1.0E+00   2428 (2.8E-10) 1.5E-03  4.4660416E-01     827          144 6.8E+08 5.1E+02 _
   4556  2427      1 1.0E+00   2429 (4.0E-11) 1.1E-03  4.4660416E-01     827          144 6.8E+08 5.1E+02 _
   4557  2428      1 1.0E+00   2430 (5.1E-11) 1.8E-03  4.4660415E-01     826          144 6.8E+08 5.1E+02 _
   4558  2429      1 1.0E+00   2431 (6.7E-11) 2.3E-03  4.4660415E-01     827          144 6.8E+08 5.1E+02 _
   4559  2430      1 1.0E+00   2432 (1.1E-10) 2.3E-03  4.4660414E-01     817     1    144 6.5E+08 5.1E+02 _
   4560  2431      1 1.0E+00   2433 (2.3E-10) 3.0E-03  4.4660412E-01     817          144 6.5E+08 5.1E+02 _
   4561  2432      1 1.0E+00   2434 (1.3E-09) 6.7E-03  4.4660409E-01     817          144 6.5E+08 5.1E+02 _  R
   4562  2433      1 1.0E+00   2435 (5.9E-11) 6.0E-03  4.4660408E-01     817          144 6.5E+08 5.1E+02 _s
   4563  2434      1 1.0E+00   2436 (1.7E-10) 9.0E-03  4.4660407E-01     817          144 6.5E+08 5.1E+02 _
   4564  2435      1 1.0E+00   2437 (5.4E-11) 4.3E-03  4.4660406E-01     817          144 6.5E+08 5.1E+02 _
   4565  2436      1 1.0E+00   2438 (3.6E-11) 4.4E-03  4.4660406E-01     817          144 6.5E+08 5.1E+02 _
   4566  2437      1 1.0E+00   2439 (5.4E-11) 1.1E-03  4.4660405E-01     817          144 6.5E+08 5.1E+02 _
   4567  2438      1 1.0E+00   2440 (5.2E-10) 3.0E-03  4.4660404E-01     817          144 6.5E+08 5.1E+02 _
   4568  2439      1 4.8E-01   2441 (3.3E-10) 3.4E-03  4.4660403E-01     827     1    144 6.5E+08 5.1E+02 _

   Itns Major Minors    Step   nCon Feasible  Optimal  MeritFunction     L+U BSwap     nS condZHZ Penalty
   4569  2440      1 1.0E+00   2442 (1.3E-10) 3.0E-03  4.4660402E-01     827          144 6.5E+08 5.1E+02 _
   4570  2441      1 3.0E-01   2443 (1.6E-10) 3.8E-03  4.4660400E-01     827          144 6.5E+08 5.1E+02 _
   4571  2442      1 1.0E+00   2444 (6.7E-10) 1.7E-02  4.4660399E-01     827          144 6.5E+08 5.1E+02 _
   4572  2443      1 1.0E+00   2445 (5.8E-10) 8.2E-03  4.4660395E-01     827          144 6.5E+08 5.1E+02 _  R
   4573  2444      1 1.0E+00   2446 (7.9E-11) 4.7E-03  4.4660394E-01     827          144 6.5E+08 5.1E+02 _s
   4574  2445      1 1.0E+00   2447 (1.1E-10) 4.3E-03  4.4660392E-01     827          144 6.5E+08 5.1E+02 _
   4576  2446      2 1.0E+00   2448 (1.9E-10) 2.0E-03  4.4660390E-01     827          145 6.5E+08 5.1E+02 _
   4577  2447      1 1.0E+00   2449 (6.1E-10) 4.0E-03  4.4660388E-01     827          145 6.5E+08 5.1E+02 _
   4579  2448      2 1.0E+00   2450 (4.9E-10) 4.2E-03  4.4660387E-01     827          144 6.5E+08 5.1E+02 _
   4580  2449      1 1.0E+00   2451 (7.7E-10) 5.1E-03  4.4660384E-01     817     1    144 6.5E+08 5.1E+02 _
   4581  2450      1 1.0E+00   2452 (7.5E-09) 6.0E-03  4.4660381E-01     817          144 6.5E+08 5.1E+02 _
   4582  2451      1 1.0E+00   2453 (9.1E-10) 6.3E-03  4.4660377E-01     817          144 6.5E+08 5.1E+02 _
   4583  2452      1 1.0E+00   2454 (9.4E-10) 8.9E-03  4.4660370E-01     817          144 6.5E+08 5.1E+02 _
   4584  2453      1 1.0E+00   2455 (3.5E-09) 1.7E-02  4.4660361E-01     817          144 6.5E+08 5.1E+02 _
   4585  2454      1 1.0E+00   2456 (1.3E-08) 1.5E-02  4.4660339E-01     816          144 6.5E+08 5.1E+02 _  R
   4586  2455      1 1.0E+00   2457 (7.9E-10) 9.0E-03  4.4660333E-01     817          144 6.5E+08 5.1E+02 _s
   4587  2456      1 1.0E+00   2458 (3.0E-10) 8.9E-03  4.4660329E-01     817          144 6.5E+08 5.1E+02 _
   4588  2457      1 1.0E+00   2459 (8.7E-10) 6.0E-03  4.4660325E-01     817          144 6.5E+08 5.1E+02 _
   4589  2458      1 1.0E+00   2460 (3.0E-09) 1.5E-02  4.4660318E-01     827     1    144 6.7E+08 5.1E+02 _
   4590  2459      1 4.3E-01   2461 (2.5E-09) 1.3E-02  4.4660315E-01     827          144 6.7E+08 5.1E+02 _

   Itns Major Minors    Step   nCon Feasible  Optimal  MeritFunction     L+U BSwap     nS condZHZ Penalty
   4591  2460      1 1.0E+00   2462 (2.9E-09) 1.6E-02  4.4660304E-01     827          144 6.7E+08 5.1E+02 _
   4592  2461      1 1.0E+00   2463 (1.2E-09) 1.4E-02  4.4660300E-01     827          144 6.7E+08 5.1E+02 _
   4593  2462      1 1.0E+00   2464 (3.3E-10) 7.6E-03  4.4660294E-01     827          144 6.7E+08 5.1E+02 _
   4594  2463      1 1.0E+00   2465 (9.5E-10) 6.4E-03  4.4660282E-01     827          144 6.7E+08 5.1E+02 _
   4595  2464      1 3.1E-01   2466 (8.1E-10) 8.0E-03  4.4660274E-01     827          144 6.7E+08 5.1E+02 _
   4596  2465      1 8.8E-02   2467 (7.9E-10) 7.3E-03  4.4660270E-01     827          144 6.7E+08 5.1E+02 _  R
   4597  2466      1 1.0E+00   2468 (1.1E-09) 3.9E-03  4.4660263E-01     827          144 6.6E+08 5.1E+02 _s
   4598  2467      1 1.0E+00   2469 (2.4E-09) 7.2E-03  4.4660253E-01     827          144 6.6E+08 5.1E+02 _
   4600  2468      2 1.0E+00   2470 (6.4E-09) 6.7E-03  4.4660230E-01     817     1    145 6.6E+08 5.1E+02 _
   4602  2469      2 1.0E+00   2471 (1.5E-08) 1.2E-01  4.4660215E-01     817          144 6.6E+08 5.1E+02 _
   4603  2470      1 1.0E+00   2472 (3.3E-09) 1.9E-02  4.4660167E-01     817          144 6.6E+08 5.1E+02 _
   4604  2471      1 1.0E+00   2473 (1.4E-08) 2.3E-02  4.4660121E-01     817          144 6.6E+08 5.1E+02 _
   4605  2472      1 1.0E+00   2474 (5.1E-08) 2.0E-02  4.4660064E-01     817          144 6.6E+08 5.1E+02 _
   4606  2473      1 1.0E+00   2475 (2.2E-08) 1.5E-02  4.4660046E-01     817          144 6.6E+08 5.1E+02 _
   4607  2474      1 1.0E+00   2476 (3.7E-09) 1.6E-02  4.4660028E-01     817          144 6.5E+08 5.1E+02 _
   4608  2475      1 3.0E-01   2477 (2.7E-09) 1.7E-02  4.4660021E-01     817          144 6.5E+08 5.1E+02 _
   4609  2476      1 2.1E-01   2478 (2.1E-09) 8.7E-03  4.4660014E-01     817          144 7.4E+08 5.1E+02 _  R
   4610  2477      1 1.0E+00   2479 (7.6E-10) 1.5E-02  4.4660008E-01     827     1    144 7.2E+08 5.1E+02 _s
   4611  2478      1 1.0E+00   2480 (3.5E-09) 1.1E-02  4.4659994E-01     827          144 7.1E+08 5.1E+02 _
   4612  2479      1 1.0E+00   2481 (5.5E-09) 4.8E-02  4.4659989E-01     827          144 6.8E+08 5.1E+02 _

   Itns Major Minors    Step   nCon Feasible  Optimal  MeritFunction     L+U BSwap     nS condZHZ Penalty
   4613  2480      1 1.0E+00   2482 (1.4E-08) 2.9E-02  4.4659986E-01     827          144 6.8E+08 5.1E+02 _
   4614  2481      1 1.0E+00   2483 (4.3E-09) 1.5E-02  4.4659974E-01     827          144 6.5E+08 5.1E+02 _
   4615  2482      1 1.0E+00   2484 (2.1E-09) 1.3E-02  4.4659970E-01     827          144 5.9E+08 5.1E+02 _
   4616  2483      1 1.0E+00   2485 (1.1E-09) 7.7E-03  4.4659963E-01     827          144 5.8E+08 5.1E+02 _
   4617  2484      1 1.0E+00   2486 (1.8E-09) 6.4E-03  4.4659961E-01     827          144 5.8E+08 5.1E+02 _
   4618  2485      1 1.0E+00   2487 (4.9E-10) 4.5E-03  4.4659957E-01     826          144 5.8E+08 5.1E+02 _
   4619  2486      1 3.7E-01   2488 (2.1E-10) 3.1E-03  4.4659955E-01     827          144 5.8E+08 5.1E+02 _
   4620  2487      1 1.0E+00   2489 (2.9E-09) 1.3E-02  4.4659953E-01     817     1    144 6.2E+08 5.1E+02 _  R
   4621  2488      1 1.0E+00   2490 (6.0E-10) 1.4E-02  4.4659951E-01     817          144 6.2E+08 5.1E+02 _s
   4622  2489      1 1.0E+00   2491 (8.5E-11) 4.0E-03  4.4659949E-01     817          144 6.2E+08 5.1E+02 _
   4623  2490      1 1.0E+00   2492 (6.3E-10) 4.4E-03  4.4659948E-01     817          144 6.4E+08 5.1E+02 _
   4624  2491      1 1.0E+00   2493 (4.5E-09) 9.4E-03  4.4659944E-01     817          144 6.4E+08 5.1E+02 _
   4625  2492      1 1.0E+00   2494 (5.9E-08) 1.4E-02  4.4659938E-01     817          144 6.3E+08 5.1E+02 _
   4626  2493      1 3.8E-01   2495 (3.8E-08) 1.4E-02  4.4659937E-01     817          144 6.2E+08 5.1E+02 _
   4627  2494      1 1.0E+00   2496 (1.0E-09) 1.1E-02  4.4659935E-01     817          144 6.2E+08 5.1E+02 _
   4628  2495      1 1.0E+00   2497 (1.5E-09) 4.9E-03  4.4659933E-01     817          144 6.2E+08 5.1E+02 _
   4629  2496      1 1.0E+00   2498 (3.7E-10) 5.7E-03  4.4659931E-01     817          144 6.2E+08 5.1E+02 _
   4630  2497      1 1.0E+00   2499 (1.2E-10) 7.2E-03  4.4659930E-01     827     1    144 7.5E+08 5.1E+02 _
   4631  2498      1 1.0E+00   2500 (2.2E-10) 1.4E-02  4.4659928E-01     827          144 7.9E+08 5.1E+02 _  R
   4632  2499      1 1.0E+00   2501 (1.6E-10) 8.0E-03  4.4659928E-01     827          144 8.0E+08 5.1E+02 _s

   Itns Major Minors    Step   nCon Feasible  Optimal  MeritFunction     L+U BSwap     nS condZHZ Penalty
   4633  2500      1 1.0E+00   2502 (3.6E-11) 2.6E-03  4.4659927E-01     827          144 8.0E+08 5.1E+02 _
   4634  2501      1 1.0E+00   2503 (1.7E-11) 1.2E-03  4.4659927E-01     827          144 8.1E+08 5.1E+02 _
   4635  2502      1 1.0E+00   2504 (2.6E-11) 2.1E-03  4.4659926E-01     827          144 8.0E+08 5.1E+02 _
   4636  2503      1 1.0E+00   2505 (4.0E-11) 2.4E-03  4.4659926E-01     827          144 8.1E+08 5.1E+02 _
   4637  2504      1 1.0E+00   2506 (3.4E-10) 2.5E-03  4.4659925E-01     827          144 8.1E+08 5.1E+02 _
   4638  2505      1 1.0E+00   2507 (6.4E-10) 3.1E-03  4.4659924E-01     827          144 8.1E+08 5.1E+02 _
   4639  2506      1 1.0E+00   2508 (1.4E-09) 6.2E-03  4.4659923E-01     817     1    144 7.7E+08 5.1E+02 _
   4640  2507      1 1.0E+00   2509 (1.8E-10) 5.5E-03  4.4659921E-01     817          144 7.7E+08 5.1E+02 _
   4641  2508      1 4.7E-01   2510 (2.6E-10) 3.1E-03  4.4659920E-01     817          144 7.7E+08 5.1E+02 _
   4642  2509      1 4.2E-01   2511 (5.0E-10) 1.8E-03  4.4659920E-01     817          144 7.7E+08 5.1E+02 _  R
   4643  2510      1 1.0E+00   2512 (1.3E-11) 1.2E-03  4.4659919E-01     817          144 7.7E+08 5.1E+02 _s
   4644  2511      1 1.0E+00   2513 (2.0E-10) 3.6E-03  4.4659919E-01     817          144 7.7E+08 5.1E+02 _
   4645  2512      1 1.0E+00   2514 (7.6E-11) 7.2E-03  4.4659918E-01     817          144 7.7E+08 5.1E+02 _
   4646  2513      1 1.0E+00   2515 (7.5E-11) 4.1E-03  4.4659918E-01     817          144 7.9E+08 5.1E+02 _
   4647  2514      1 1.0E+00   2516 (7.4E-11) 7.2E-03  4.4659917E-01     817          144 8.1E+08 5.1E+02 _
   4648  2515      1 1.0E+00   2517 (2.7E-10) 6.7E-03  4.4659916E-01     827     1    144 6.4E+08 5.1E+02 _
   4649  2516      1 1.0E+00   2518 (7.1E-10) 9.9E-03  4.4659915E-01     827          144 6.9E+08 5.1E+02 _
   4650  2517      1 1.0E+00   2519 (6.2E-10) 9.9E-03  4.4659912E-01     827          144 7.3E+08 5.1E+02 _
   4651  2518      1 1.0E+00   2520 (4.9E-09) 9.2E-03  4.4659907E-01     827          144 7.3E+08 5.1E+02 _
   4652  2519      1 4.5E-01   2521 (6.3E-09) 1.2E-02  4.4659903E-01     827          144 7.3E+08 5.1E+02 _

   Itns Major Minors    Step   nCon Feasible  Optimal  MeritFunction     L+U BSwap     nS condZHZ Penalty
   4653  2520      1 1.0E+00   2522 (1.1E-09) 8.5E-03  4.4659899E-01     827          144 8.8E+08 5.1E+02 _  R
   4654  2521      1 1.0E+00   2523 (8.8E-10) 6.6E-03  4.4659897E-01     827          144 9.0E+08 5.1E+02 _s
   4655  2522      1 1.0E+00   2524 (7.3E-11) 6.4E-03  4.4659896E-01     826          144 8.8E+08 5.1E+02 _
   4656  2523      1 1.0E+00   2525 (7.9E-11) 6.0E-03  4.4659895E-01     827          144 9.2E+08 5.1E+02 _
   4657  2524      1 1.0E+00   2526 (7.4E-11) 6.2E-03  4.4659894E-01     827          144 9.0E+08 5.1E+02 _
   4658  2525      1 1.0E+00   2527 (7.7E-11) 5.4E-03  4.4659893E-01     816     1    144 9.4E+08 5.1E+02 _
   4659  2526      1 1.0E+00   2528 (2.7E-10) 1.0E-02  4.4659891E-01     817          144 9.4E+08 5.1E+02 _
   4660  2527      1 1.0E+00   2529 (8.4E-11) 1.6E-02  4.4659888E-01     817          144 9.6E+08 5.1E+02 _
   4661  2528      1 1.0E+00   2530 (2.5E-09) 1.0E-02  4.4659887E-01     817          144 9.6E+08 5.1E+02 _
   4663  2529      2 1.0E+00   2531 (3.6E-10) 6.6E-03  4.4659875E-01     816          145 9.6E+08 5.1E+02 _
   4664  2530      1 1.0E+00   2532 (6.7E-09) 2.9E-02  4.4659853E-01     816          145 9.6E+08 5.1E+02 _
   4667  2531      3 1.0E+00   2533 (5.7E-09) 2.1E-02  4.4659836E-01     817          144 9.9E+08 5.1E+02 _  R
   4668  2532      1 1.0E+00   2534 (2.9E-09) 1.3E-02  4.4659828E-01     817          144 9.9E+08 5.1E+02 _s
   4669  2533      1 1.0E+00   2535 (5.2E-10) 3.6E-03  4.4659820E-01     817          144 1.0E+09 5.1E+02 _
   4670  2534      1 1.0E+00   2536 (3.1E-10) 3.5E-03  4.4659814E-01     827     1    144 1.2E+09 5.1E+02 _
   4671  2535      1 1.0E+00   2537 (3.2E-09) 7.1E-03  4.4659802E-01     827          144 1.3E+09 5.1E+02 _
   4672  2536      1 1.0E+00   2538 (8.9E-10) 7.0E-03  4.4659796E-01     827          144 1.3E+09 5.1E+02 _
   4673  2537      1 1.0E+00   2539 (2.4E-10) 5.1E-03  4.4659793E-01     827          144 1.3E+09 5.1E+02 _
   4674  2538      1 1.0E+00   2540 (4.4E-10) 6.7E-03  4.4659788E-01     827          144 1.3E+09 5.1E+02 _
   4675  2539      1 1.0E+00   2541 (1.0E-10) 6.4E-03  4.4659785E-01     827          144 1.3E+09 5.1E+02 _

   Itns Major Minors    Step   nCon Feasible  Optimal  MeritFunction     L+U BSwap     nS condZHZ Penalty
   4676  2540      1 1.0E+00   2542 (4.8E-10) 9.5E-03  4.4659775E-01     827          144 1.3E+09 5.1E+02 _
   4678  2541      2 1.0E+00   2543 (1.0E-09) 9.1E-03  4.4659760E-01     827          145 1.3E+09 5.1E+02 _
   4679  2542      1 1.0E+00   2544 (7.5E-09) 1.4E-02  4.4659740E-01     827          145 9.8E+08 5.1E+02 _  R
   4680  2543      1 1.0E+00   2545 (1.2E-09) 1.2E-02  4.4659713E-01     805     2    145 9.6E+08 5.1E+02 _s
   4681  2544      1 1.0E+00   2546 (4.4E-09) 1.8E-02  4.4659675E-01     805          145 9.5E+08 5.1E+02 _
   4683  2545      2 1.0E+00   2547 (1.8E-09) 6.6E-03  4.4659650E-01     805          146 8.0E+08 5.1E+02 _
   4685  2546      2 1.0E+00   2548 (9.1E-09) 2.9E-02  4.4659642E-01     805          145 8.0E+08 5.1E+02 _
   4686  2547      1 1.0E+00   2549 (3.5E-09) 2.0E-02  4.4659589E-01     805          145 8.0E+08 5.1E+02 _
   4687  2548      1 3.9E-01   2550 (1.1E-08) 1.1E-02  4.4659538E-01     805          145 8.0E+08 5.1E+02 _
   4688  2549      1 4.1E-01   2551 (7.1E-09) 5.7E-02  4.4659522E-01     805          145 8.0E+08 5.1E+02 _
   4689  2550      1 1.0E+00   2552 (6.2E-09) 6.1E-02  4.4659462E-01     805          145 8.0E+08 5.1E+02 _
   4690  2551      1 1.0E+00   2553 (2.7E-08) 6.9E-02  4.4659387E-01     794     2    145 8.0E+08 5.1E+02 _
   4691  2552      1 1.0E+00   2554 (8.7E-09) 1.8E-02  4.4659353E-01     794          145 8.0E+08 5.1E+02 _
   4692  2553      1 1.0E+00   2555 (1.9E-09) 3.0E-02  4.4659342E-01     794          145 7.9E+08 5.1E+02 _  R
   4693  2554      1 3.3E-01   2556 (1.5E-09) 1.5E-02  4.4659330E-01     794          145 7.9E+08 5.1E+02 _s
   4694  2555      1 1.0E+00   2557 (3.6E-10) 3.0E-02  4.4659329E-01     794          145 7.9E+08 5.1E+02 _
   4695  2556      1 1.0E+00   2558 (2.2E-10) 5.1E-03  4.4659326E-01     794          145 7.9E+08 5.1E+02 _
   4696  2557      1 1.0E+00   2559 (5.3E-11) 7.2E-03  4.4659324E-01     794          145 7.9E+08 5.1E+02 _
   4697  2558      1 1.0E+00   2560 (3.9E-10) 2.8E-02  4.4659320E-01     794          145 7.9E+08 5.1E+02 _
   4698  2559      1 1.0E+00   2561 (6.7E-10) 1.2E-02  4.4659316E-01     794          145 7.9E+08 5.1E+02 _

   Itns Major Minors    Step   nCon Feasible  Optimal  MeritFunction     L+U BSwap     nS condZHZ Penalty
   4699  2560      1 1.0E+00   2562 (4.5E-10) 1.1E-02  4.4659313E-01     814     1    145 7.9E+08 5.1E+02 _
   4700  2561      1 1.0E+00   2563 (5.8E-10) 9.8E-03  4.4659309E-01     814          145 7.9E+08 5.1E+02 _
   4701  2562      1 1.0E+00   2564 (8.0E-10) 1.2E-02  4.4659306E-01     814          145 7.9E+08 5.1E+02 _
   4702  2563      1 1.0E+00   2565 (1.9E-10) 1.2E-02  4.4659303E-01     814          145 7.9E+08 5.1E+02 _
   4703  2564      1 1.0E+00   2566 (4.8E-10) 1.4E-02  4.4659299E-01     814          145 7.9E+08 5.1E+02 _  R
   4704  2565      1 1.0E+00   2567 (4.2E-11) 8.5E-03  4.4659298E-01     814          145 7.9E+08 5.1E+02 _s
   4705  2566      1 1.0E+00   2568 (8.9E-10) 9.0E-03  4.4659298E-01     814          145 7.9E+08 5.1E+02 _
   4706  2567      1 1.0E+00   2569 (2.4E-10) 7.0E-03  4.4659296E-01     814          145 7.9E+08 5.1E+02 _
   4707  2568      1 1.0E+00   2570 (6.9E-11) 1.0E-02  4.4659296E-01     814          145 7.9E+08 5.1E+02 _
   4708  2569      1 1.0E+00   2571 (1.1E-10) 6.5E-03  4.4659295E-01     794     1    145 8.3E+08 5.1E+02 _
   4709  2570      1 1.0E+00   2572 (7.3E-11) 7.3E-03  4.4659294E-01     794          145 7.9E+08 5.1E+02 _
   4710  2571      1 1.0E+00   2573 (9.5E-10) 9.4E-03  4.4659293E-01     794          145 7.9E+08 5.1E+02 _
   4711  2572      1 1.0E+00   2574 (3.4E-10) 7.3E-03  4.4659293E-01     794          145 7.9E+08 5.1E+02 _
   4712  2573      1 1.0E+00   2575 (5.8E-10) 5.2E-03  4.4659291E-01     794          145 7.9E+08 5.1E+02 _
   4713  2574      1 1.0E+00   2576 (1.6E-10) 1.8E-03  4.4659291E-01     794          145 7.9E+08 5.1E+02 _
   4714  2575      1 1.0E+00   2577 (6.9E-10) 6.2E-03  4.4659290E-01     794          145 8.0E+08 5.1E+02 _  R
   4715  2576      1 1.0E+00   2578 (3.6E-10) 2.7E-03  4.4659290E-01     794          145 7.8E+08 5.1E+02 _s
   4716  2577      1 1.0E+00   2579 (7.5E-11) 2.0E-03  4.4659289E-01     794          145 7.8E+08 5.1E+02 _
   4717  2578      1 1.0E+00   2580 (1.1E-10) 2.0E-03  4.4659289E-01     794          145 7.8E+08 5.1E+02 _
   4718  2579      1 1.0E+00   2581 (2.3E-11) 1.2E-03  4.4659289E-01     814     1    145 7.9E+08 5.1E+02 _

   Itns Major Minors    Step   nCon Feasible  Optimal  MeritFunction     L+U BSwap     nS condZHZ Penalty
   4719  2580      1 1.0E+00   2582 (3.2E-10) 2.4E-03  4.4659288E-01     814          145 7.9E+08 5.1E+02 _
   4720  2581      1 1.0E+00   2583 (2.2E-10) 2.0E-03  4.4659287E-01     814          145 7.6E+08 5.1E+02 _
   4721  2582      1 1.0E+00   2584 (1.8E-10) 2.1E-03  4.4659287E-01     814          145 7.6E+08 5.1E+02 _
   4722  2583      1 1.0E+00   2585 (9.8E-10) 3.3E-03  4.4659286E-01     814          145 7.6E+08 5.1E+02 _
   4723  2584      1 3.4E-01   2586 (7.4E-10) 4.2E-03  4.4659286E-01     814          145 7.6E+08 5.1E+02 _
   4724  2585      1 1.0E+00   2587 (1.0E-09) 8.2E-03  4.4659285E-01     814          145 7.7E+08 5.1E+02 _
   4725  2586      1 1.0E+00   2588 (8.2E-11) 4.0E-03  4.4659283E-01     814          145 7.3E+08 5.1E+02 _  R
   4726  2587      1 1.0E+00   2589 (6.2E-11) 3.9E-03  4.4659283E-01     814          145 7.2E+08 5.1E+02 _s
   4727  2588      1 1.0E+00   2590 (4.1E-11) 2.1E-03  4.4659282E-01     794     1    145 7.9E+08 5.1E+02 _
   4728  2589      1 1.0E+00   2591 (3.7E-10) 3.3E-03  4.4659281E-01     794          145 7.9E+08 5.1E+02 _
   4729  2590      1 1.0E+00   2592 (1.5E-11) 2.6E-03  4.4659281E-01     794          145 7.8E+08 5.1E+02 _
   4730  2591      1 1.0E+00   2593 (3.8E-11) 3.7E-03  4.4659280E-01     794          145 7.7E+08 5.1E+02 _
   4731  2592      1 1.0E+00   2594 (1.1E-10) 3.1E-03  4.4659280E-01     794          145 7.6E+08 5.1E+02 _
   4732  2593      1 1.0E+00   2595 (3.9E-11) 3.5E-03  4.4659279E-01     794          145 7.6E+08 5.1E+02 _
   4733  2594      1 1.0E+00   2596 (2.1E-10) 3.0E-03  4.4659278E-01     794          145 7.6E+08 5.1E+02 _
   4734  2595      1 1.0E+00   2597 (7.1E-10) 6.9E-03  4.4659277E-01     794          145 7.6E+08 5.1E+02 _
   4735  2596      1 1.0E+00   2598 (1.1E-09) 5.7E-03  4.4659276E-01     794          145 7.6E+08 5.1E+02 _
   4736  2597      1 1.0E+00   2599 (2.3E-09) 5.9E-03  4.4659274E-01     793          145 7.5E+08 5.1E+02 _  R
   4737  2598      1 1.0E+00   2600 (8.9E-11) 2.8E-03  4.4659272E-01     813     1    145 6.8E+08 5.1E+02 _s
   4738  2599      1 1.0E+00   2601 (3.2E-10) 1.7E-03  4.4659270E-01     814          145 6.8E+08 5.1E+02 _

   Itns Major Minors    Step   nCon Feasible  Optimal  MeritFunction     L+U BSwap     nS condZHZ Penalty
   4739  2600      1 1.0E+00   2602 (2.6E-10) 4.4E-03  4.4659269E-01     814          145 6.8E+08 5.1E+02 _
   4740  2601      1 1.0E+00   2603 (1.2E-10) 3.5E-03  4.4659268E-01     813          145 6.7E+08 5.1E+02 _
   4741  2602      1 1.0E+00   2604 (2.0E-11) 1.8E-03  4.4659267E-01     813          145 6.7E+08 5.1E+02 _
   4742  2603      1 1.0E+00   2605 (2.0E-10) 2.4E-03  4.4659267E-01     813          145 6.8E+08 5.1E+02 _
   4743  2604      1 1.0E+00   2606 (4.7E-10) 3.5E-03  4.4659267E-01     813          145 6.7E+08 5.1E+02 _
   4744  2605      1 1.0E+00   2607 (4.3E-11) 2.0E-03  4.4659266E-01     814          145 6.7E+08 5.1E+02 _
   4745  2606      1 1.0E+00   2608 (2.1E-10) 2.1E-03  4.4659266E-01     813          145 6.7E+08 5.1E+02 _
   4746  2607      1 1.0E+00   2609 (6.5E-10) 5.0E-03  4.4659265E-01     793     1    145 6.9E+08 5.1E+02 _
   4747  2608      1 4.3E-02   2610 (6.3E-10) 5.2E-03  4.4659264E-01     793          145 6.9E+08 5.1E+02 _  R
   4748  2609      1 1.0E+00   2611 (9.8E-11) 4.1E-03  4.4659264E-01     793          145 6.8E+08 5.1E+02 _s
   4749  2610      1 1.0E+00   2612 (2.2E-11) 2.9E-03  4.4659263E-01     794          145 6.9E+08 5.1E+02 _
   4750  2611      1 1.0E+00   2613 (2.4E-11) 2.3E-03  4.4659263E-01     794          145 6.9E+08 5.1E+02 _
   4751  2612      1 1.0E+00   2614 (7.3E-11) 2.1E-03  4.4659262E-01     793          145 6.7E+08 5.1E+02 _
   4752  2613      1 1.0E+00   2615 (9.0E-11) 8.8E-04  4.4659262E-01     794          145 6.7E+08 5.1E+02 _
   4753  2614      1 3.9E-01   2616 (6.0E-11) 8.5E-04  4.4659262E-01     793          145 6.7E+08 5.1E+02 _
   4754  2615      1 3.2E-01   2617 (1.3E-10) 3.8E-03  4.4659262E-01     794          145 6.8E+08 5.1E+02 _
   4755  2616      1 1.0E+00   2618 (2.0E-11) 1.3E-03  4.4659261E-01     814     1    145 7.6E+08 5.1E+02 _
   4756  2617      1 8.3E-02   2619 (2.0E-11) 8.8E-04  4.4659261E-01     814          145 7.9E+08 5.1E+02 _
   4757  2618      1 8.5E-02   2620 (2.1E-11) 5.9E-04  4.4659261E-01     814          145 8.0E+08 5.1E+02 _
   4758  2619      1 7.7E-02   2621 (2.3E-11) 5.4E-04  4.4659261E-01     814          145 8.1E+08 5.1E+02 _  R

   Itns Major Minors    Step   nCon Feasible  Optimal  MeritFunction     L+U BSwap     nS condZHZ Penalty
   4759  2620      1 1.0E+00   2622 (1.2E-11) 6.0E-04  4.4659261E-01     814          145 8.0E+08 5.1E+02 _s
   4760  2621      1 1.0E+00   2623 (3.1E-12) 4.7E-04  4.4659261E-01     813          145 8.1E+08 5.1E+02 _
   4761  2622      1 1.0E+00   2624 (3.4E-11) 4.8E-04  4.4659260E-01     814          145 8.1E+08 5.1E+02 _
   4762  2623      1 1.0E+00   2625 (1.2E-10) 8.8E-04  4.4659260E-01     813          145 8.1E+08 5.1E+02 _
   4763  2624      1 1.0E+00   2626 (7.6E-10) 1.2E-03  4.4659259E-01     814          145 8.0E+08 5.1E+02 _
   4764  2625      1 1.0E+00   2627 (3.7E-09) 2.5E-03  4.4659258E-01     793     1    145 6.7E+08 5.1E+02 _
   4765  2626      1 1.0E+00   2628 (5.0E-10) 2.4E-03  4.4659256E-01     793          145 6.6E+08 5.1E+02 _
   4766  2627      1 4.7E-01   2629 (4.4E-10) 1.7E-03  4.4659255E-01     794          145 6.6E+08 5.1E+02 _
   4767  2628      1 1.0E+00   2630 (2.6E-10) 1.2E-03  4.4659254E-01     794          145 6.6E+08 5.1E+02 _
   4768  2629      1 4.8E-01   2631 (2.4E-10) 9.9E-04  4.4659254E-01     794          145 6.6E+08 5.1E+02 _
   4769  2630      1 1.0E+00   2632 (1.1E-10) 1.4E-03  4.4659254E-01     794          145 6.6E+08 5.1E+02 _  R
   4770  2631      1 1.0E+00   2633 (1.1E-11) 1.4E-03  4.4659253E-01     793          145 6.6E+08 5.1E+02 _s
   4771  2632      1 1.0E+00   2634 (5.5E-11) 5.1E-03  4.4659253E-01     794          145 6.6E+08 5.1E+02 _
   4772  2633      1 1.0E+00   2635 (3.3E-11) 4.1E-03  4.4659253E-01     794          145 6.8E+08 5.1E+02 _
   4773  2634      1 1.0E+00   2636 (4.2E-11) 2.4E-03  4.4659252E-01     814     1    145 7.3E+08 5.1E+02 _
   4774  2635      1 1.0E+00   2637 (1.0E-10) 4.2E-03  4.4659252E-01     814          145 1.1E+09 5.1E+02 _
   4775  2636      1 1.9E-01   2638 (8.4E-10) 4.9E-03  4.4659251E-01     813          145 1.1E+09 5.1E+02 _
   4776  2637      1 1.0E+00   2639 (2.1E-09) 4.2E-03  4.4659249E-01     813          145 1.1E+09 5.1E+02 _
   4777  2638      1 1.9E-01   2640 (2.1E-09) 3.5E-03  4.4659249E-01     812          145 1.1E+09 5.1E+02 _
   4778  2639      1 1.0E+00   2641 (1.1E-09) 4.3E-03  4.4659247E-01     814          145 1.1E+09 5.1E+02 _

   Itns Major Minors    Step   nCon Feasible  Optimal  MeritFunction     L+U BSwap     nS condZHZ Penalty
   4779  2640      1 1.0E+00   2642 (3.0E-09) 2.4E-03  4.4659244E-01     814          145 1.1E+09 5.1E+02 _
   4780  2641      1 1.0E+00   2643 (3.3E-08) 5.2E-03  4.4659237E-01     814          145 1.2E+09 5.1E+02 _  R
   4781  2642      1 1.0E+00   2644 (3.4E-10) 5.3E-03  4.4659237E-01     814          145 1.2E+09 5.1E+02 _s
   4782  2643      1 1.0E+00   2645 (9.3E-11) 2.2E-03  4.4659234E-01     794     1    145 1.2E+09 5.1E+02 _
   4783  2644      1 1.0E+00   2646 (5.0E-11) 1.7E-03  4.4659234E-01     794          145 1.2E+09 5.1E+02 _
   4784  2645      1 1.0E+00   2647 (2.3E-10) 1.4E-03  4.4659233E-01     794          145 1.2E+09 5.1E+02 _
   4785  2646      1 1.0E+00   2648 (1.8E-10) 1.1E-03  4.4659232E-01     794          145 1.2E+09 5.1E+02 _
   4786  2647      1 1.0E+00   2649 (8.8E-11) 1.5E-03  4.4659232E-01     794          145 1.2E+09 5.1E+02 _
   4787  2648      1 1.0E+00   2650 (4.0E-10) 3.3E-03  4.4659230E-01     794          145 1.2E+09 5.1E+02 _
   4788  2649      1 1.0E+00   2651 (3.6E-10) 5.6E-03  4.4659229E-01     794          145 1.2E+09 5.1E+02 _
   4789  2650      1 1.0E+00   2652 (2.9E-09) 1.0E-02  4.4659225E-01     794          145 1.2E+09 5.1E+02 _
   4790  2651      1 1.0E+00   2653 (3.3E-09) 5.7E-03  4.4659223E-01     794          145 1.2E+09 5.1E+02 _
   4791  2652      1 1.0E+00   2654 (9.2E-10) 2.3E-03  4.4659223E-01     814     1    145 1.3E+09 5.1E+02 _  R
   4792  2653      1 1.0E+00   2655 (1.3E-10) 1.5E-03  4.4659218E-01     814          145 1.3E+09 5.1E+02 _s
   4793  2654      1 1.0E+00   2656 (1.3E-09) 2.1E-03  4.4659216E-01     814          145 1.3E+09 5.1E+02 _
   4794  2655      1 1.0E+00   2657 (1.2E-09) 1.4E-03  4.4659213E-01     814          145 1.3E+09 5.1E+02 _
   4795  2656      1 1.0E+00   2658 (4.0E-09) 2.2E-03  4.4659209E-01     814          145 1.2E+09 5.1E+02 _
   4796  2657      1 1.0E+00   2659 (7.7E-09) 3.9E-03  4.4659205E-01     814          145 1.2E+09 5.1E+02 _
   4797  2658      1 1.0E+00   2660 (2.0E-08) 5.1E-03  4.4659202E-01     814          145 1.2E+09 5.1E+02 _
   4798  2659      1 1.0E+00   2661 (7.4E-09) 1.2E-02  4.4659193E-01     814          145 1.2E+09 5.1E+02 _

   Itns Major Minors    Step   nCon Feasible  Optimal  MeritFunction     L+U BSwap     nS condZHZ Penalty
   4799  2660      1 1.0E+00   2662 (8.4E-08) 1.4E-02  4.4659184E-01     814          145 1.2E+09 5.1E+02 _
   4800  2661      1 1.0E+00   2663 (4.4E-07) 9.9E-03  4.4659153E-01     794     1    145 1.2E+09 5.1E+02 _
   4801  2662      1 1.0E+00   2664  1.6E-06  7.9E-03  4.4659108E-01     794          145 1.2E+09 5.1E+02 _
   4802  2663      1 1.0E+00   2665 (8.0E-07) 1.6E-02  4.4659104E-01     794          145 1.1E+09 5.1E+02 _  R
   4803  2664      1 4.5E-01   2666 (4.4E-07) 9.2E-03  4.4659090E-01     794          145 1.1E+09 5.1E+02 _s
   4804  2665      1 1.0E+00   2667 (1.3E-09) 4.9E-02  4.4659086E-01     794          145 1.1E+09 5.1E+02 _
   4805  2666      1 1.0E+00   2668 (7.8E-08) 8.4E-02  4.4659085E-01     794          145 1.0E+09 5.1E+02 _
   4806  2667      1 1.0E+00   2669 (1.3E-08) 7.0E-03  4.4659067E-01     794          145 1.0E+09 5.1E+02 _
   4807  2668      1 1.0E+00   2670 (2.0E-09) 2.4E-02  4.4659063E-01     794          145 9.9E+08 5.1E+02 _
   4808  2669      1 1.0E+00   2671 (1.2E-07) 9.5E-03  4.4659049E-01     794          145 9.7E+08 5.1E+02 _
   4809  2670      1 1.0E+00   2672 (3.0E-08) 1.0E-02  4.4659043E-01     797     2    145 9.7E+08 5.1E+02 _
   4810  2671      1 1.0E+00   2673 (4.2E-08) 4.7E-03  4.4659038E-01     797          145 9.8E+08 5.1E+02 _
   4811  2672      1 1.0E+00   2674 (2.1E-08) 5.9E-03  4.4659035E-01     797          145 9.8E+08 5.1E+02 _
   4812  2673      1 1.0E+00   2675 (8.2E-08) 1.2E-02  4.4659029E-01     797          145 9.8E+08 5.1E+02 _
   4813  2674      1 1.0E+00   2676 (6.7E-08) 8.8E-03  4.4659024E-01     797          145 9.2E+08 5.1E+02 _  R
   4814  2675      1 1.0E+00   2677 (1.4E-09) 5.8E-03  4.4659021E-01     797          145 9.1E+08 5.1E+02 _s
   4815  2676      1 1.0E+00   2678 (7.0E-09) 7.7E-03  4.4659018E-01     797          145 8.8E+08 5.1E+02 _
   4816  2677      1 1.0E+00   2679 (1.8E-09) 5.5E-03  4.4659015E-01     797          145 9.1E+08 5.1E+02 _
   4817  2678      1 1.0E+00   2680 (1.1E-08) 2.0E-03  4.4659012E-01     797          145 7.7E+08 5.1E+02 _
   4818  2679      1 1.0E+00   2681 (9.1E-08) 6.3E-03  4.4659005E-01     797          145 7.7E+08 5.1E+02 _

   Itns Major Minors    Step   nCon Feasible  Optimal  MeritFunction     L+U BSwap     nS condZHZ Penalty
   4819  2680      1 1.0E+00   2682 (1.2E-07) 1.1E-02  4.4659004E-01     796     1    145 7.7E+08 5.1E+02 _
   4820  2681      1 1.0E+00   2683 (1.4E-08) 5.6E-03  4.4659002E-01     796          145 7.7E+08 5.1E+02 _
   4821  2682      1 2.0E-01   2684 (1.3E-08) 4.9E-03  4.4659001E-01     796          145 7.7E+08 5.1E+02 _
   4822  2683      1 1.0E+00   2685 (2.8E-10) 5.8E-03  4.4658999E-01     796          145 7.7E+08 5.1E+02 _
   4823  2684      1 1.0E+00   2686 (6.2E-08) 8.0E-03  4.4658996E-01     796          145 7.7E+08 5.1E+02 _
   4824  2685      1 1.0E+00   2687 (2.8E-10) 3.5E-03  4.4658994E-01     796          145 7.7E+08 5.1E+02 _  R
   4825  2686      1 1.0E+00   2688 (1.3E-10) 1.9E-03  4.4658993E-01     796          145 7.7E+08 5.1E+02 _s
   4826  2687      1 1.0E+00   2689 (1.1E-09) 5.0E-03  4.4658991E-01     796          145 7.7E+08 5.1E+02 _
   4827  2688      1 1.0E+00   2690 (2.9E-09) 1.2E-02  4.4658990E-01     796          145 7.7E+08 5.1E+02 _
   4828  2689      1 1.0E+00   2691 (1.1E-09) 8.6E-03  4.4658990E-01     796          145 7.7E+08 5.1E+02 _
   4829  2690      1 4.4E-01   2692 (1.2E-09) 5.8E-03  4.4658988E-01     797     1    145 7.7E+08 5.1E+02 _
   4830  2691      1 1.0E+00   2693 (2.3E-10) 4.3E-03  4.4658987E-01     797          145 7.7E+08 5.1E+02 _
   4831  2692      1 1.0E+00   2694 (4.8E-10) 5.7E-03  4.4658986E-01     797          145 7.7E+08 5.1E+02 _
   4832  2693      1 1.0E+00   2695 (4.1E-09) 4.4E-03  4.4658984E-01     797          145 7.7E+08 5.1E+02 _
   4833  2694      1 1.0E+00   2696 (6.5E-09) 7.7E-03  4.4658981E-01     797          145 7.6E+08 5.1E+02 _
   4834  2695      1 1.0E+00   2697 (3.1E-09) 1.1E-02  4.4658980E-01     797          145 7.6E+08 5.1E+02 _
   4835  2696      1 1.0E+00   2698 (9.0E-10) 5.8E-03  4.4658979E-01     797          145 7.5E+08 5.1E+02 _  R
   4836  2697      1 1.0E+00   2699 (4.3E-10) 7.6E-03  4.4658978E-01     797          145 7.5E+08 5.1E+02 _s
   4837  2698      1 1.0E+00   2700 (1.4E-10) 2.5E-03  4.4658977E-01     797          145 7.4E+08 5.1E+02 _
   4838  2699      1 1.0E+00   2701 (1.2E-11) 9.0E-04  4.4658977E-01     796     1    145 7.4E+08 5.1E+02 _

   Itns Major Minors    Step   nCon Feasible  Optimal  MeritFunction     L+U BSwap     nS condZHZ Penalty
   4839  2700      1 1.0E+00   2702 (3.4E-11) 2.6E-03  4.4658976E-01     796          145 7.4E+08 5.1E+02 _
   4840  2701      1 1.0E+00   2703 (5.3E-10) 3.7E-03  4.4658975E-01     796          145 7.4E+08 5.1E+02 _
   4841  2702      1 1.0E+00   2704 (8.6E-11) 2.1E-03  4.4658974E-01     796          145 7.4E+08 5.1E+02 _
   4842  2703      1 1.0E+00   2705 (2.0E-10) 3.1E-03  4.4658973E-01     796          145 7.4E+08 5.1E+02 _
   4843  2704      1 1.0E+00   2706 (4.3E-09) 1.5E-03  4.4658972E-01     796          145 7.4E+08 5.1E+02 _
   4844  2705      1 1.0E+00   2707 (1.8E-10) 9.5E-04  4.4658971E-01     796          145 7.4E+08 5.1E+02 _
   4845  2706      1 1.0E+00   2708 (5.4E-11) 7.2E-04  4.4658971E-01     796          145 7.4E+08 5.1E+02 _
   4846  2707      1 1.0E+00   2709 (2.1E-10) 1.2E-03  4.4658970E-01     796          145 7.4E+08 5.1E+02 _  R
   4847  2708      1 1.0E+00   2710 (3.5E-11) 1.2E-03  4.4658970E-01     796          145 7.4E+08 5.1E+02 _s
   4848  2709      1 1.0E+00   2711 (3.7E-10) 2.4E-03  4.4658969E-01     796          145 7.4E+08 5.1E+02 _
   4849  2710      1 1.0E+00   2712 (3.6E-11) 2.8E-03  4.4658969E-01     796          145 7.4E+08 5.1E+02 _
   4850  2711      1 1.0E+00   2713 (9.0E-12) 1.3E-03  4.4658969E-01     796          145 7.3E+08 5.1E+02 _
   4851  2712      1 1.0E+00   2714 (3.2E-11) 2.7E-03  4.4658968E-01     796          145 7.3E+08 5.1E+02 _
   4853  2713      2 1.0E+00   2715 (1.6E-10) 3.3E-03  4.4658968E-01     823          144 7.3E+08 5.1E+02 _
   4854  2714      1 1.0E+00   2716 (1.0E-09) 5.3E-03  4.4658967E-01     844     1    144 7.3E+08 5.1E+02 _
   4855  2715      1 1.0E+00   2717 (8.7E-11) 3.1E-03  4.4658966E-01     844          144 7.3E+08 5.1E+02 _
   4856  2716      1 1.0E+00   2718 (8.6E-11) 3.0E-03  4.4658966E-01     844          144 7.3E+08 5.1E+02 _
   4857  2717      1 1.0E+00   2719 (5.2E-11) 2.6E-03  4.4658965E-01     844          144 7.3E+08 5.1E+02 _
   4858  2718      1 1.0E+00   2720 (1.0E-10) 4.9E-03  4.4658965E-01     844          144 7.2E+08 5.1E+02 _  R
   4859  2719      1 1.0E+00   2721 (1.5E-10) 3.9E-03  4.4658965E-01     844          144 7.1E+08 5.1E+02 _s

   Itns Major Minors    Step   nCon Feasible  Optimal  MeritFunction     L+U BSwap     nS condZHZ Penalty
   4860  2720      1 1.0E+00   2722 (3.3E-11) 5.9E-04  4.4658964E-01     844          144 7.1E+08 5.1E+02 _
   4861  2721      1 1.0E+00   2723 (1.9E-12) 3.6E-04  4.4658964E-01     844          144 7.1E+08 5.1E+02 _
   4862  2722      1 1.0E+00   2724 (2.0E-11) 1.5E-03  4.4658964E-01     844          144 7.1E+08 5.1E+02 _
   4863  2723      1 1.0E+00   2725 (5.8E-11) 1.9E-03  4.4658963E-01     847     1    144 7.1E+08 5.1E+02 _
   4864  2724      1 1.0E+00   2726 (1.6E-10) 1.9E-03  4.4658963E-01     847          144 7.1E+08 5.1E+02 _
   4865  2725      1 4.5E-01   2727 (3.0E-10) 2.2E-03  4.4658962E-01     847          144 7.1E+08 5.1E+02 _
   4866  2726      1 3.7E-02   2728 (2.9E-10) 2.2E-03  4.4658962E-01     847          144 7.1E+08 5.1E+02 _
   4867  2727      1 2.2E-02   2729 (2.9E-10) 2.1E-03  4.4658962E-01     847          144 7.1E+08 5.1E+02 _
   4868  2728      1 2.3E-02   2730 (3.0E-10) 2.1E-03  4.4658961E-01     847          144 7.1E+08 5.1E+02 _
   4869  2729      1 2.9E-02   2731 (2.9E-10) 2.1E-03  4.4658961E-01     847          144 7.1E+08 5.1E+02 _  R
   4870  2730      1 1.0E+00   2732 (5.1E-11) 1.4E-03  4.4658960E-01     847          144 7.1E+08 5.1E+02 _s
   4871  2731      1 1.0E+00   2733 (1.7E-11) 8.6E-04  4.4658960E-01     847          144 7.1E+08 5.1E+02 _
   4872  2732      1 1.0E+00   2734 (1.4E-11) 6.1E-04  4.4658960E-01     844     1    144 7.1E+08 5.1E+02 _
   4873  2733      1 1.0E+00   2735 (1.1E-11) 1.0E-03  4.4658960E-01     844          144 7.1E+08 5.1E+02 _
   4874  2734      1 1.0E+00   2736 (1.1E-11) 1.3E-03  4.4658960E-01     844          144 7.1E+08 5.1E+02 _
   4875  2735      1 1.0E+00   2737 (8.0E-12) 8.6E-04  4.4658960E-01     844          144 7.1E+08 5.1E+02 _
   4876  2736      1 1.0E+00   2738 (4.1E-11) 1.6E-03  4.4658959E-01     844          144 7.1E+08 5.1E+02 _
   4877  2737      1 5.3E-02   2739 (3.9E-11) 2.3E-03  4.4658959E-01     844          144 7.1E+08 5.1E+02 _
   4878  2738      1 3.9E-02   2740 (4.0E-11) 2.7E-03  4.4658959E-01     844          144 7.1E+08 5.1E+02 _
   4879  2739      1 3.8E-02   2741 (4.1E-11) 1.8E-03  4.4658959E-01     844          144 7.1E+08 5.1E+02 _

   Itns Major Minors    Step   nCon Feasible  Optimal  MeritFunction     L+U BSwap     nS condZHZ Penalty
   4880  2740      1 5.9E-02   2742 (3.9E-11) 1.8E-03  4.4658959E-01     844          144 7.1E+08 5.1E+02 _  R
   4881  2741      1 1.0E+00   2743 (2.1E-11) 1.3E-03  4.4658958E-01     844          144 7.0E+08 5.1E+02 _s
   4882  2742      1 1.0E+00   2744 (5.9E-12) 1.0E-03  4.4658958E-01     847     1    144 7.1E+08 5.1E+02 _
   4883  2743      1 1.0E+00   2745 (3.6E-11) 2.0E-03  4.4658958E-01     847          144 7.0E+08 5.1E+02 _
   4884  2744      1 1.0E+00   2746 (9.0E-12) 1.2E-03  4.4658958E-01     847          144 7.1E+08 5.1E+02 _
   4885  2745      1 1.0E+00   2747 (1.5E-11) 1.0E-03  4.4658958E-01     847          144 7.0E+08 5.1E+02 _
   4886  2746      1 1.0E+00   2748 (1.1E-11) 1.6E-03  4.4658958E-01     847          144 7.0E+08 5.1E+02 _
   4887  2747      1 4.4E-01   2749 (5.7E-11) 1.6E-03  4.4658957E-01     847          144 7.0E+08 5.1E+02 _
   4888  2748      1 1.0E+00   2750 (6.5E-11) 2.4E-03  4.4658957E-01     847          144 7.0E+08 5.1E+02 _
   4889  2749      1 1.0E+00   2751 (2.8E-09) 8.9E-03  4.4658954E-01     847          144 7.0E+08 5.1E+02 _
   4890  2750      1 1.0E+00   2752 (1.8E-09) 1.5E-02  4.4658950E-01     847          144 7.0E+08 5.1E+02 _
   4891  2751      1 2.8E-01   2753 (1.8E-08) 7.9E-03  4.4658939E-01     847          144 6.8E+08 5.1E+02 _  R
   4892  2752      1 1.0E+00   2754 (1.2E-10) 3.7E-03  4.4658937E-01     844     1    144 6.8E+08 5.1E+02 _s
   4893  2753      1 1.0E+00   2755 (4.4E-10) 6.6E-03  4.4658935E-01     844          144 6.8E+08 5.1E+02 _
   4894  2754      1 1.0E+00   2756 (3.1E-10) 6.4E-03  4.4658935E-01     844          144 6.8E+08 5.1E+02 _
   4895  2755      1 4.2E-01   2757 (2.1E-10) 6.0E-03  4.4658934E-01     844          144 6.8E+08 5.1E+02 _
   4896  2756      1 1.0E+00   2758 (2.2E-10) 8.6E-03  4.4658933E-01     844          144 6.8E+08 5.1E+02 _
   4898  2757      2 1.0E+00   2759 (2.1E-10) 1.3E-02  4.4658932E-01     844          144 6.8E+08 5.1E+02 _
   4899  2758      1 1.0E+00   2760 (7.2E-10) 8.4E-03  4.4658929E-01     844          144 6.7E+08 5.1E+02 _
   4900  2759      1 1.0E+00   2761 (2.6E-09) 8.6E-03  4.4658926E-01     844          144 6.7E+08 5.1E+02 _

   Itns Major Minors    Step   nCon Feasible  Optimal  MeritFunction     L+U BSwap     nS condZHZ Penalty
   4901  2760      1 1.0E+00   2762 (7.2E-09) 1.1E-02  4.4658917E-01     844          144 6.7E+08 5.1E+02 _
   4902  2761      1 2.7E-02   2763 (7.1E-09) 1.1E-02  4.4658917E-01     844          144 6.7E+08 5.1E+02 _
   4904  2762      2 1.3E-01   2764 (6.2E-09) 9.5E-03  4.4658916E-01     847     1    144 6.5E+08 5.1E+02 _  R
   4905  2763      1 1.0E+00   2765 (6.4E-10) 4.6E-03  4.4658912E-01     847          144 6.5E+08 5.1E+02 _s
   4906  2764      1 1.0E+00   2766 (8.1E-10) 1.5E-02  4.4658910E-01     847          144 6.4E+08 5.1E+02 _
   4907  2765      1 1.0E+00   2767 (9.9E-10) 9.0E-03  4.4658904E-01     847          144 6.3E+08 5.1E+02 _
   4908  2766      1 3.9E-01   2768 (1.0E-09) 6.5E-03  4.4658897E-01     847          144 6.2E+08 5.1E+02 _
   4909  2767      1 3.4E-01   2769 (7.6E-10) 1.4E-02  4.4658892E-01     847          144 6.1E+08 5.1E+02 _
   4910  2768      1 1.0E+00   2770 (7.6E-09) 7.5E-02  4.4658884E-01     847          144 6.1E+08 5.1E+02 _
   4911  2769      1 1.0E+00   2771 (2.0E-09) 7.3E-03  4.4658866E-01     847          144 6.1E+08 5.1E+02 _
   4912  2770      1 1.0E+00   2772 (4.3E-09) 8.2E-03  4.4658846E-01     847          144 5.9E+08 5.1E+02 _
   4913  2771      1 1.0E+00   2773 (1.3E-07) 2.4E-02  4.4658799E-01     844     1    144 5.9E+08 5.1E+02 _
   4914  2772      1 1.0E+00   2774 (8.1E-09) 3.6E-02  4.4658789E-01     844          144 5.8E+08 5.1E+02 _
   4915  2773      1 1.0E+00   2775 (8.7E-09) 2.8E-02  4.4658786E-01     844          144 5.7E+08 5.1E+02 _  R
   4916  2774      1 4.9E-01   2776 (5.3E-09) 6.3E-03  4.4658774E-01     844          144 5.7E+08 5.1E+02 _s
   4917  2775      1 1.0E+00   2777 (9.0E-10) 5.5E-03  4.4658771E-01     844          144 5.7E+08 5.1E+02 _
   4918  2776      1 1.0E+00   2778 (3.0E-09) 9.3E-03  4.4658765E-01     844          144 5.7E+08 5.1E+02 _
   4919  2777      1 4.9E-02   2779 (2.8E-09) 9.7E-03  4.4658765E-01     844          144 5.7E+08 5.1E+02 _
   4920  2778      1 3.4E-02   2780 (2.8E-09) 1.0E-02  4.4658764E-01     844          144 5.7E+08 5.1E+02 _
   4921  2779      1 3.3E-02   2781 (2.7E-09) 1.0E-02  4.4658764E-01     844          144 5.7E+08 5.1E+02 _

   Itns Major Minors    Step   nCon Feasible  Optimal  MeritFunction     L+U BSwap     nS condZHZ Penalty
   4922  2780      1 4.3E-02   2782 (2.6E-09) 9.9E-03  4.4658763E-01     844          144 5.7E+08 5.1E+02 _
   4923  2781      1 3.4E-02   2783 (2.5E-09) 9.7E-03  4.4658762E-01     847     1    144 5.7E+08 5.1E+02 _
   4924  2782      1 6.4E-02   2784 (2.4E-09) 9.2E-03  4.4658762E-01     847          144 5.7E+08 5.1E+02 _
   4925  2783      1 1.0E-01   2785 (2.2E-09) 8.4E-03  4.4658761E-01     847          144 5.7E+08 5.1E+02 _
   4926  2784      1 4.6E-01   2786 (1.4E-09) 4.9E-03  4.4658759E-01     847          144 5.7E+08 5.1E+02 _  R
   4927  2785      1 1.0E+00   2787 (4.0E-11) 5.3E-03  4.4658759E-01     847          144 5.7E+08 5.1E+02 _s
   4928  2786      1 1.0E+00   2788 (1.9E-10) 4.5E-03  4.4658759E-01     847          144 5.7E+08 5.1E+02 _
   4929  2787      1 1.0E+00   2789 (5.2E-11) 4.2E-03  4.4658758E-01     847          144 5.7E+08 5.1E+02 _
   4930  2788      1 1.0E+00   2790 (3.9E-11) 2.4E-03  4.4658758E-01     847          144 5.7E+08 5.1E+02 _
   4931  2789      1 1.0E+00   2791 (1.4E-10) 2.3E-03  4.4658757E-01     847          144 5.7E+08 5.1E+02 _
   4932  2790      1 1.0E+00   2792 (8.2E-11) 2.4E-03  4.4658757E-01     847          144 5.7E+08 5.1E+02 _
   4933  2791      1 1.0E+00   2793 (8.0E-11) 1.6E-03  4.4658757E-01     844     1    144 5.8E+08 5.1E+02 _
   4934  2792      1 1.0E+00   2794 (5.9E-11) 2.2E-03  4.4658756E-01     844          144 5.8E+08 5.1E+02 _
   4935  2793      1 1.0E+00   2795 (1.3E-10) 3.5E-03  4.4658756E-01     844          144 5.8E+08 5.1E+02 _
   4936  2794      1 1.0E+00   2796 (8.4E-10) 4.2E-03  4.4658755E-01     844          144 5.8E+08 5.1E+02 _
   4937  2795      1 1.0E+00   2797 (1.4E-10) 2.0E-03  4.4658754E-01     844          144 5.8E+08 5.1E+02 _  R
   4938  2796      1 1.0E+00   2798 (4.7E-12) 8.7E-04  4.4658754E-01     844          144 5.7E+08 5.1E+02 _s
   4939  2797      1 1.0E+00   2799 (1.3E-11) 1.3E-03  4.4658754E-01     844          144 5.8E+08 5.1E+02 _
   4940  2798      1 1.0E+00   2800 (3.1E-11) 2.0E-03  4.4658754E-01     844          144 5.8E+08 5.1E+02 _
   4941  2799      1 1.0E+00   2801 (2.4E-11) 1.4E-03  4.4658754E-01     844          144 5.7E+08 5.1E+02 _

   Itns Major Minors    Step   nCon Feasible  Optimal  MeritFunction     L+U BSwap     nS condZHZ Penalty
   4942  2800      1 1.0E+00   2802 (1.6E-11) 1.2E-03  4.4658754E-01     847     1    144 5.8E+08 5.1E+02 _
   4943  2801      1 1.0E+00   2803 (2.3E-10) 2.7E-03  4.4658753E-01     847          144 5.8E+08 5.1E+02 _
   4944  2802      1 1.0E+00   2804 (7.8E-11) 3.8E-03  4.4658753E-01     847          144 5.8E+08 5.1E+02 _
   4945  2803      1 1.0E+00   2805 (2.6E-11) 2.0E-03  4.4658752E-01     847          144 5.8E+08 5.1E+02 _
   4946  2804      1 4.7E-02   2806 (2.5E-11) 1.9E-03  4.4658752E-01     847          144 5.8E+08 5.1E+02 _
   4947  2805      1 3.6E-02   2807 (2.2E-11) 1.7E-03  4.4658752E-01     847          144 5.8E+08 5.1E+02 _
   4948  2806      1 2.8E-02   2808 (1.9E-11) 1.6E-03  4.4658752E-01     847          144 5.9E+08 5.1E+02 _  R
   4949  2807      1 1.0E+00   2809 (8.8E-12) 7.5E-04  4.4658752E-01     847          144 5.9E+08 5.1E+02 _s
   4950  2808      1 1.0E+00   2810 (8.5E-12) 4.3E-04  4.4658752E-01     847          144 5.9E+08 5.1E+02 _
   4951  2809      1 1.0E+00   2811 (4.9E-12) 4.8E-04  4.4658752E-01     844     1    144 6.3E+08 5.1E+02 _
   4952  2810      1 7.5E-02   2812 (4.8E-12) 5.0E-04  4.4658752E-01     844          144 6.3E+08 5.1E+02 _
   4953  2811      1 4.9E-02   2813 (4.8E-12) 5.2E-04  4.4658752E-01     844          144 6.3E+08 5.1E+02 _
   4954  2812      1 4.5E-02   2814 (4.9E-12) 5.2E-04  4.4658752E-01     844          144 6.3E+08 5.1E+02 _
   4955  2813      1 5.0E-02   2815 (4.9E-12) 5.1E-04  4.4658752E-01     844          144 6.3E+08 5.1E+02 _
   4956  2814      1 6.4E-02   2816 (5.1E-12) 4.8E-04  4.4658752E-01     844          144 6.3E+08 5.1E+02 _
   4957  2815      1 9.6E-02   2817 (5.4E-12) 4.3E-04  4.4658752E-01     844          144 6.3E+08 5.1E+02 _
   4958  2816      1 1.4E-01   2818 (6.5E-12) 3.6E-04  4.4658752E-01     844          144 6.3E+08 5.1E+02 _
   4959  2817      1 1.7E-01   2819 (1.0E-11) 3.8E-04  4.4658752E-01     844          144 6.3E+08 5.1E+02 _  R
   4960  2818      1 1.0E+00   2820 (5.9E-13) 3.6E-04  4.4658752E-01     847     1    144 5.8E+08 5.1E+02 _s
   4961  2819      1 1.0E+00   2821 (8.4E-12) 5.0E-04  4.4658752E-01     847          144 5.8E+08 5.1E+02 _

   Itns Major Minors    Step   nCon Feasible  Optimal  MeritFunction     L+U BSwap     nS condZHZ Penalty
   4962  2820      1 1.0E+00   2822 (4.5E-11) 9.1E-04  4.4658751E-01     847          144 5.8E+08 5.1E+02 _
   4963  2821      1 3.1E-01   2823 (6.4E-11) 9.1E-04  4.4658751E-01     847          144 5.8E+08 5.1E+02 _
   4964  2822      1 1.0E+00   2824 (1.3E-10) 1.4E-03  4.4658751E-01     847          144 5.8E+08 5.1E+02 _
   4965  2823      1 1.0E+00   2825 (6.8E-11) 2.0E-03  4.4658751E-01     847          144 5.8E+08 5.1E+02 _
   4966  2824      1 1.0E+00   2826 (1.6E-10) 1.5E-03  4.4658750E-01     847          144 5.8E+08 5.1E+02 _
   4967  2825      1 1.0E+00   2827 (1.2E-10) 1.8E-03  4.4658750E-01     847          144 5.8E+08 5.1E+02 _
   4968  2826      1 1.0E+00   2828 (5.0E-09) 4.2E-03  4.4658748E-01     847          144 5.8E+08 5.1E+02 _
   4969  2827      1 1.0E+00   2829 (3.3E-08) 9.9E-03  4.4658744E-01     844     1    144 5.8E+08 5.1E+02 _
   4970  2828      1 1.0E-01   2830 (3.0E-08) 9.8E-03  4.4658744E-01     844          144 5.9E+08 5.1E+02 _  R
   4971  2829      1 1.0E+00   2831 (2.3E-10) 8.5E-03  4.4658742E-01     844          144 5.9E+08 5.1E+02 _s
   4972  2830      1 1.0E+00   2832 (1.3E-10) 4.0E-03  4.4658741E-01     844          144 5.9E+08 5.1E+02 _
   4973  2831      1 1.0E+00   2833 (9.0E-11) 2.2E-03  4.4658741E-01     844          144 5.9E+08 5.1E+02 _
   4974  2832      1 1.0E+00   2834 (7.0E-11) 3.3E-03  4.4658740E-01     844          144 5.9E+08 5.1E+02 _
   4975  2833      1 1.0E+00   2835 (1.2E-10) 1.5E-03  4.4658740E-01     844          144 5.9E+08 5.1E+02 _
   4976  2834      1 1.0E+00   2836 (1.8E-10) 3.0E-03  4.4658739E-01     844          144 5.9E+08 5.1E+02 _
   4977  2835      1 1.0E+00   2837 (1.5E-09) 2.2E-03  4.4658739E-01     844          144 5.9E+08 5.1E+02 _
   4978  2836      1 4.9E-01   2838 (1.3E-09) 1.9E-03  4.4658738E-01     847     1    144 5.9E+08 5.1E+02 _
   4979  2837      1 4.7E-01   2839 (8.6E-10) 1.9E-03  4.4658738E-01     847          144 5.9E+08 5.1E+02 _
   4980  2838      1 1.0E+00   2840 (3.1E-11) 1.8E-03  4.4658738E-01     847          144 5.9E+08 5.1E+02 _
   4981  2839      1 1.0E+00   2841 (1.5E-10) 1.7E-03  4.4658738E-01     847          144 6.1E+08 5.1E+02 _  R

   Itns Major Minors    Step   nCon Feasible  Optimal  MeritFunction     L+U BSwap     nS condZHZ Penalty
   4982  2840      1 1.0E+00   2842 (9.2E-12) 1.3E-03  4.4658738E-01     847          144 6.2E+08 5.1E+02 _s
   4983  2841      1 1.0E+00   2843 (1.5E-11) 1.2E-03  4.4658738E-01     847          144 6.2E+08 5.1E+02 _
   4984  2842      1 1.0E+00   2844 (2.7E-10) 1.4E-03  4.4658737E-01     847          144 6.2E+08 5.1E+02 _
   4985  2843      1 1.0E+00   2845 (1.5E-10) 1.5E-03  4.4658737E-01     847          144 6.2E+08 5.1E+02 _
   4986  2844      1 1.0E+00   2846 (3.4E-10) 1.8E-03  4.4658737E-01     847          144 6.2E+08 5.1E+02 _
   4987  2845      1 1.0E+00   2847 (2.6E-10) 2.1E-03  4.4658736E-01     844     1    144 6.2E+08 5.1E+02 _
   4988  2846      1 1.0E+00   2848 (5.5E-11) 3.2E-03  4.4658736E-01     844          144 6.2E+08 5.1E+02 _
   4989  2847      1 1.0E+00   2849 (5.2E-11) 2.3E-03  4.4658736E-01     844          144 6.3E+08 5.1E+02 _
   4990  2848      1 1.0E+00   2850 (2.7E-09) 2.6E-03  4.4658734E-01     844          144 6.3E+08 5.1E+02 _
   4991  2849      1 4.8E-02   2851 (2.6E-09) 2.6E-03  4.4658733E-01     844          144 6.3E+08 5.1E+02 _
   4992  2850      1 3.0E-02   2852 (2.6E-09) 2.7E-03  4.4658733E-01     844          144 6.4E+08 5.1E+02 _  R
   4994  2851      2 1.0E+00   2853 (1.2E-10) 2.0E-03  4.4658732E-01     844          145 6.5E+08 5.1E+02 _s
   4995  2852      1 1.0E+00   2854 (7.5E-10) 2.8E-03  4.4658731E-01     844          145 6.4E+08 5.1E+02 _
   4998  2853      3 1.0E+00   2855 (1.8E-10) 2.7E-03  4.4658731E-01     844          144 6.4E+08 5.1E+02 _
   4999  2854      1 1.0E+00   2856 (1.3E-10) 2.2E-03  4.4658731E-01     847     1    144 6.3E+08 5.1E+02 _
   5000  2855      1 1.0E+00   2857 (1.4E-10) 1.9E-03  4.4658730E-01     847          144 6.3E+08 5.1E+02 _
   5001  2856      1 1.0E+00   2858 (3.7E-10) 1.5E-03  4.4658730E-01     847          144 6.3E+08 5.1E+02 _
   5002  2857      1 1.0E+00   2859 (1.5E-09) 1.8E-03  4.4658730E-01     847          144 6.2E+08 5.1E+02 _
   5003  2858      1 1.0E+00   2860 (1.1E-09) 2.5E-03  4.4658729E-01     847          144 6.1E+08 5.1E+02 _
   5005  2859      2 1.0E+00   2861 (2.7E-11) 2.2E-03  4.4658729E-01     847          145 6.1E+08 5.1E+02 _

   Itns Major Minors    Step   nCon Feasible  Optimal  MeritFunction     L+U BSwap     nS condZHZ Penalty
   5006  2860      1 8.5E-02   2862 (3.2E-11) 2.0E-03  4.4658729E-01     847          145 6.0E+08 5.1E+02 _
   5007  2861      1 4.3E-02   2863 (3.5E-11) 1.8E-03  4.4658728E-01     847          145 6.1E+08 5.1E+02 _  R
   5008  2862      1 1.0E+00   2864 (5.4E-11) 3.2E-03  4.4658728E-01     847          145 6.2E+08 5.1E+02 _s
   5011  2863      3 1.0E+00   2865 (3.2E-11) 1.3E-03  4.4658728E-01     836     1    144 6.1E+08 5.1E+02 _
   5012  2864      1 1.0E+00   2866 (4.3E-10) 3.3E-03  4.4658728E-01     847          144 6.1E+08 5.1E+02 _
   5013  2865      1 1.0E+00   2867 (3.2E-10) 2.5E-03  4.4658728E-01     847          144 6.1E+08 5.1E+02 _
   5015  2866      2 1.0E+00   2868 (2.3E-11) 9.1E-04  4.4658727E-01     847          145 6.2E+08 5.1E+02 _
   5016  2867      1 1.0E+00   2869 (2.9E-10) 6.3E-04  4.4658727E-01     847          145 6.1E+08 5.1E+02 _
   5017  2868      1 1.0E+00   2870 (9.2E-09) 1.9E-03  4.4658726E-01     847          145 6.1E+08 5.1E+02 _
   5018  2869      1 1.0E+00   2871 (2.2E-11) 1.8E-03  4.4658726E-01     815     1    145 6.1E+08 5.1E+02 _
   5019  2870      1 1.0E+00   2872 (3.7E-11) 2.9E-03  4.4658725E-01     815          145 6.1E+08 5.1E+02 _
   5022  2871      3 1.0E+00   2873 (2.8E-09) 5.6E-03  4.4658723E-01     836          144 6.1E+08 5.1E+02 _
   5023  2872      1 1.0E+00   2874 (1.7E-09) 5.2E-03  4.4658722E-01     847          144 6.0E+08 5.1E+02 _  R
   5024  2873      1 1.0E+00   2875 (3.0E-10) 2.7E-03  4.4658721E-01     847          144 6.0E+08 5.1E+02 _s
   5025  2874      1 1.0E+00   2876 (2.5E-09) 7.6E-03  4.4658719E-01     847          144 6.0E+08 5.1E+02 _
   5026  2875      1 1.0E+00   2877 (9.2E-10) 2.3E-03  4.4658718E-01     844     1    144 6.0E+08 5.1E+02 _
   5027  2876      1 1.0E+00   2878 (1.1E-09) 5.2E-03  4.4658717E-01     844          144 6.0E+08 5.1E+02 _
   5028  2877      1 1.0E+00   2879 (6.5E-09) 3.0E-03  4.4658716E-01     844          144 6.0E+08 5.1E+02 _
   5029  2878      1 1.0E+00   2880 (7.4E-09) 2.6E-03  4.4658715E-01     844          144 5.8E+08 5.1E+02 _
   5030  2879      1 1.0E+00   2881 (2.9E-09) 3.6E-03  4.4658714E-01     844          144 5.7E+08 5.1E+02 _

   Itns Major Minors    Step   nCon Feasible  Optimal  MeritFunction     L+U BSwap     nS condZHZ Penalty
   5031  2880      1 1.0E+00   2882 (6.4E-10) 2.9E-03  4.4658713E-01     844          144 5.7E+08 5.1E+02 _
   5032  2881      1 1.0E+00   2883 (1.8E-09) 2.9E-03  4.4658710E-01     844          144 5.6E+08 5.1E+02 _
   5034  2882      2 1.0E+00   2884 (2.6E-09) 3.3E-03  4.4658706E-01     844          145 5.6E+08 5.1E+02 _
   5035  2883      1 1.0E+00   2885 (1.9E-08) 6.0E-03  4.4658697E-01     844          145 5.6E+08 5.1E+02 _  R
   5036  2884      1 1.0E+00   2886 (1.6E-09) 5.8E-03  4.4658691E-01     815     1    145 5.6E+08 5.1E+02 _s
   5039  2885      3 1.0E+00   2887 (1.4E-08) 8.5E-03  4.4658682E-01     836          144 5.9E+08 5.1E+02 _
   5040  2886      1 1.0E+00   2888 (3.2E-08) 2.5E-02  4.4658678E-01     847          144 6.5E+08 5.1E+02 _
   5042  2887      2 1.0E+00   2889 (1.2E-08) 7.0E-03  4.4658667E-01     847          145 6.6E+08 5.1E+02 _
   5044  2888      2 1.0E+00   2890 (2.3E-08) 8.7E-03  4.4658658E-01     847          144 6.5E+08 5.1E+02 _
   5046  2889      2 4.3E-01   2891 (1.7E-08) 1.0E-02  4.4658653E-01     847          145 6.5E+08 5.1E+02 _
   5048  2890      2 1.0E+00   2892 (4.0E-09) 1.9E-02  4.4658643E-01     836     1    144 5.6E+08 5.1E+02 _
   5049  2891      1 3.0E-01   2893 (4.2E-09) 1.1E-02  4.4658637E-01     847          144 5.6E+08 5.1E+02 _
   5050  2892      1 2.4E-01   2894 (4.1E-09) 1.1E-02  4.4658631E-01     847          144 5.6E+08 5.1E+02 _
   5051  2893      1 7.4E-02   2895 (5.0E-09) 1.1E-02  4.4658624E-01     847          144 5.6E+08 5.1E+02 _
   5052  2894      1 1.0E+00   2896 (2.6E-08) 2.4E-02  4.4658614E-01     847          144 5.9E+08 5.1E+02 _  R
   5053  2895      1 1.0E+00   2897 (9.9E-09) 1.9E-02  4.4658600E-01     847          144 5.9E+08 5.1E+02 _s
   5055  2896      2 1.0E+00   2898 (4.5E-09) 5.9E-03  4.4658582E-01     844     1    145 6.0E+08 5.1E+02 _
   5056  2897      1 1.0E+00   2899 (1.9E-08) 8.1E-03  4.4658564E-01     844          145 5.9E+08 5.1E+02 _
   5058  2898      2 1.0E+00   2900 (1.6E-08) 1.5E-02  4.4658554E-01     844          144 5.8E+08 5.1E+02 _
   5059  2899      1 1.0E+00   2901 (1.4E-09) 8.8E-03  4.4658546E-01     844          144 5.5E+08 5.1E+02 _

   Itns Major Minors    Step   nCon Feasible  Optimal  MeritFunction     L+U BSwap     nS condZHZ Penalty
   5060  2900      1 1.0E+00   2902 (2.8E-09) 7.4E-03  4.4658541E-01     844          144 5.5E+08 5.1E+02 _
   5061  2901      1 1.0E+00   2903 (1.7E-09) 4.1E-03  4.4658539E-01     844          144 5.4E+08 5.1E+02 _
   5062  2902      1 1.0E+00   2904 (3.5E-10) 3.8E-03  4.4658538E-01     844          144 5.4E+08 5.1E+02 _
   5063  2903      1 1.0E+00   2905 (2.7E-10) 2.6E-03  4.4658537E-01     844          144 5.4E+08 5.1E+02 _
   5064  2904      1 1.0E+00   2906 (7.6E-10) 2.5E-03  4.4658536E-01     844          144 5.1E+08 5.1E+02 _
   5065  2905      1 1.0E+00   2907 (3.2E-10) 3.9E-03  4.4658536E-01     844          144 5.0E+08 5.1E+02 _  R
   5066  2906      1 1.0E+00   2908 (1.3E-10) 2.6E-03  4.4658535E-01     847     1    144 5.0E+08 5.1E+02 _s
   5067  2907      1 1.0E+00   2909 (5.8E-10) 3.8E-03  4.4658534E-01     847          144 5.0E+08 5.1E+02 _
   5068  2908      1 1.0E+00   2910 (8.7E-10) 1.6E-03  4.4658533E-01     847          144 5.0E+08 5.1E+02 _
   5069  2909      1 1.0E+00   2911 (4.0E-10) 3.2E-03  4.4658532E-01     847          144 4.9E+08 5.1E+02 _
   5070  2910      1 1.0E+00   2912 (2.8E-10) 3.4E-03  4.4658532E-01     847          144 4.9E+08 5.1E+02 _
   5071  2911      1 1.0E+00   2913 (4.3E-10) 1.9E-03  4.4658531E-01     847          144 4.9E+08 5.1E+02 _
   5072  2912      1 1.0E+00   2914 (1.2E-10) 9.5E-04  4.4658531E-01     847          144 4.9E+08 5.1E+02 _
   5073  2913      1 1.0E+00   2915 (4.3E-11) 2.9E-03  4.4658531E-01     847          144 4.9E+08 5.1E+02 _
   5074  2914      1 1.0E+00   2916 (2.2E-10) 3.0E-03  4.4658531E-01     847          144 4.9E+08 5.1E+02 _
   5075  2915      1 1.0E+00   2917 (7.4E-11) 1.3E-03  4.4658531E-01     844     1    144 4.9E+08 5.1E+02 _
   5076  2916      1 1.0E+00   2918 (2.0E-10) 1.5E-03  4.4658530E-01     844          144 4.8E+08 5.1E+02 _  R
   5077  2917      1 1.0E+00   2919 (4.7E-11) 1.4E-03  4.4658530E-01     844          144 4.8E+08 5.1E+02 _s
   5078  2918      1 1.0E+00   2920 (1.3E-11) 1.0E-03  4.4658530E-01     844          144 5.0E+08 5.1E+02 _
   5079  2919      1 1.0E+00   2921 (4.2E-11) 8.2E-04  4.4658530E-01     844          144 5.2E+08 5.1E+02 _

   Itns Major Minors    Step   nCon Feasible  Optimal  MeritFunction     L+U BSwap     nS condZHZ Penalty
   5080  2920      1 1.0E+00   2922 (3.9E-11) 1.9E-03  4.4658530E-01     844          144 5.3E+08 5.1E+02 _
   5081  2921      1 1.0E+00   2923 (5.2E-11) 1.5E-03  4.4658530E-01     844          144 5.3E+08 5.1E+02 _
   5082  2922      1 1.0E+00   2924 (1.4E-11) 1.3E-03  4.4658530E-01     844          144 6.9E+08 5.1E+02 _
   5083  2923      1 1.0E+00   2925 (1.4E-11) 2.1E-03  4.4658530E-01     844          144 7.1E+08 5.1E+02 _
   5084  2924      1 1.0E+00   2926 (9.5E-11) 3.0E-03  4.4658529E-01     847     1    144 7.0E+08 5.1E+02 _
   5085  2925      1 1.0E+00   2927 (3.1E-10) 5.0E-03  4.4658529E-01     847          144 6.9E+08 5.1E+02 _
   5086  2926      1 1.4E-01   2928 (2.7E-10) 4.5E-03  4.4658529E-01     847          144 6.5E+08 5.1E+02 _
   5087  2927      1 2.3E-02   2929 (2.6E-10) 4.0E-03  4.4658529E-01     847          144 6.3E+08 5.1E+02 _  R
   5088  2928      1 1.0E+00   2930 (1.0E-10) 5.3E-03  4.4658528E-01     847          144 6.4E+08 5.1E+02 _s
   5089  2929      1 1.0E+00   2931 (3.9E-11) 2.3E-03  4.4658528E-01     847          144 6.3E+08 5.1E+02 _
   5090  2930      1 1.0E+00   2932 (3.8E-11) 7.5E-04  4.4658528E-01     847          144 6.3E+08 5.1E+02 _
   5091  2931      1 1.0E+00   2933 (1.6E-11) 6.6E-04  4.4658528E-01     847          144 6.3E+08 5.1E+02 _
   5092  2932      1 1.0E+00   2934 (6.0E-11) 7.5E-04  4.4658528E-01     847          144 6.3E+08 5.1E+02 _
   5093  2933      1 1.0E+00   2935 (2.5E-12) 6.8E-04  4.4658528E-01     844     1    144 6.8E+08 5.1E+02 _
   5094  2934      1 1.0E+00   2936 (5.1E-11) 6.6E-04  4.4658527E-01     844          144 6.8E+08 5.1E+02 _
   5095  2935      1 1.0E+00   2937 (2.1E-10) 6.9E-04  4.4658527E-01     844          144 6.8E+08 5.1E+02 _
   5096  2936      1 1.0E+00   2938 (4.5E-10) 7.7E-04  4.4658527E-01     844          144 6.8E+08 5.1E+02 _
   5097  2937      1 1.0E+00   2939 (9.6E-10) 1.3E-03  4.4658527E-01     844          144 6.8E+08 5.1E+02 _
   5098  2938      1 1.0E+00   2940 (1.8E-09) 1.6E-03  4.4658527E-01     844          144 6.8E+08 5.1E+02 _  R
   5099  2939      1 1.0E+00   2941 (1.4E-11) 1.3E-03  4.4658526E-01     844          144 6.8E+08 5.1E+02 _s

   Itns Major Minors    Step   nCon Feasible  Optimal  MeritFunction     L+U BSwap     nS condZHZ Penalty
   5100  2940      1 1.0E+00   2942 (7.6E-10) 2.9E-03  4.4658526E-01     844          144 6.8E+08 5.1E+02 _
   5101  2941      1 1.0E+00   2943 (4.0E-11) 1.6E-03  4.4658526E-01     844          144 6.8E+08 5.1E+02 _
   5102  2942      1 1.0E+00   2944 (2.5E-10) 1.2E-03  4.4658526E-01     847     1    144 5.9E+08 5.1E+02 _
   5103  2943      1 1.0E+00   2945 (6.2E-11) 1.7E-03  4.4658525E-01     847          144 5.9E+08 5.1E+02 _
   5104  2944      1 1.0E+00   2946 (1.5E-09) 6.4E-03  4.4658525E-01     847          144 5.9E+08 5.1E+02 _
   5105  2945      1 1.0E+00   2947 (7.2E-11) 2.0E-03  4.4658524E-01     847          144 5.9E+08 5.1E+02 _
   5106  2946      1 1.0E+00   2948 (3.6E-10) 2.7E-03  4.4658524E-01     847          144 5.9E+08 5.1E+02 _
   5107  2947      1 1.0E+00   2949 (1.6E-10) 2.7E-03  4.4658524E-01     847          144 5.9E+08 5.1E+02 _
   5108  2948      1 1.0E+00   2950 (1.9E-10) 2.1E-03  4.4658523E-01     847          144 5.9E+08 5.1E+02 _
   5109  2949      1 1.0E+00   2951 (2.5E-10) 1.1E-03  4.4658523E-01     847          144 5.9E+08 5.1E+02 _  R
   5110  2950      1 1.0E+00   2952 (9.2E-11) 1.6E-03  4.4658523E-01     847          144 5.9E+08 5.1E+02 _s
   5111  2951      1 1.0E+00   2953 (2.1E-12) 5.7E-04  4.4658523E-01     844     1    144 5.9E+08 5.1E+02 _
   5112  2952      1 1.0E+00   2954 (1.8E-11) 3.8E-04  4.4658523E-01     844          144 5.9E+08 5.1E+02 _
   5113  2953      1 1.0E+00   2955 (5.6E-11) 1.5E-03  4.4658523E-01     844          144 5.9E+08 5.1E+02 _
   5114  2954      1 1.0E+00   2956 (6.4E-11) 2.4E-03  4.4658523E-01     844          144 5.9E+08 5.1E+02 _
   5115  2955      1 1.0E+00   2957 (7.6E-10) 2.8E-03  4.4658522E-01     844          144 5.9E+08 5.1E+02 _
   5117  2956      2 1.0E+00   2958 (1.4E-10) 1.8E-03  4.4658522E-01     844          145 5.9E+08 5.1E+02 _
   5118  2957      1 1.0E+00   2959 (7.2E-10) 8.8E-04  4.4658522E-01     844          145 5.9E+08 5.1E+02 _
   5119  2958      1 1.0E+00   2960 (6.1E-09) 2.3E-03  4.4658521E-01     844          145 5.9E+08 5.1E+02 _
   5120  2959      1 4.1E-01   2961 (8.0E-09) 3.2E-03  4.4658520E-01     844          145 5.9E+08 5.1E+02 _

   Itns Major Minors    Step   nCon Feasible  Optimal  MeritFunction     L+U BSwap     nS condZHZ Penalty
   5121  2960      1 4.2E-02   2962 (8.1E-09) 3.3E-03  4.4658520E-01     815     1    145 6.0E+08 5.1E+02 _  R
   5123  2961      2 1.0E+00   2963 (2.1E-10) 1.2E-03  4.4658519E-01     836          144 6.0E+08 5.1E+02 _s
   5124  2962      1 4.4E-01   2964 (1.1E-10) 1.2E-03  4.4658519E-01     847          144 6.0E+08 5.1E+02 _
   5126  2963      2 1.0E+00   2965 (4.7E-11) 1.6E-03  4.4658519E-01     847          145 6.0E+08 5.1E+02 _
   5127  2964      1 1.0E+00   2966 (7.9E-11) 1.3E-03  4.4658519E-01     847          145 6.0E+08 5.1E+02 _
   5129  2965      2 1.0E+00   2967 (3.1E-11) 1.2E-03  4.4658519E-01     847          144 6.0E+08 5.1E+02 _
   5130  2966      1 1.0E+00   2968 (7.8E-10) 3.2E-03  4.4658518E-01     844     1    144 5.9E+08 5.1E+02 _
   5132  2967      2 1.0E+00   2969 (2.7E-10) 3.8E-03  4.4658518E-01     844          145 5.9E+08 5.1E+02 _
   5133  2968      1 1.0E+00   2970 (3.2E-09) 5.5E-03  4.4658517E-01     844          145 5.9E+08 5.1E+02 _
   5134  2969      1 1.0E+00   2971 (9.4E-10) 3.8E-03  4.4658516E-01     844          145 5.9E+08 5.1E+02 _
   5135  2970      1 1.0E+00   2972 (3.4E-09) 6.9E-03  4.4658515E-01     844          145 5.9E+08 5.1E+02 _
   5138  2971      3 1.0E+00   2973 (1.1E-10) 2.5E-03  4.4658514E-01     844          144 5.9E+08 5.1E+02 _  R
   5139  2972      1 1.0E+00   2974 (2.3E-11) 1.8E-03  4.4658514E-01     844          144 5.9E+08 5.1E+02 _s
   5141  2973      2 1.0E+00   2975 (4.9E-12) 1.4E-03  4.4658514E-01     844          145 5.8E+08 5.1E+02 _
   5142  2974      1 1.0E+00   2976 (1.7E-10) 3.1E-03  4.4658514E-01     844          145 5.8E+08 5.1E+02 _
   5143  2975      1 1.0E+00   2977 (7.7E-12) 1.7E-03  4.4658513E-01     815     1    145 5.8E+08 5.1E+02 _
   5146  2976      3 1.0E+00   2978 (3.1E-11) 8.0E-04  4.4658513E-01     836          144 5.8E+08 5.1E+02 _
   5147  2977      1 1.0E+00   2979 (2.2E-10) 9.3E-04  4.4658513E-01     847          144 5.8E+08 5.1E+02 _
   5148  2978      1 1.0E+00   2980 (2.9E-11) 1.1E-03  4.4658513E-01     847          144 5.8E+08 5.1E+02 _
   5149  2979      1 1.0E+00   2981 (2.7E-11) 9.0E-04  4.4658513E-01     847          144 5.8E+08 5.1E+02 _

   Itns Major Minors    Step   nCon Feasible  Optimal  MeritFunction     L+U BSwap     nS condZHZ Penalty
   5150  2980      1 1.0E+00   2982 (6.3E-11) 2.2E-03  4.4658513E-01     847          144 5.8E+08 5.1E+02 _
   5151  2981      1 1.0E+00   2983 (1.1E-10) 2.8E-03  4.4658512E-01     844     1    144 5.8E+08 5.1E+02 _
   5152  2982      1 1.0E+00   2984 (5.1E-10) 3.6E-03  4.4658511E-01     844          144 5.8E+08 5.1E+02 _  R
   5153  2983      1 1.0E+00   2985 (7.9E-11) 1.9E-03  4.4658511E-01     844          144 5.7E+08 5.1E+02 _s
   5154  2984      1 1.0E+00   2986 (2.2E-11) 2.0E-03  4.4658511E-01     844          144 5.7E+08 5.1E+02 _
   5155  2985      1 1.0E+00   2987 (5.4E-11) 1.3E-03  4.4658510E-01     844          144 5.7E+08 5.1E+02 _
   5156  2986      1 1.0E+00   2988 (1.0E-11) 1.2E-03  4.4658510E-01     844          144 5.7E+08 5.1E+02 _
   5157  2987      1 1.0E+00   2989 (5.9E-11) 8.3E-04  4.4658510E-01     844          144 5.7E+08 5.1E+02 _
   5158  2988      1 1.0E+00   2990 (4.2E-11) 6.2E-04  4.4658510E-01     844          144 5.6E+08 5.1E+02 _
   5159  2989      1 1.0E+00   2991 (8.3E-11) 1.1E-03  4.4658510E-01     844          144 5.6E+08 5.1E+02 _
   5160  2990      1 1.0E+00   2992 (9.4E-11) 1.9E-03  4.4658510E-01     847     1    144 5.6E+08 5.1E+02 _
   5161  2991      1 1.0E+00   2993 (6.2E-10) 2.8E-03  4.4658509E-01     847          144 5.6E+08 5.1E+02 _
   5162  2992      1 1.0E+00   2994 (1.0E-09) 2.9E-03  4.4658509E-01     847          144 5.6E+08 5.1E+02 _
   5163  2993      1 1.0E+00   2995 (2.7E-10) 1.9E-03  4.4658508E-01     847          144 5.6E+08 5.1E+02 _  R
   5164  2994      1 1.0E+00   2996 (2.7E-11) 1.5E-03  4.4658508E-01     847          144 5.5E+08 5.1E+02 _s
   5165  2995      1 1.0E+00   2997 (5.2E-10) 2.4E-03  4.4658508E-01     847          144 5.5E+08 5.1E+02 _
   5166  2996      1 1.0E+00   2998 (2.7E-10) 1.3E-03  4.4658507E-01     847          144 5.4E+08 5.1E+02 _
   5167  2997      1 1.0E+00   2999 (2.8E-10) 1.8E-03  4.4658507E-01     847          144 5.4E+08 5.1E+02 _
   5168  2998      1 1.0E+00   3000 (4.1E-10) 1.2E-03  4.4658507E-01     847          144 5.4E+08 5.1E+02 _
   5169  2999      1 1.0E+00   3001 (4.7E-10) 1.6E-03  4.4658506E-01     844     1    144 5.3E+08 5.1E+02 _

   Itns Major Minors    Step   nCon Feasible  Optimal  MeritFunction     L+U BSwap     nS condZHZ Penalty
   5170  3000      1 1.0E+00   3002 (2.8E-10) 1.6E-03  4.4658506E-01     844          144 5.4E+08 5.1E+02 _
   5171  3001      1 1.0E+00   3003 (9.0E-11) 1.8E-03  4.4658506E-01     844          144 5.4E+08 5.1E+02 _
   5172  3002      1 1.0E+00   3004 (5.6E-11) 2.6E-03  4.4658506E-01     844          144 5.4E+08 5.1E+02 _
   5173  3003      1 1.0E+00   3005 (4.0E-10) 3.1E-03  4.4658505E-01     844          144 5.4E+08 5.1E+02 _
   5174  3004      1 1.0E+00   3006 (1.8E-09) 3.4E-03  4.4658503E-01     844          144 5.9E+08 5.1E+02 _  R
   5175  3005      1 1.0E+00   3007 (8.3E-10) 6.1E-03  4.4658502E-01     844          144 5.9E+08 5.1E+02 _s
   5176  3006      1 1.0E+00   3008 (2.4E-10) 8.1E-04  4.4658502E-01     844          144 5.9E+08 5.1E+02 _
   5178  3007      2 1.0E+00   3009 (6.1E-11) 1.4E-03  4.4658501E-01     844          145 5.9E+08 5.1E+02 _
   5179  3008      1 1.0E+00   3010 (2.0E-10) 1.0E-03  4.4658501E-01     815     1    145 5.9E+08 5.1E+02 _
   5181  3009      2 1.0E+00   3011 (1.7E-10) 6.5E-04  4.4658501E-01     836          144 5.9E+08 5.1E+02 _
   5182  3010      1 1.0E+00   3012 (6.8E-10) 1.6E-03  4.4658501E-01     847          144 5.9E+08 5.1E+02 _
   5183  3011      1 1.0E+00   3013 (2.0E-09) 1.6E-03  4.4658500E-01     847          144 5.9E+08 5.1E+02 _
   5184  3012      1 1.0E+00   3014 (1.6E-09) 1.7E-03  4.4658500E-01     847          144 5.9E+08 5.1E+02 _
   5185  3013      1 1.0E+00   3015 (2.4E-10) 9.8E-04  4.4658500E-01     847          144 5.9E+08 5.1E+02 _
   5186  3014      1 1.0E+00   3016 (5.6E-11) 9.2E-04  4.4658499E-01     844     1    144 6.6E+08 5.1E+02 _
   5187  3015      1 1.0E+00   3017 (6.5E-11) 9.3E-04  4.4658499E-01     844          144 6.5E+08 5.1E+02 _  R
   5188  3016      1 1.0E+00   3018 (3.7E-11) 7.9E-04  4.4658499E-01     844          144 6.5E+08 5.1E+02 _s
   5189  3017      1 1.0E+00   3019 (1.7E-10) 8.5E-04  4.4658499E-01     844          144 6.6E+08 5.1E+02 _
   5190  3018      1 1.0E+00   3020 (7.7E-10) 2.1E-03  4.4658498E-01     844          144 6.6E+08 5.1E+02 _
   5191  3019      1 1.0E+00   3021 (3.6E-10) 1.0E-03  4.4658498E-01     844          144 6.5E+08 5.1E+02 _

   Itns Major Minors    Step   nCon Feasible  Optimal  MeritFunction     L+U BSwap     nS condZHZ Penalty
   5192  3020      1 1.0E+00   3022 (6.3E-10) 1.8E-03  4.4658498E-01     844          144 6.6E+08 5.1E+02 _
   5193  3021      1 1.0E+00   3023 (3.1E-09) 2.8E-03  4.4658497E-01     844          144 6.6E+08 5.1E+02 _
   5194  3022      1 1.0E+00   3024 (3.7E-09) 5.5E-03  4.4658497E-01     844          144 6.5E+08 5.1E+02 _
   5195  3023      1 1.0E+00   3025 (8.0E-10) 3.0E-03  4.4658496E-01     847     1    144 6.3E+08 5.1E+02 _
   5196  3024      1 1.0E+00   3026 (2.3E-10) 2.7E-03  4.4658496E-01     847          144 6.2E+08 5.1E+02 _
   5197  3025      1 1.0E+00   3027 (1.6E-09) 2.8E-03  4.4658494E-01     847          144 6.2E+08 5.1E+02 _
   5198  3026      1 1.0E+00   3028 (6.0E-09) 7.1E-03  4.4658492E-01     847          144 6.2E+08 5.1E+02 _  R
   5199  3027      1 1.0E+00   3029 (7.2E-10) 7.7E-03  4.4658491E-01     847          144 6.2E+08 5.1E+02 _s
   5200  3028      1 1.0E+00   3030 (4.2E-10) 2.1E-03  4.4658490E-01     847          144 6.2E+08 5.1E+02 _
   5202  3029      2 1.0E+00   3031 (2.2E-10) 2.0E-03  4.4658489E-01     847          145 6.2E+08 5.1E+02 _
   5204  3030      2 1.0E+00   3032 (1.5E-09) 1.7E-03  4.4658488E-01     847          144 6.3E+08 5.1E+02 _
   5205  3031      1 1.0E+00   3033 (4.3E-09) 2.4E-03  4.4658488E-01     847          144 6.2E+08 5.1E+02 _
   5206  3032      1 1.0E+00   3034 (3.2E-09) 1.6E-03  4.4658487E-01     844     1    144 6.5E+08 5.1E+02 _
   5207  3033      1 1.0E+00   3035 (1.8E-09) 2.0E-03  4.4658487E-01     844          144 6.5E+08 5.1E+02 _
   5209  3034      2 1.0E+00   3036 (9.0E-10) 2.6E-03  4.4658486E-01     844          145 6.5E+08 5.1E+02 _
   5211  3035      2 1.0E+00   3037 (4.0E-10) 1.3E-03  4.4658485E-01     844          144 6.5E+08 5.1E+02 _
   5212  3036      1 1.0E+00   3038 (1.1E-10) 2.0E-03  4.4658485E-01     844          144 6.5E+08 5.1E+02 _
   5213  3037      1 1.0E+00   3039 (2.4E-10) 2.2E-03  4.4658484E-01     844          144 6.4E+08 5.1E+02 _  R
   5214  3038      1 1.0E+00   3040 (1.2E-10) 2.3E-03  4.4658484E-01     844          144 6.3E+08 5.1E+02 _s
   5216  3039      2 1.0E+00   3041 (2.9E-10) 1.7E-03  4.4658484E-01     844          145 6.3E+08 5.1E+02 _

   Itns Major Minors    Step   nCon Feasible  Optimal  MeritFunction     L+U BSwap     nS condZHZ Penalty
   5218  3040      2 1.0E+00   3042 (2.7E-09) 1.9E-03  4.4658483E-01     844          144 6.3E+08 5.1E+02 _
   5219  3041      1 1.0E+00   3043 (8.5E-10) 1.2E-03  4.4658482E-01     847     1    144 6.6E+08 5.1E+02 _
   5220  3042      1 1.0E+00   3044 (2.6E-09) 3.2E-03  4.4658482E-01     847          144 6.5E+08 5.1E+02 _
   5222  3043      2 1.0E+00   3045 (9.1E-09) 7.1E-03  4.4658481E-01     847          145 6.5E+08 5.1E+02 _
   5223  3044      1 1.0E+00   3046 (5.2E-09) 3.5E-03  4.4658480E-01     847          145 6.4E+08 5.1E+02 _
   5225  3045      2 1.0E+00   3047 (2.8E-10) 1.3E-03  4.4658479E-01     847          144 6.2E+08 5.1E+02 _
   5227  3046      2 1.0E+00   3048 (6.1E-10) 3.2E-03  4.4658478E-01     847          144 6.1E+08 5.1E+02 _
   5228  3047      1 1.0E+00   3049 (2.9E-09) 7.6E-03  4.4658475E-01     847          144 6.1E+08 5.1E+02 _
   5229  3048      1 1.0E+00   3050 (5.8E-09) 1.3E-02  4.4658473E-01     847          144 5.5E+08 5.1E+02 _  R
   5230  3049      1 1.0E+00   3051 (8.1E-10) 4.1E-03  4.4658469E-01     847          144 5.5E+08 5.1E+02 _s
   5231  3050      1 1.0E+00   3052 (4.9E-10) 3.4E-03  4.4658468E-01     844     1    144 6.1E+08 5.1E+02 _
   5232  3051      1 1.0E+00   3053 (8.2E-10) 4.1E-03  4.4658466E-01     844          144 6.1E+08 5.1E+02 _
   5233  3052      1 1.0E+00   3054 (6.3E-09) 4.1E-03  4.4658464E-01     844          144 6.1E+08 5.1E+02 _
   5234  3053      1 1.0E+00   3055 (2.2E-09) 4.2E-03  4.4658464E-01     844          144 6.1E+08 5.1E+02 _
   5235  3054      1 1.0E+00   3056 (2.6E-11) 2.2E-03  4.4658463E-01     844          144 6.1E+08 5.1E+02 _
   5236  3055      1 1.0E+00   3057 (6.2E-10) 2.3E-03  4.4658462E-01     844          144 6.1E+08 5.1E+02 _
   5237  3056      1 1.0E+00   3058 (6.3E-09) 3.3E-03  4.4658461E-01     844          144 6.1E+08 5.1E+02 _
   5238  3057      1 1.0E+00   3059 (5.0E-09) 2.2E-03  4.4658459E-01     844          144 6.1E+08 5.1E+02 _
   5239  3058      1 1.0E+00   3060 (1.1E-08) 3.8E-03  4.4658457E-01     844          144 6.1E+08 5.1E+02 _
   5240  3059      1 1.0E+00   3061 (2.9E-09) 3.4E-03  4.4658455E-01     847     1    144 5.3E+08 5.1E+02 _  R

   Itns Major Minors    Step   nCon Feasible  Optimal  MeritFunction     L+U BSwap     nS condZHZ Penalty
   5241  3060      1 1.0E+00   3062 (1.1E-09) 3.0E-03  4.4658453E-01     847          144 5.7E+08 5.1E+02 _s
   5242  3061      1 1.0E+00   3063 (6.4E-08) 8.4E-03  4.4658448E-01     847          144 5.7E+08 5.1E+02 _
   5243  3062      1 4.3E-01   3064 (4.4E-08) 6.3E-03  4.4658445E-01     847          144 5.7E+08 5.1E+02 _
   5244  3063      1 1.0E+00   3065 (1.3E-09) 1.1E-02  4.4658444E-01     847          144 5.8E+08 5.1E+02 _
   5245  3064      1 4.2E-01   3066 (1.1E-09) 5.6E-03  4.4658442E-01     847          144 5.7E+08 5.1E+02 _
   5246  3065      1 1.0E+00   3067 (2.0E-09) 8.2E-03  4.4658440E-01     847          144 6.0E+08 5.1E+02 _
   5247  3066      1 1.0E+00   3068 (5.4E-09) 1.2E-02  4.4658437E-01     847          144 6.0E+08 5.1E+02 _
   5248  3067      1 1.0E+00   3069 (1.3E-08) 1.4E-02  4.4658435E-01     847          144 6.1E+08 5.1E+02 _
   5249  3068      1 1.0E+00   3070 (4.0E-09) 1.5E-02  4.4658427E-01     844     1    144 6.3E+08 5.1E+02 _
   5250  3069      1 1.0E+00   3071 (2.0E-08) 2.3E-02  4.4658427E-01     844          144 6.3E+08 5.1E+02 _
   5251  3070      1 1.0E+00   3072 (8.3E-09) 1.7E-02  4.4658419E-01     844          144 8.3E+08 5.1E+02 _  R
   5252  3071      1 4.0E-01   3073 (5.5E-09) 5.4E-03  4.4658413E-01     844          144 8.3E+08 5.1E+02 _s
   5253  3072      1 1.0E+00   3074 (3.6E-10) 2.1E-03  4.4658411E-01     844          144 8.3E+08 5.1E+02 _
   5254  3073      1 1.0E+00   3075 (1.7E-09) 5.5E-03  4.4658409E-01     844          144 8.4E+08 5.1E+02 _
   5255  3074      1 1.0E+00   3076 (5.2E-09) 8.3E-03  4.4658407E-01     844          144 8.4E+08 5.1E+02 _
   5256  3075      1 1.0E+00   3077 (5.6E-09) 5.8E-03  4.4658405E-01     844          144 8.4E+08 5.1E+02 _
   5257  3076      1 1.0E+00   3078 (1.2E-10) 3.0E-03  4.4658403E-01     844          144 8.4E+08 5.1E+02 _
   5258  3077      1 1.0E+00   3079 (6.6E-11) 2.9E-03  4.4658403E-01     847     1    144 8.5E+08 5.1E+02 _
   5259  3078      1 1.0E+00   3080 (1.9E-10) 2.8E-03  4.4658402E-01     847          144 8.6E+08 5.1E+02 _
   5260  3079      1 1.0E+00   3081 (7.3E-10) 1.2E-03  4.4658401E-01     847          144 8.7E+08 5.1E+02 _

   Itns Major Minors    Step   nCon Feasible  Optimal  MeritFunction     L+U BSwap     nS condZHZ Penalty
   5261  3080      1 1.0E+00   3082 (2.4E-10) 9.2E-04  4.4658401E-01     847          144 8.7E+08 5.1E+02 _
   5262  3081      1 1.0E+00   3083 (2.6E-10) 1.2E-03  4.4658401E-01     847          144 8.3E+08 5.1E+02 _  R
   5263  3082      1 1.0E+00   3084 (1.3E-11) 6.0E-04  4.4658401E-01     847          144 8.3E+08 5.1E+02 _s
   5264  3083      1 1.0E+00   3085 (3.9E-10) 2.1E-03  4.4658401E-01     847          144 8.3E+08 5.1E+02 _
   5265  3084      1 1.0E+00   3086 (3.6E-10) 1.3E-03  4.4658401E-01     847          144 8.3E+08 5.1E+02 _
   5267  3085      2 1.0E+00   3087 (8.9E-11) 8.4E-04  4.4658400E-01     847          144 8.3E+08 5.1E+02 _
   5268  3086      1 1.0E+00   3088 (7.3E-10) 2.0E-03  4.4658400E-01     844     1    144 8.3E+08 5.1E+02 _
   5269  3087      1 1.0E+00   3089 (6.7E-10) 1.8E-03  4.4658400E-01     844          144 8.3E+08 5.1E+02 _
   5270  3088      1 1.0E+00   3090 (4.2E-11) 3.1E-03  4.4658400E-01     844          144 8.3E+08 5.1E+02 _
   5271  3089      1 1.0E+00   3091 (1.9E-10) 3.5E-03  4.4658400E-01     844          144 8.3E+08 5.1E+02 _
   5272  3090      1 1.0E+00   3092 (8.7E-11) 1.8E-03  4.4658399E-01     844          144 8.3E+08 5.1E+02 _
   5273  3091      1 1.0E+00   3093 (7.0E-10) 5.7E-03  4.4658398E-01     844          144 8.3E+08 5.1E+02 _
   5274  3092      1 1.0E+00   3094 (3.2E-09) 4.8E-03  4.4658397E-01     844          144 8.9E+08 5.1E+02 _  R
   5275  3093      1 4.9E-01   3095 (1.6E-09) 1.7E-03  4.4658397E-01     844          144 8.9E+08 5.1E+02 _s
   5276  3094      1 1.0E+00   3096 (4.2E-11) 1.2E-03  4.4658397E-01     844          144 9.0E+08 5.1E+02 _
   5277  3095      1 1.0E+00   3097 (4.8E-11) 1.8E-03  4.4658396E-01     847     1    144 9.0E+08 5.1E+02 _
   5278  3096      1 1.0E+00   3098 (1.6E-10) 1.7E-03  4.4658396E-01     847          144 9.1E+08 5.1E+02 _
   5279  3097      1 1.0E+00   3099 (7.6E-11) 6.3E-04  4.4658396E-01     847          144 9.0E+08 5.1E+02 _
   5280  3098      1 1.0E+00   3100 (6.2E-11) 8.4E-04  4.4658396E-01     847          144 9.0E+08 5.1E+02 _
   5281  3099      1 1.0E+00   3101 (1.1E-10) 2.0E-03  4.4658396E-01     847          144 9.1E+08 5.1E+02 _

   Itns Major Minors    Step   nCon Feasible  Optimal  MeritFunction     L+U BSwap     nS condZHZ Penalty
   5282  3100      1 1.0E+00   3102 (1.5E-10) 2.4E-03  4.4658396E-01     847          144 9.1E+08 5.1E+02 _
   5283  3101      1 1.0E+00   3103 (2.1E-11) 1.6E-03  4.4658395E-01     847          144 9.3E+08 5.1E+02 _
   5284  3102      1 1.0E+00   3104 (1.7E-10) 9.7E-04  4.4658395E-01     847          144 9.3E+08 5.1E+02 _
   5285  3103      1 1.0E+00   3105 (3.0E-11) 6.2E-04  4.4658395E-01     847          144 9.1E+08 5.1E+02 _  R
   5286  3104      1 1.0E+00   3106 (1.9E-12) 2.0E-03  4.4658395E-01     844     1    144 9.2E+08 5.1E+02 _s
   5287  3105      1 1.0E+00   3107 (3.9E-10) 1.4E-03  4.4658395E-01     844          144 8.6E+08 5.1E+02 _
   5288  3106      1 4.3E-01   3108 (5.8E-10) 1.8E-03  4.4658395E-01     844          144 6.2E+08 5.1E+02 _
   5289  3107      1 4.6E-01   3109 (1.2E-09) 4.4E-03  4.4658394E-01     844          144 7.0E+08 5.1E+02 _
   5290  3108      1 1.0E+00   3110 (3.6E-09) 4.7E-03  4.4658394E-01     844          144 6.4E+08 5.1E+02 _
   5291  3109      1 4.5E-01   3111 (2.0E-09) 4.3E-03  4.4658393E-01     844          144 6.5E+08 5.1E+02 _
   5292  3110      1 3.9E-01   3112 (2.4E-09) 4.6E-03  4.4658392E-01     844          144 7.2E+08 5.1E+02 _
   5293  3111      1 1.0E+00   3113 (2.2E-09) 5.0E-03  4.4658392E-01     844          144 6.9E+08 5.1E+02 _
   5294  3112      1 1.0E+00   3114 (3.5E-10) 7.6E-03  4.4658390E-01     844          144 7.5E+08 5.1E+02 _
   5295  3113      1 1.0E+00   3115 (5.9E-09) 2.2E-02  4.4658389E-01     819     2    144 6.5E+08 5.1E+02 _
   5296  3114      1 1.0E+00   3116 (5.7E-09) 1.5E-02  4.4658379E-01     819          144 7.4E+08 5.1E+02 _  R
   5297  3115      1 2.8E-01   3117 (4.4E-09) 7.5E-03  4.4658371E-01     819          144 7.4E+08 5.1E+02 _s
   5298  3116      1 1.0E+00   3118 (1.2E-10) 4.3E-03  4.4658369E-01     819          144 7.3E+08 5.1E+02 _
   5299  3117      1 1.0E+00   3119 (6.4E-11) 1.1E-03  4.4658369E-01     819          144 7.3E+08 5.1E+02 _
   5300  3118      1 1.0E+00   3120 (9.2E-11) 1.7E-03  4.4658369E-01     819          144 7.3E+08 5.1E+02 _
   5301  3119      1 1.0E+00   3121 (3.7E-10) 2.0E-03  4.4658368E-01     819          144 7.3E+08 5.1E+02 _

   Itns Major Minors    Step   nCon Feasible  Optimal  MeritFunction     L+U BSwap     nS condZHZ Penalty
   5302  3120      1 1.0E+00   3122 (2.3E-10) 1.6E-03  4.4658368E-01     819          144 7.2E+08 5.1E+02 _
   5303  3121      1 1.0E+00   3123 (9.4E-11) 1.7E-03  4.4658368E-01     819          144 7.1E+08 5.1E+02 _
   5304  3122      1 1.0E+00   3124 (6.1E-11) 3.0E-03  4.4658368E-01     820     1    144 6.9E+08 5.1E+02 _
   5305  3123      1 1.0E+00   3125 (1.2E-10) 2.8E-03  4.4658367E-01     820          144 6.9E+08 5.1E+02 _
   5306  3124      1 1.0E+00   3126 (2.7E-10) 1.9E-03  4.4658367E-01     820          144 6.8E+08 5.1E+02 _
   5307  3125      1 1.0E+00   3127 (3.4E-10) 2.2E-03  4.4658366E-01     820          144 6.6E+08 5.1E+02 _  R
   5308  3126      1 1.0E+00   3128 (9.7E-12) 1.6E-03  4.4658366E-01     820          144 5.9E+08 5.1E+02 _s
   5309  3127      1 4.0E-01   3129 (4.7E-11) 1.3E-03  4.4658366E-01     820          144 5.8E+08 5.1E+02 _
   5310  3128      1 1.0E+00   3130 (6.4E-11) 1.8E-03  4.4658366E-01     820          144 5.8E+08 5.1E+02 _
   5311  3129      1 1.0E+00   3131 (2.0E-11) 2.4E-03  4.4658365E-01     820          144 5.9E+08 5.1E+02 _
   5312  3130      1 1.0E+00   3132 (2.0E-11) 1.7E-03  4.4658365E-01     820          144 5.9E+08 5.1E+02 _
   5313  3131      1 1.0E+00   3133 (1.1E-10) 3.8E-03  4.4658365E-01     819     1    144 5.9E+08 5.1E+02 _
   5314  3132      1 1.4E-01   3134 (9.5E-11) 2.8E-03  4.4658365E-01     819          144 5.9E+08 5.1E+02 _
   5315  3133      1 1.2E-01   3135 (9.4E-11) 2.8E-03  4.4658364E-01     819          144 5.9E+08 5.1E+02 _
   5316  3134      1 1.0E+00   3136 (1.5E-10) 2.9E-03  4.4658364E-01     819          144 6.0E+08 5.1E+02 _
   5317  3135      1 2.5E-01   3137 (1.8E-10) 8.0E-03  4.4658364E-01     819          144 6.0E+08 5.1E+02 _
   5318  3136      1 1.0E+00   3138 (1.2E-10) 3.2E-03  4.4658364E-01     819          144 6.1E+08 5.1E+02 _  R
   5319  3137      1 4.1E-01   3139 (8.6E-11) 2.8E-03  4.4658363E-01     819          144 6.1E+08 5.1E+02 _s
   5320  3138      1 1.0E+00   3140 (9.2E-12) 1.3E-03  4.4658363E-01     819          144 6.1E+08 5.1E+02 _
   5321  3139      1 1.0E+00   3141 (2.2E-12) 9.2E-04  4.4658363E-01     819          144 6.1E+08 5.1E+02 _

   Itns Major Minors    Step   nCon Feasible  Optimal  MeritFunction     L+U BSwap     nS condZHZ Penalty
   5322  3140      1 1.0E+00   3142 (5.2E-11) 1.5E-03  4.4658362E-01     819          144 6.1E+08 5.1E+02 _
   5323  3141      1 1.0E+00   3143 (1.3E-10) 3.8E-03  4.4658362E-01     820     1    144 6.1E+08 5.1E+02 _
   5324  3142      1 1.0E+00   3144 (1.2E-10) 5.1E-03  4.4658361E-01     820          144 6.1E+08 5.1E+02 _
   5325  3143      1 1.0E+00   3145 (2.7E-11) 3.4E-03  4.4658361E-01     820          144 6.1E+08 5.1E+02 _
   5326  3144      1 1.0E+00   3146 (1.4E-10) 4.9E-03  4.4658360E-01     820          144 6.1E+08 5.1E+02 _
   5327  3145      1 1.0E+00   3147 (2.6E-10) 5.6E-03  4.4658359E-01     820          144 6.1E+08 5.1E+02 _
   5328  3146      1 1.0E+00   3148 (1.7E-09) 5.2E-03  4.4658357E-01     820          144 6.1E+08 5.1E+02 _
   5329  3147      1 1.0E+00   3149 (5.5E-09) 6.1E-03  4.4658354E-01     820          144 6.1E+08 5.1E+02 _  R
   5330  3148      1 1.0E+00   3150 (6.3E-11) 5.2E-03  4.4658353E-01     820          144 6.1E+08 5.1E+02 _s
   5331  3149      1 1.0E+00   3151 (1.1E-09) 5.0E-03  4.4658351E-01     820          144 6.1E+08 5.1E+02 _
   5332  3150      1 1.0E+00   3152 (4.7E-10) 5.8E-03  4.4658350E-01     820          144 6.1E+08 5.1E+02 _
   5333  3151      1 1.0E+00   3153 (2.5E-10) 3.0E-03  4.4658349E-01     820          144 6.1E+08 5.1E+02 _
   5334  3152      1 1.0E+00   3154 (1.8E-10) 4.0E-03  4.4658349E-01     820          144 6.1E+08 5.1E+02 _
   5335  3153      1 1.0E+00   3155 (2.8E-10) 2.1E-03  4.4658348E-01     820          144 6.1E+08 5.1E+02 _
   5336  3154      1 1.0E+00   3156 (1.5E-09) 4.8E-03  4.4658348E-01     820          144 6.1E+08 5.1E+02 _
   5337  3155      1 1.0E+00   3157 (9.2E-10) 3.0E-03  4.4658347E-01     820          144 6.1E+08 5.1E+02 _
   5338  3156      1 1.0E+00   3158 (1.4E-09) 3.7E-03  4.4658347E-01     820          144 6.1E+08 5.1E+02 _
   5340  3157      2 1.0E+00   3159 (2.7E-10) 3.3E-03  4.4658346E-01     820          145 6.1E+08 5.1E+02 _
   5341  3158      1 1.0E+00   3160 (6.1E-10) 5.4E-03  4.4658345E-01     820          145 6.1E+08 5.1E+02 _  R
   5342  3159      1 1.0E+00   3161 (6.3E-11) 3.8E-03  4.4658345E-01     820          145 6.1E+08 5.1E+02 _s

   Itns Major Minors    Step   nCon Feasible  Optimal  MeritFunction     L+U BSwap     nS condZHZ Penalty
   5343  3160      1 1.0E+00   3162 (2.3E-11) 3.1E-03  4.4658344E-01     820          145 6.0E+08 5.1E+02 _
   5344  3161      1 1.0E+00   3163 (8.9E-11) 2.3E-03  4.4658344E-01     799     1    145 6.0E+08 5.1E+02 _
   5346  3162      2 1.0E+00   3164 (2.4E-10) 2.8E-03  4.4658343E-01     819          144 6.0E+08 5.1E+02 _
   5348  3163      2 1.0E+00   3165 (2.0E-10) 2.9E-03  4.4658343E-01     819          145 6.1E+08 5.1E+02 _
   5349  3164      1 1.0E+00   3166 (7.7E-10) 2.3E-03  4.4658342E-01     819          145 6.0E+08 5.1E+02 _
   5351  3165      2 1.0E+00   3167 (5.6E-10) 2.2E-03  4.4658341E-01     819          144 6.0E+08 5.1E+02 _
   5352  3166      1 1.0E+00   3168 (3.3E-09) 5.9E-03  4.4658339E-01     819          144 6.0E+08 5.1E+02 _
   5355  3167      3 1.0E+00   3169 (6.5E-09) 4.8E-03  4.4658337E-01     819          146 6.0E+08 5.1E+02 _
   5356  3168      1 1.0E+00   3170 (1.5E-09) 8.3E-03  4.4658336E-01     819          146 6.0E+08 5.1E+02 _
   5357  3169      1 1.0E+00   3171 (3.4E-09) 4.5E-03  4.4658332E-01     819          146 6.0E+08 5.1E+02 _  R
   5358  3170      1 1.0E+00   3172 (1.7E-10) 4.5E-03  4.4658331E-01     819          146 6.0E+08 5.1E+02 _s
   5359  3171      1 1.0E+00   3173 (3.3E-11) 2.7E-03  4.4658330E-01     789     2    146 6.0E+08 5.1E+02 _
   5360  3172      1 1.0E+00   3174 (1.6E-10) 1.4E-03  4.4658330E-01     789          146 6.0E+08 5.1E+02 _
   5363  3173      3 1.0E+00   3175 (1.0E-09) 3.8E-03  4.4658329E-01     811          145 6.0E+08 5.1E+02 _
   5365  3174      2 1.0E+00   3176 (1.7E-10) 3.8E-03  4.4658329E-01     811     1    146 6.0E+08 5.1E+02 _
   5366  3175      1 1.0E+00   3177 (1.4E-08) 4.7E-03  4.4658326E-01     812          146 6.0E+08 5.1E+02 _
   5367  3176      1 1.0E+00   3178 (7.0E-09) 4.1E-03  4.4658325E-01     813          146 6.0E+08 5.1E+02 _
   5368  3177      1 1.0E+00   3179 (7.6E-09) 2.1E-03  4.4658324E-01     813          146 6.0E+08 5.1E+02 _
   5369  3178      1 1.0E+00   3180 (5.3E-10) 1.7E-03  4.4658324E-01     813          146 6.0E+08 5.1E+02 _
   5370  3179      1 1.0E+00   3181 (2.6E-10) 1.5E-03  4.4658323E-01     813          146 6.0E+08 5.1E+02 _

   Itns Major Minors    Step   nCon Feasible  Optimal  MeritFunction     L+U BSwap     nS condZHZ Penalty
   5371  3180      1 1.0E+00   3182 (3.0E-10) 2.1E-03  4.4658323E-01     813          146 6.2E+08 5.1E+02 _  R
   5372  3181      1 1.0E+00   3183 (3.8E-11) 8.8E-04  4.4658323E-01     813          146 6.2E+08 5.1E+02 _s
   5373  3182      1 1.0E+00   3184 (2.6E-10) 1.5E-03  4.4658323E-01     813          146 6.2E+08 5.1E+02 _
   5374  3183      1 1.0E+00   3185 (2.6E-09) 3.6E-03  4.4658322E-01     791     1    146 6.2E+08 5.1E+02 _
   5375  3184      1 1.3E-01   3186 (2.6E-09) 6.0E-03  4.4658322E-01     791          146 6.2E+08 5.1E+02 _
   5376  3185      1 3.7E-02   3187 (3.1E-09) 8.0E-03  4.4658321E-01     790          146 6.2E+08 5.1E+02 _
   5377  3186      1 8.5E-03   3188 (3.1E-09) 4.7E-03  4.4658321E-01     790          146 6.2E+08 5.1E+02 _
   5378  3187      1 1.1E-01   3189 (2.8E-09) 4.8E-03  4.4658321E-01     789          146 6.2E+08 5.1E+02 _
   5379  3188      1 1.0E+00   3190 (2.3E-09) 2.6E-03  4.4658320E-01     791          146 6.2E+08 5.1E+02 _
   5380  3189      1 3.0E-01   3191 (2.5E-09) 3.0E-03  4.4658320E-01     791          146 6.2E+08 5.1E+02 _
   5381  3190      1 1.0E+00   3192 (6.7E-10) 2.6E-03  4.4658319E-01     791          146 6.2E+08 5.1E+02 _
   5382  3191      1 2.1E-01   3193 (9.2E-10) 2.4E-03  4.4658318E-01     791          146 6.5E+08 5.1E+02 _  R
   5383  3192      1 1.0E+00   3194 (3.5E-10) 1.7E-03  4.4658318E-01     791          146 6.5E+08 5.1E+02 _s
   5384  3193      1 1.0E+00   3195 (3.5E-11) 5.8E-04  4.4658318E-01     791          146 6.5E+08 5.1E+02 _
   5385  3194      1 1.0E+00   3196 (5.9E-11) 7.7E-04  4.4658318E-01     790          146 6.5E+08 5.1E+02 _
   5386  3195      1 1.0E+00   3197 (4.1E-10) 1.9E-03  4.4658317E-01     791          146 6.5E+08 5.1E+02 _
   5387  3196      1 1.0E+00   3198 (3.8E-10) 3.8E-03  4.4658317E-01     791          146 6.5E+08 5.1E+02 _
   5388  3197      1 1.0E+00   3199 (6.1E-10) 5.6E-03  4.4658315E-01     791          146 6.5E+08 5.1E+02 _
   5389  3198      1 1.0E+00   3200 (3.6E-09) 6.2E-03  4.4658315E-01     791          146 6.5E+08 5.1E+02 _
   5390  3199      1 1.0E+00   3201 (2.5E-10) 5.3E-03  4.4658313E-01     791          146 6.5E+08 5.1E+02 _

   Itns Major Minors    Step   nCon Feasible  Optimal  MeritFunction     L+U BSwap     nS condZHZ Penalty
   5391  3200      1 1.0E+00   3202 (1.6E-09) 4.0E-03  4.4658311E-01     792          146 6.5E+08 5.1E+02 _
   5392  3201      1 1.0E+00   3203 (3.1E-09) 4.7E-03  4.4658310E-01     792          146 6.5E+08 5.1E+02 _
   5393  3202      1 1.0E+00   3204 (1.0E-08) 3.6E-03  4.4658309E-01     792          146 6.8E+08 5.1E+02 _  R
   5394  3203      1 1.0E+00   3205 (3.0E-09) 2.9E-03  4.4658308E-01     792          146 6.8E+08 5.1E+02 _s
   5395  3204      1 1.0E+00   3206 (7.2E-10) 2.3E-03  4.4658306E-01     792          146 6.8E+08 5.1E+02 _
   5397  3205      2 1.0E+00   3207 (6.3E-10) 1.2E-03  4.4658305E-01     814          145 6.8E+08 5.1E+02 _
   5398  3206      1 3.3E-01   3208 (8.3E-10) 8.7E-04  4.4658304E-01     814     1    145 6.9E+08 5.1E+02 _
   5399  3207      1 1.1E-01   3209 (7.8E-10) 1.1E-03  4.4658303E-01     813          145 6.9E+08 5.1E+02 _
   5401  3208      2 9.5E-02   3210 (7.3E-10) 1.6E-03  4.4658303E-01     813          146 6.9E+08 5.1E+02 _
   5402  3209      1 1.3E-01   3211 (6.5E-10) 1.7E-03  4.4658303E-01     813          146 6.9E+08 5.1E+02 _
   5403  3210      1 1.0E+00   3212 (3.5E-10) 4.0E-03  4.4658302E-01     814          146 6.9E+08 5.1E+02 _
   5405  3211      2 1.0E+00   3213 (5.1E-10) 1.8E-03  4.4658301E-01     814          145 6.9E+08 5.1E+02 _
   5406  3212      1 1.0E+00   3214 (1.6E-08) 4.1E-03  4.4658297E-01     814          145 6.9E+08 5.1E+02 _
   5407  3213      1 1.0E+00   3215 (2.6E-08) 2.6E-03  4.4658294E-01     814          145 7.0E+08 5.1E+02 _  R
   5408  3214      1 1.0E+00   3216 (2.9E-11) 1.4E-03  4.4658293E-01     814          145 7.0E+08 5.1E+02 _s
   5409  3215      1 1.0E+00   3217 (2.3E-10) 1.4E-03  4.4658292E-01     813     1    145 6.0E+08 5.1E+02 _
   5410  3216      1 1.0E+00   3218 (6.4E-10) 2.3E-03  4.4658291E-01     813          145 6.0E+08 5.1E+02 _
   5411  3217      1 3.4E-01   3219 (1.0E-09) 2.4E-03  4.4658289E-01     813          145 6.0E+08 5.1E+02 _
   5412  3218      1 4.7E-01   3220 (8.6E-10) 3.1E-03  4.4658288E-01     813          145 6.0E+08 5.1E+02 _
   5413  3219      1 1.0E+00   3221 (1.3E-09) 3.4E-03  4.4658286E-01     813          145 6.0E+08 5.1E+02 _

   Itns Major Minors    Step   nCon Feasible  Optimal  MeritFunction     L+U BSwap     nS condZHZ Penalty
   5414  3220      1 1.0E+00   3222 (4.7E-09) 1.1E-02  4.4658284E-01     813          145 6.0E+08 5.1E+02 _
   5415  3221      1 1.0E+00   3223 (6.5E-10) 6.9E-03  4.4658282E-01     813          145 6.0E+08 5.1E+02 _
   5416  3222      1 1.0E+00   3224 (3.3E-10) 3.3E-03  4.4658280E-01     813          145 6.0E+08 5.1E+02 _
   5417  3223      1 1.0E+00   3225 (9.9E-10) 4.1E-03  4.4658278E-01     813          145 6.0E+08 5.1E+02 _
   5418  3224      1 1.0E+00   3226 (5.9E-09) 4.2E-03  4.4658273E-01     798     2    145 6.0E+08 5.1E+02 _  R
   5419  3225      1 1.0E+00   3227 (2.3E-10) 4.1E-03  4.4658271E-01     798          145 6.0E+08 5.1E+02 _s
   5420  3226      1 3.6E-01   3228 (2.8E-09) 3.6E-03  4.4658267E-01     798          145 6.0E+08 5.1E+02 _
   5421  3227      1 3.1E-01   3229 (4.2E-09) 1.3E-02  4.4658264E-01     798          145 6.0E+08 5.1E+02 _
   5423  3228      2 2.7E-01   3230 (3.9E-09) 5.0E-03  4.4658257E-01     798          146 6.0E+08 5.1E+02 _
   5425  3229      2 3.7E-01   3231 (4.9E-09) 7.6E-03  4.4658253E-01     798          145 6.0E+08 5.1E+02 _
   5426  3230      1 2.6E-01   3232 (6.1E-09) 1.3E-02  4.4658249E-01     798          145 6.0E+08 5.1E+02 _
   5427  3231      1 1.0E+00   3233 (6.0E-08) 2.0E-02  4.4658242E-01     798          145 6.0E+08 5.1E+02 _
   5428  3232      1 3.6E-01   3234 (4.0E-08) 8.5E-03  4.4658235E-01     798          145 6.0E+08 5.1E+02 _
   5429  3233      1 1.0E+00   3235 (7.1E-09) 2.0E-02  4.4658234E-01     798          145 6.0E+08 5.1E+02 _
   5430  3234      1 1.0E+00   3236 (2.5E-09) 2.0E-02  4.4658231E-01     795     2    145 6.0E+08 5.1E+02 _
   5431  3235      1 4.8E-01   3237 (1.4E-09) 8.4E-03  4.4658228E-01     795          145 6.1E+08 5.1E+02 _  R
   5432  3236      1 1.0E+00   3238 (1.8E-09) 3.2E-03  4.4658224E-01     795          145 6.1E+08 5.1E+02 _s
   5433  3237      1 1.0E+00   3239 (2.9E-09) 9.1E-03  4.4658223E-01     795          145 6.1E+08 5.1E+02 _
   5434  3238      1 1.0E+00   3240 (5.7E-09) 7.0E-03  4.4658218E-01     795          145 6.1E+08 5.1E+02 _
   5435  3239      1 4.0E-01   3241 (3.9E-09) 7.4E-03  4.4658215E-01     795          145 6.0E+08 5.1E+02 _

   Itns Major Minors    Step   nCon Feasible  Optimal  MeritFunction     L+U BSwap     nS condZHZ Penalty
   5437  3240      2 1.0E+00   3242 (2.2E-09) 1.1E-02  4.4658213E-01     795          146 6.0E+08 5.1E+02 _
   5438  3241      1 1.0E+00   3243 (7.6E-10) 8.0E-03  4.4658212E-01     795          146 5.9E+08 5.1E+02 _
   5440  3242      2 4.6E-01   3244 (4.3E-10) 4.4E-03  4.4658211E-01     795          145 5.9E+08 5.1E+02 _
   5441  3243      1 1.0E+00   3245 (1.5E-10) 5.0E-03  4.4658211E-01     796     1    145 5.7E+08 5.1E+02 _
   5442  3244      1 1.0E+00   3246 (8.6E-11) 5.5E-03  4.4658211E-01     796          145 5.7E+08 5.1E+02 _
   5443  3245      1 1.0E+00   3247 (2.9E-10) 7.5E-03  4.4658210E-01     796          145 5.7E+08 5.1E+02 _
   5444  3246      1 1.0E+00   3248 (3.3E-10) 4.7E-03  4.4658209E-01     796          145 6.2E+08 5.1E+02 _  R
   5445  3247      1 4.5E-01   3249 (1.7E-10) 2.1E-03  4.4658209E-01     796          145 6.1E+08 5.1E+02 _s
   5446  3248      1 1.0E+00   3250 (3.4E-11) 1.1E-03  4.4658208E-01     796          145 6.0E+08 5.1E+02 _
   5447  3249      1 1.0E+00   3251 (1.1E-10) 1.9E-03  4.4658208E-01     796          145 6.0E+08 5.1E+02 _
   5448  3250      1 1.0E+00   3252 (3.7E-10) 4.2E-03  4.4658207E-01     796          145 5.9E+08 5.1E+02 _
   5449  3251      1 1.0E+00   3253 (1.9E-10) 4.0E-03  4.4658207E-01     796          145 5.8E+08 5.1E+02 _
   5450  3252      1 1.0E+00   3254 (9.2E-11) 2.9E-03  4.4658207E-01     795     1    145 5.7E+08 5.1E+02 _
   5451  3253      1 1.0E+00   3255 (8.7E-11) 2.2E-03  4.4658206E-01     795          145 5.7E+08 5.1E+02 _
   5452  3254      1 1.0E+00   3256 (1.7E-10) 3.4E-03  4.4658205E-01     795          145 5.7E+08 5.1E+02 _
   5453  3255      1 1.0E+00   3257 (5.3E-10) 4.4E-03  4.4658204E-01     795          145 5.7E+08 5.1E+02 _
   5454  3256      1 1.0E+00   3258 (2.0E-09) 4.8E-03  4.4658202E-01     795          145 5.6E+08 5.1E+02 _
   5455  3257      1 1.0E+00   3259 (6.4E-09) 4.5E-03  4.4658198E-01     795          145 5.6E+08 5.1E+02 _  R
   5456  3258      1 1.0E+00   3260 (2.2E-10) 6.9E-03  4.4658196E-01     795          145 5.6E+08 5.1E+02 _s
   5457  3259      1 1.0E+00   3261 (1.5E-08) 8.2E-03  4.4658193E-01     795          145 5.6E+08 5.1E+02 _

   Itns Major Minors    Step   nCon Feasible  Optimal  MeritFunction     L+U BSwap     nS condZHZ Penalty
   5458  3260      1 1.0E+00   3262 (1.2E-09) 6.0E-03  4.4658190E-01     795          145 5.6E+08 5.1E+02 _
   5459  3261      1 1.0E+00   3263 (8.3E-10) 9.6E-03  4.4658189E-01     796     1    145 5.6E+08 5.1E+02 _
   5460  3262      1 1.0E+00   3264 (7.2E-10) 7.4E-03  4.4658188E-01     796          145 5.6E+08 5.1E+02 _
   5461  3263      1 1.0E+00   3265 (8.7E-10) 6.7E-03  4.4658187E-01     796          145 5.6E+08 5.1E+02 _
   5462  3264      1 1.0E+00   3266 (1.8E-10) 3.8E-03  4.4658187E-01     796          145 5.6E+08 5.1E+02 _
   5463  3265      1 1.0E+00   3267 (2.3E-10) 2.9E-03  4.4658186E-01     796          145 5.6E+08 5.1E+02 _
   5464  3266      1 1.0E+00   3268 (3.8E-10) 3.0E-03  4.4658186E-01     796          145 5.6E+08 5.1E+02 _
   5465  3267      1 1.0E+00   3269 (9.2E-10) 4.3E-03  4.4658185E-01     796          145 5.6E+08 5.1E+02 _
   5466  3268      1 1.0E+00   3270 (4.0E-09) 7.3E-03  4.4658183E-01     796          145 5.6E+08 5.1E+02 _  R
   5467  3269      1 4.6E-01   3271 (2.2E-09) 1.9E-03  4.4658182E-01     796          145 5.6E+08 5.1E+02 _s
   5468  3270      1 1.0E+00   3272 (4.3E-11) 2.2E-03  4.4658181E-01     795     1    145 5.6E+08 5.1E+02 _
   5469  3271      1 1.0E+00   3273 (1.0E-10) 2.0E-03  4.4658181E-01     795          145 5.6E+08 5.1E+02 _
   5470  3272      1 1.0E+00   3274 (6.3E-10) 2.4E-03  4.4658179E-01     795          145 5.6E+08 5.1E+02 _
   5471  3273      1 1.0E+00   3275 (1.4E-09) 1.7E-03  4.4658178E-01     795          145 5.6E+08 5.1E+02 _
   5472  3274      1 1.0E+00   3276 (4.0E-09) 2.5E-03  4.4658176E-01     795          145 5.6E+08 5.1E+02 _
   5473  3275      1 1.0E+00   3277 (4.3E-09) 2.6E-03  4.4658174E-01     795          145 5.6E+08 5.1E+02 _
   5474  3276      1 1.0E+00   3278 (4.7E-09) 2.3E-03  4.4658173E-01     795          145 5.6E+08 5.1E+02 _
   5475  3277      1 1.0E+00   3279 (1.2E-09) 2.3E-03  4.4658171E-01     795          145 5.6E+08 5.1E+02 _
   5476  3278      1 1.0E+00   3280 (6.4E-10) 2.6E-03  4.4658169E-01     795          145 5.6E+08 5.1E+02 _
   5477  3279      1 1.0E+00   3281 (7.9E-09) 6.3E-03  4.4658162E-01     796     1    145 5.6E+08 5.1E+02 _  R

   Itns Major Minors    Step   nCon Feasible  Optimal  MeritFunction     L+U BSwap     nS condZHZ Penalty
   5478  3280      1 1.0E+00   3282 (1.7E-10) 3.4E-03  4.4658159E-01     796          145 5.6E+08 5.1E+02 _s
   5479  3281      1 1.0E+00   3283 (3.4E-09) 5.4E-03  4.4658155E-01     796          145 5.6E+08 5.1E+02 _
   5480  3282      1 1.0E+00   3284 (3.6E-09) 6.6E-03  4.4658153E-01     796          145 5.6E+08 5.1E+02 _
   5481  3283      1 1.0E+00   3285 (3.1E-09) 5.7E-03  4.4658150E-01     796          145 5.6E+08 5.1E+02 _
   5482  3284      1 1.0E+00   3286 (6.4E-09) 5.1E-03  4.4658146E-01     796          145 5.6E+08 5.1E+02 _
   5483  3285      1 1.0E+00   3287 (2.6E-09) 7.7E-03  4.4658144E-01     796          145 5.6E+08 5.1E+02 _
   5484  3286      1 1.0E+00   3288 (1.5E-09) 7.1E-03  4.4658141E-01     796          145 5.6E+08 5.1E+02 _
   5485  3287      1 1.0E+00   3289 (6.6E-09) 4.2E-03  4.4658138E-01     796          145 5.6E+08 5.1E+02 _
   5486  3288      1 1.0E+00   3290 (1.2E-08) 8.8E-03  4.4658136E-01     795     1    145 5.6E+08 5.1E+02 _
   5487  3289      1 1.0E+00   3291 (1.5E-09) 4.9E-03  4.4658132E-01     795          145 5.6E+08 5.1E+02 _
   5488  3290      1 1.0E+00   3292 (1.8E-09) 8.4E-03  4.4658128E-01     795          145 5.6E+08 5.1E+02 _  R
   5489  3291      1 1.0E+00   3293 (1.5E-09) 1.0E-02  4.4658126E-01     795          145 5.6E+08 5.1E+02 _s
   5490  3292      1 1.0E+00   3294 (6.4E-10) 5.4E-03  4.4658123E-01     795          145 5.6E+08 5.1E+02 _
   5491  3293      1 1.0E+00   3295 (2.0E-09) 3.8E-03  4.4658120E-01     795          145 5.5E+08 5.1E+02 _
   5492  3294      1 1.0E+00   3296 (9.9E-09) 9.7E-03  4.4658115E-01     795          145 5.6E+08 5.1E+02 _
   5493  3295      1 1.0E+00   3297 (1.3E-08) 5.2E-03  4.4658112E-01     795          145 5.6E+08 5.1E+02 _
   5494  3296      1 1.0E+00   3298 (2.7E-09) 3.4E-03  4.4658110E-01     795          145 5.5E+08 5.1E+02 _
   5496  3297      2 1.0E+00   3299 (4.5E-10) 3.4E-03  4.4658108E-01     799     2    146 5.8E+08 5.1E+02 _
   5498  3298      2 1.0E+00   3300 (1.6E-09) 3.8E-03  4.4658107E-01     799          145 5.9E+08 5.1E+02 _
   5499  3299      1 1.0E+00   3301 (2.7E-09) 2.8E-03  4.4658105E-01     799          145 6.2E+08 5.1E+02 _

   Itns Major Minors    Step   nCon Feasible  Optimal  MeritFunction     L+U BSwap     nS condZHZ Penalty
   5500  3300      1 1.0E+00   3302 (4.0E-10) 3.5E-03  4.4658103E-01     799          145 6.5E+08 5.1E+02 _
   5501  3301      1 1.0E+00   3303 (7.7E-10) 3.4E-03  4.4658101E-01     799          145 7.0E+08 5.1E+02 _  R
   5502  3302      1 1.0E+00   3304 (2.2E-10) 2.3E-03  4.4658100E-01     799          145 7.0E+08 5.1E+02 _s
   5503  3303      1 1.0E+00   3305 (1.8E-09) 3.0E-03  4.4658098E-01     799          145 7.0E+08 5.1E+02 _
   5504  3304      1 1.0E+00   3306 (2.0E-09) 6.9E-03  4.4658097E-01     799          145 6.9E+08 5.1E+02 _
   5505  3305      1 1.0E+00   3307 (4.6E-10) 3.5E-03  4.4658096E-01     799          145 7.0E+08 5.1E+02 _
   5506  3306      1 1.0E+00   3308 (1.1E-09) 8.1E-03  4.4658096E-01     798     1    145 7.3E+08 5.1E+02 _
   5507  3307      1 1.0E+00   3309 (8.5E-10) 3.4E-03  4.4658095E-01     798          145 7.3E+08 5.1E+02 _
   5508  3308      1 1.0E+00   3310 (2.3E-10) 3.3E-03  4.4658095E-01     798          145 7.3E+08 5.1E+02 _
   5509  3309      1 1.0E+00   3311 (5.5E-11) 1.8E-03  4.4658094E-01     798          145 7.4E+08 5.1E+02 _
   5510  3310      1 1.0E+00   3312 (4.7E-11) 1.7E-03  4.4658094E-01     798          145 7.3E+08 5.1E+02 _
   5511  3311      1 1.0E+00   3313 (2.3E-10) 2.6E-03  4.4658094E-01     798          145 7.6E+08 5.1E+02 _
   5512  3312      1 1.0E+00   3314 (5.2E-10) 2.5E-03  4.4658093E-01     798          145 7.2E+08 5.1E+02 _  R
   5513  3313      1 1.0E+00   3315 (1.4E-10) 2.6E-03  4.4658093E-01     798          145 7.3E+08 5.1E+02 _s
   5514  3314      1 1.0E+00   3316 (8.4E-11) 2.2E-03  4.4658092E-01     798          145 7.3E+08 5.1E+02 _
   5515  3315      1 1.0E+00   3317 (4.5E-10) 1.6E-03  4.4658091E-01     799     1    145 7.6E+08 5.1E+02 _
   5516  3316      1 1.0E+00   3318 (1.2E-10) 1.8E-03  4.4658091E-01     799          145 7.7E+08 5.1E+02 _
   5517  3317      1 1.0E+00   3319 (5.5E-10) 3.3E-03  4.4658089E-01     799          145 7.7E+08 5.1E+02 _
   5518  3318      1 1.0E+00   3320 (3.5E-09) 6.0E-03  4.4658087E-01     799          145 7.7E+08 5.1E+02 _
   5519  3319      1 1.0E+00   3321 (3.4E-09) 4.0E-03  4.4658086E-01     799          145 7.7E+08 5.1E+02 _

   Itns Major Minors    Step   nCon Feasible  Optimal  MeritFunction     L+U BSwap     nS condZHZ Penalty
   5520  3320      1 1.0E+00   3322 (4.1E-10) 3.4E-03  4.4658084E-01     799          145 7.7E+08 5.1E+02 _
   5521  3321      1 1.0E+00   3323 (3.1E-09) 5.0E-03  4.4658080E-01     799          145 7.7E+08 5.1E+02 _
   5522  3322      1 1.0E+00   3324 (7.9E-10) 6.9E-03  4.4658077E-01     799          145 7.7E+08 5.1E+02 _
   5523  3323      1 1.0E+00   3325 (7.3E-10) 5.5E-03  4.4658074E-01     799          145 8.0E+08 5.1E+02 _  R
   5524  3324      1 1.0E+00   3326 (2.8E-10) 7.0E-03  4.4658072E-01     797     2    145 8.6E+08 5.1E+02 _s
   5525  3325      1 1.0E+00   3327 (1.1E-10) 2.2E-03  4.4658071E-01     797          145 8.6E+08 5.1E+02 _
   5526  3326      1 1.0E+00   3328 (2.4E-10) 2.0E-03  4.4658070E-01     797          145 8.5E+08 5.1E+02 _
   5527  3327      1 1.0E+00   3329 (7.0E-11) 1.3E-03  4.4658070E-01     797          145 8.5E+08 5.1E+02 _
   5528  3328      1 1.0E+00   3330 (7.0E-11) 9.4E-04  4.4658070E-01     797          145 8.5E+08 5.1E+02 _
   5529  3329      1 1.0E+00   3331 (2.4E-10) 1.1E-03  4.4658070E-01     797          145 8.5E+08 5.1E+02 _
   5530  3330      1 1.0E+00   3332 (2.1E-10) 1.1E-03  4.4658069E-01     797          145 8.6E+08 5.1E+02 _
   5531  3331      1 1.0E+00   3333 (3.1E-10) 9.9E-04  4.4658069E-01     797          145 8.6E+08 5.1E+02 _
   5532  3332      1 1.0E+00   3334 (4.5E-10) 6.4E-04  4.4658069E-01     797          145 8.6E+08 5.1E+02 _
   5533  3333      1 1.0E+00   3335 (9.2E-10) 2.0E-03  4.4658068E-01     797          145 8.5E+08 5.1E+02 _
   5534  3334      1 1.0E+00   3336 (1.3E-09) 3.4E-03  4.4658068E-01     798     1    145 7.9E+08 5.1E+02 _  R
   5535  3335      1 1.0E+00   3337 (7.0E-11) 1.4E-03  4.4658067E-01     798          145 7.9E+08 5.1E+02 _s
   5536  3336      1 1.0E+00   3338 (5.4E-10) 2.0E-03  4.4658067E-01     798          145 7.9E+08 5.1E+02 _
   5537  3337      1 1.0E+00   3339 (4.1E-10) 1.8E-03  4.4658066E-01     798          145 7.9E+08 5.1E+02 _
   5538  3338      1 1.0E+00   3340 (1.7E-09) 1.3E-03  4.4658066E-01     798          145 7.9E+08 5.1E+02 _
   5539  3339      1 1.0E+00   3341 (2.3E-10) 9.3E-04  4.4658066E-01     798          145 7.9E+08 5.1E+02 _

   Itns Major Minors    Step   nCon Feasible  Optimal  MeritFunction     L+U BSwap     nS condZHZ Penalty
   5540  3340      1 1.0E+00   3342 (4.8E-10) 1.7E-03  4.4658066E-01     798          145 7.9E+08 5.1E+02 _
   5541  3341      1 1.0E+00   3343 (9.9E-10) 1.1E-03  4.4658065E-01     798          145 7.9E+08 5.1E+02 _
   5542  3342      1 1.0E+00   3344 (3.9E-10) 1.4E-03  4.4658065E-01     798          145 7.9E+08 5.1E+02 _
   5543  3343      1 1.0E+00   3345 (2.3E-10) 1.4E-03  4.4658065E-01     798          145 7.9E+08 5.1E+02 _
   5544  3344      1 1.0E+00   3346 (2.7E-10) 2.2E-03  4.4658064E-01     797     1    145 7.9E+08 5.1E+02 _
   5545  3345      1 1.0E+00   3347 (2.9E-09) 3.7E-03  4.4658063E-01     797          145 7.8E+08 5.1E+02 _  R
   5546  3346      1 1.0E+00   3348 (1.5E-10) 1.3E-03  4.4658062E-01     797          145 7.8E+08 5.1E+02 _s
   5547  3347      1 1.0E+00   3349 (3.1E-10) 2.0E-03  4.4658061E-01     797          145 7.8E+08 5.1E+02 _
   5548  3348      1 1.0E+00   3350 (3.6E-10) 2.1E-03  4.4658061E-01     797          145 7.7E+08 5.1E+02 _
   5549  3349      1 1.0E+00   3351 (1.5E-10) 2.1E-03  4.4658060E-01     797          145 7.5E+08 5.1E+02 _
   5550  3350      1 1.0E+00   3352 (1.2E-09) 2.5E-03  4.4658058E-01     797          145 7.4E+08 5.1E+02 _
   5551  3351      1 1.0E+00   3353 (2.4E-09) 4.0E-03  4.4658056E-01     797          145 6.8E+08 5.1E+02 _
   5552  3352      1 1.0E+00   3354 (1.6E-08) 5.2E-03  4.4658050E-01     797          145 6.3E+08 5.1E+02 _
   5553  3353      1 1.0E+00   3355 (2.3E-08) 1.1E-02  4.4658043E-01     797          145 5.5E+08 5.1E+02 _
   5554  3354      1 1.0E+00   3356 (4.9E-08) 5.0E-03  4.4658034E-01     798     1    145 5.5E+08 5.1E+02 _
   5555  3355      1 1.0E+00   3357 (1.6E-09) 4.5E-03  4.4658029E-01     798          145 5.5E+08 5.1E+02 _
   5556  3356      1 1.0E+00   3358 (7.8E-09) 5.1E-03  4.4658023E-01     798          145 5.5E+08 5.1E+02 _  R
   5557  3357      1 1.0E+00   3359 (2.4E-09) 4.1E-03  4.4658019E-01     798          145 5.5E+08 5.1E+02 _s
   5558  3358      1 1.0E+00   3360 (1.5E-08) 3.1E-03  4.4658014E-01     798          145 5.4E+08 5.1E+02 _
   5559  3359      1 1.0E+00   3361 (3.5E-08) 6.7E-03  4.4658011E-01     798          145 5.4E+08 5.1E+02 _

   Itns Major Minors    Step   nCon Feasible  Optimal  MeritFunction     L+U BSwap     nS condZHZ Penalty
   5560  3360      1 1.0E+00   3362 (4.3E-09) 1.9E-03  4.4658008E-01     798          145 5.5E+08 5.1E+02 _
   5561  3361      1 1.0E+00   3363 (3.7E-09) 5.5E-03  4.4658007E-01     798          145 5.4E+08 5.1E+02 _
   5562  3362      1 1.0E+00   3364 (4.0E-09) 3.3E-03  4.4658005E-01     798          145 5.5E+08 5.1E+02 _
   5563  3363      1 1.0E+00   3365 (1.8E-09) 2.8E-03  4.4658004E-01     797     1    145 6.0E+08 5.1E+02 _
   5564  3364      1 1.0E+00   3366 (4.7E-10) 3.2E-03  4.4658003E-01     797          145 6.0E+08 5.1E+02 _
   5565  3365      1 1.0E+00   3367 (6.7E-10) 2.9E-03  4.4658001E-01     797          145 6.1E+08 5.1E+02 _
   5566  3366      1 1.0E+00   3368 (4.0E-09) 8.7E-03  4.4657997E-01     797          145 6.6E+08 5.1E+02 _
   5567  3367      1 1.0E+00   3369 (1.2E-08) 8.5E-03  4.4657992E-01     797          145 7.6E+08 5.1E+02 _  R
   5568  3368      1 1.0E+00   3370 (2.4E-09) 1.1E-02  4.4657991E-01     797          145 7.7E+08 5.1E+02 _s
   5569  3369      1 1.0E+00   3371 (9.0E-10) 2.8E-03  4.4657988E-01     797          145 7.7E+08 5.1E+02 _
   5570  3370      1 1.0E+00   3372 (5.6E-10) 1.9E-03  4.4657987E-01     798     2    145 5.6E+08 5.1E+02 _
   5571  3371      1 1.0E+00   3373 (6.4E-09) 4.3E-03  4.4657986E-01     798          145 5.6E+08 5.1E+02 _
   5572  3372      1 1.0E+00   3374 (4.1E-09) 2.8E-03  4.4657985E-01     798          145 5.6E+08 5.1E+02 _
   5573  3373      1 1.0E+00   3375 (1.4E-09) 9.7E-04  4.4657985E-01     798          145 5.6E+08 5.1E+02 _
   5574  3374      1 1.0E+00   3376 (3.2E-10) 1.3E-03  4.4657985E-01     798          145 5.6E+08 5.1E+02 _
   5575  3375      1 1.0E+00   3377 (1.5E-10) 2.4E-03  4.4657985E-01     798          145 5.6E+08 5.1E+02 _
   5576  3376      1 1.0E+00   3378 (1.3E-10) 2.1E-03  4.4657984E-01     798          145 5.5E+08 5.1E+02 _
   5577  3377      1 1.0E+00   3379 (1.2E-10) 8.6E-04  4.4657984E-01     798          145 5.6E+08 5.1E+02 _
   5578  3378      1 1.0E+00   3380 (2.5E-10) 9.2E-04  4.4657983E-01     798          145 5.6E+08 5.1E+02 _  R
   5579  3379      1 1.0E+00   3381 (4.1E-11) 1.4E-03  4.4657983E-01     796     2    145 5.5E+08 5.1E+02 _s

   Itns Major Minors    Step   nCon Feasible  Optimal  MeritFunction     L+U BSwap     nS condZHZ Penalty
   5580  3380      1 1.0E+00   3382 (2.2E-09) 4.4E-03  4.4657983E-01     796          145 5.5E+08 5.1E+02 _
   5581  3381      1 1.0E+00   3383 (1.2E-10) 2.2E-03  4.4657983E-01     796          145 5.4E+08 5.1E+02 _
   5582  3382      1 1.0E+00   3384 (9.7E-11) 3.6E-03  4.4657983E-01     796          145 5.3E+08 5.1E+02 _
   5583  3383      1 1.0E+00   3385 (6.2E-11) 2.9E-03  4.4657982E-01     796          145 5.2E+08 5.1E+02 _
   5584  3384      1 1.0E+00   3386 (4.9E-10) 5.1E-03  4.4657982E-01     796          145 5.2E+08 5.1E+02 _
   5585  3385      1 1.0E+00   3387 (3.4E-10) 3.8E-03  4.4657982E-01     796          145 5.2E+08 5.1E+02 _
   5586  3386      1 1.0E+00   3388 (5.8E-09) 8.5E-03  4.4657980E-01     796          145 5.2E+08 5.1E+02 _
   5587  3387      1 1.0E+00   3389 (1.5E-08) 1.0E-02  4.4657978E-01     796          145 5.0E+08 5.1E+02 _
   5588  3388      1 9.5E-03   3390 (1.5E-08) 1.0E-02  4.4657978E-01     797     1    145 5.4E+08 5.1E+02 _
   5589  3389      1 6.0E-02   3391 (1.4E-08) 9.4E-03  4.4657978E-01     797          145 6.1E+08 5.1E+02 _  R
   5590  3390      1 4.0E-01   3392 (8.1E-09) 3.6E-03  4.4657976E-01     797          145 6.1E+08 5.1E+02 _s
   5591  3391      1 1.0E+00   3393 (1.8E-10) 1.8E-03  4.4657976E-01     797          145 6.1E+08 5.1E+02 _
   5592  3392      1 1.0E+00   3394 (8.5E-10) 3.9E-03  4.4657975E-01     797          145 6.3E+08 5.1E+02 _
   5593  3393      1 1.0E+00   3395 (1.3E-09) 4.1E-03  4.4657975E-01     797          145 6.1E+08 5.1E+02 _
   5594  3394      1 1.0E+00   3396 (1.8E-09) 1.8E-03  4.4657974E-01     797          145 6.1E+08 5.1E+02 _
   5595  3395      1 1.0E+00   3397 (3.9E-10) 7.3E-04  4.4657974E-01     797          145 6.1E+08 5.1E+02 _
   5596  3396      1 1.0E+00   3398 (1.2E-10) 1.6E-03  4.4657974E-01     797          145 6.1E+08 5.1E+02 _
   5597  3397      1 1.0E+00   3399 (1.1E-11) 1.4E-03  4.4657974E-01     797          145 6.1E+08 5.1E+02 _
   5598  3398      1 1.0E+00   3400 (1.3E-11) 4.1E-04  4.4657974E-01     796     1    145 6.2E+08 5.1E+02 _
   5599  3399      1 1.0E+00   3401 (4.7E-12) 6.3E-04  4.4657974E-01     796          145 6.3E+08 5.1E+02 _

   Itns Major Minors    Step   nCon Feasible  Optimal  MeritFunction     L+U BSwap     nS condZHZ Penalty
   5600  3400      1 1.0E+00   3402 (7.1E-12) 9.6E-04  4.4657974E-01     796          145 6.0E+08 5.1E+02 _  R
   5601  3401      1 1.0E+00   3403 (1.1E-12) 4.2E-04  4.4657974E-01     796          145 6.3E+08 5.1E+02 _s
   5602  3402      1 1.0E+00   3404 (3.1E-11) 1.3E-03  4.4657974E-01     796          145 7.6E+08 5.1E+02 _
   5603  3403      1 1.0E+00   3405 (4.1E-11) 9.1E-04  4.4657974E-01     796          145 7.2E+08 5.1E+02 _
   5604  3404      1 1.0E+00   3406 (9.3E-11) 1.0E-03  4.4657974E-01     796          145 7.5E+08 5.1E+02 _
   5605  3405      1 1.0E+00   3407 (8.7E-10) 1.1E-03  4.4657974E-01     796          145 7.5E+08 5.1E+02 _
   5606  3406      1 1.0E+00   3408 (3.0E-10) 1.3E-03  4.4657973E-01     796          145 7.2E+08 5.1E+02 _
   5607  3407      1 1.0E+00   3409 (1.8E-10) 1.6E-03  4.4657973E-01     796          145 6.6E+08 5.1E+02 _
   5608  3408      1 1.0E+00   3410 (3.6E-10) 1.5E-03  4.4657973E-01     797     1    145 6.3E+08 5.1E+02 _
   5609  3409      1 1.0E+00   3411 (7.5E-10) 3.2E-03  4.4657972E-01     797          145 6.6E+08 5.1E+02 _
   5610  3410      1 1.0E+00   3412 (5.2E-09) 4.3E-03  4.4657971E-01     797          145 6.8E+08 5.1E+02 _
   5611  3411      1 1.0E+00   3413 (3.9E-09) 4.1E-03  4.4657971E-01     797          145 6.3E+08 5.1E+02 _  R
   5612  3412      1 1.0E+00   3414 (5.4E-10) 5.4E-03  4.4657971E-01     797          145 6.3E+08 5.1E+02 _s
   5613  3413      1 1.0E+00   3415 (6.0E-11) 2.0E-03  4.4657970E-01     797          145 6.3E+08 5.1E+02 _
   5614  3414      1 1.0E+00   3416 (3.2E-10) 7.8E-04  4.4657970E-01     797          145 6.3E+08 5.1E+02 _
   5615  3415      1 1.0E+00   3417 (3.2E-09) 2.2E-03  4.4657969E-01     797          145 6.3E+08 5.1E+02 _
   5616  3416      1 1.0E+00   3418 (1.6E-09) 2.3E-03  4.4657969E-01     797          145 6.3E+08 5.1E+02 _
   5617  3417      1 1.0E+00   3419 (4.7E-10) 7.7E-04  4.4657968E-01     796     1    145 6.2E+08 5.1E+02 _
   5618  3418      1 1.0E+00   3420 (8.9E-11) 1.4E-03  4.4657968E-01     796          145 6.3E+08 5.1E+02 _
   5619  3419      1 1.0E+00   3421 (4.2E-10) 1.6E-03  4.4657968E-01     796          145 6.3E+08 5.1E+02 _

   Itns Major Minors    Step   nCon Feasible  Optimal  MeritFunction     L+U BSwap     nS condZHZ Penalty
   5620  3420      1 1.0E+00   3422 (1.1E-09) 1.7E-03  4.4657968E-01     796          145 6.3E+08 5.1E+02 _
   5621  3421      1 1.0E+00   3423 (8.9E-10) 9.3E-04  4.4657967E-01     796          145 6.2E+08 5.1E+02 _
   5622  3422      1 1.0E+00   3424 (2.5E-10) 9.2E-04  4.4657967E-01     796          145 6.2E+08 5.1E+02 _  R
   5623  3423      1 1.0E+00   3425 (3.3E-12) 4.9E-04  4.4657967E-01     796          145 6.2E+08 5.1E+02 _s
   5624  3424      1 1.0E+00   3426 (6.8E-11) 6.0E-04  4.4657967E-01     796          145 6.2E+08 5.1E+02 _
   5625  3425      1 1.0E+00   3427 (9.4E-11) 6.1E-04  4.4657967E-01     796          145 6.2E+08 5.1E+02 _
   5626  3426      1 1.0E+00   3428 (7.4E-11) 8.9E-04  4.4657967E-01     796          145 6.2E+08 5.1E+02 _
   5627  3427      1 1.0E+00   3429 (2.7E-11) 1.3E-03  4.4657967E-01     797     1    145 6.3E+08 5.1E+02 _
   5628  3428      1 1.0E+00   3430 (3.1E-10) 8.4E-04  4.4657967E-01     797          145 6.3E+08 5.1E+02 _
   5629  3429      1 1.0E+00   3431 (5.3E-11) 1.0E-03  4.4657967E-01     797          145 6.4E+08 5.1E+02 _
   5630  3430      1 1.0E+00   3432 (1.1E-10) 1.1E-03  4.4657967E-01     797          145 6.3E+08 5.1E+02 _
   5631  3431      1 1.0E+00   3433 (1.0E-10) 1.0E-03  4.4657966E-01     797          145 6.3E+08 5.1E+02 _
   5632  3432      1 1.0E+00   3434 (1.1E-10) 9.7E-04  4.4657966E-01     797          145 6.5E+08 5.1E+02 _
   5633  3433      1 1.0E+00   3435 (9.2E-11) 1.3E-03  4.4657966E-01     797          145 6.3E+08 5.1E+02 _  R
   5634  3434      1 1.0E+00   3436 (2.9E-11) 8.6E-04  4.4657966E-01     797          145 6.2E+08 5.1E+02 _s
   5635  3435      1 1.0E+00   3437 (2.6E-10) 1.1E-03  4.4657966E-01     797          145 6.4E+08 5.1E+02 _
   5636  3436      1 1.0E+00   3438 (8.4E-11) 8.9E-04  4.4657966E-01     797          145 6.1E+08 5.1E+02 _
   5637  3437      1 1.0E+00   3439 (9.4E-11) 1.3E-03  4.4657966E-01     796     1    145 6.5E+08 5.1E+02 _
   5638  3438      1 1.0E+00   3440 (3.3E-10) 1.1E-03  4.4657966E-01     796          145 6.6E+08 5.1E+02 _
   5639  3439      1 1.0E+00   3441 (3.5E-11) 1.4E-03  4.4657965E-01     796          145 6.5E+08 5.1E+02 _

   Itns Major Minors    Step   nCon Feasible  Optimal  MeritFunction     L+U BSwap     nS condZHZ Penalty
   5640  3440      1 1.0E+00   3442 (1.1E-10) 1.5E-03  4.4657965E-01     796          145 6.7E+08 5.1E+02 _
   5641  3441      1 1.0E+00   3443 (3.6E-10) 2.3E-03  4.4657965E-01     796          145 6.6E+08 5.1E+02 _
   5642  3442      1 1.0E+00   3444 (2.8E-10) 1.0E-03  4.4657965E-01     796          145 6.8E+08 5.1E+02 _
   5643  3443      1 1.0E+00   3445 (3.5E-09) 3.4E-03  4.4657965E-01     796          145 6.7E+08 5.1E+02 _
   5644  3444      1 1.0E+00   3446 (2.4E-09) 1.3E-03  4.4657964E-01     796          145 6.9E+08 5.1E+02 _  R
   5645  3445      1 1.0E+00   3447 (3.1E-10) 2.1E-03  4.4657964E-01     796          145 6.7E+08 5.1E+02 _s
   5646  3446      1 1.0E+00   3448 (1.4E-10) 8.6E-04  4.4657964E-01     797     1    145 6.8E+08 5.1E+02 _
   5647  3447      1 1.0E+00   3449 (6.7E-10) 1.9E-03  4.4657964E-01     797          145 6.8E+08 5.1E+02 _
   5648  3448      1 1.0E+00   3450 (1.9E-10) 7.7E-04  4.4657964E-01     797          145 6.8E+08 5.1E+02 _
   5649  3449      1 1.0E+00   3451 (1.2E-10) 1.6E-03  4.4657964E-01     797          145 6.5E+08 5.1E+02 _
   5651  3450      2 1.0E+00   3452 (3.0E-11) 8.3E-04  4.4657964E-01     797          146 6.8E+08 5.1E+02 _
   5652  3451      1 1.0E+00   3453 (4.0E-10) 2.4E-03  4.4657963E-01     797          146 6.1E+08 5.1E+02 _
   5653  3452      1 1.0E+00   3454 (1.3E-10) 1.3E-03  4.4657963E-01     797          146 6.1E+08 5.1E+02 _
   5656  3453      3 1.0E+00   3455 (1.6E-10) 1.1E-03  4.4657963E-01     797          145 6.1E+08 5.1E+02 _
   5658  3454      2 1.0E+00   3456 (5.1E-10) 1.8E-03  4.4657963E-01     797          146 6.1E+08 5.1E+02 _
   5659  3455      1 1.0E+00   3457 (3.3E-10) 1.9E-03  4.4657963E-01     797          146 6.1E+08 5.1E+02 _  R
   5660  3456      1 1.0E+00   3458 (1.0E-10) 1.7E-03  4.4657962E-01     781     1    146 6.1E+08 5.1E+02 _s
   5663  3457      3 1.0E+00   3459 (9.4E-12) 7.8E-04  4.4657962E-01     801          145 6.1E+08 5.1E+02 _
   5665  3458      2 1.0E+00   3460 (2.3E-10) 1.3E-03  4.4657962E-01     796          146 6.2E+08 5.1E+02 _
   5666  3459      1 1.0E+00   3461 (1.6E-10) 1.3E-03  4.4657962E-01     796          146 6.3E+08 5.1E+02 _

   Itns Major Minors    Step   nCon Feasible  Optimal  MeritFunction     L+U BSwap     nS condZHZ Penalty
   5667  3460      1 1.0E+00   3462 (1.8E-10) 1.0E-03  4.4657962E-01     796          146 6.3E+08 5.1E+02 _
   5668  3461      1 1.0E+00   3463 (2.5E-11) 6.3E-04  4.4657962E-01     796          146 6.2E+08 5.1E+02 _
   5669  3462      1 1.0E+00   3464 (2.5E-11) 5.9E-04  4.4657962E-01     796          146 6.3E+08 5.1E+02 _
   5670  3463      1 1.0E+00   3465 (2.5E-10) 1.1E-03  4.4657961E-01     796          146 6.3E+08 5.1E+02 _
   5671  3464      1 1.0E+00   3466 (2.9E-10) 1.4E-03  4.4657961E-01     796          146 6.3E+08 5.1E+02 _
   5672  3465      1 1.0E+00   3467 (4.1E-10) 1.2E-03  4.4657961E-01     781     1    146 6.3E+08 5.1E+02 _
   5673  3466      1 1.0E+00   3468 (2.0E-10) 1.0E-03  4.4657961E-01     781          146 6.2E+08 5.1E+02 _  R
   5674  3467      1 1.0E+00   3469 (5.3E-11) 8.4E-04  4.4657961E-01     781          146 6.2E+08 5.1E+02 _s
   5675  3468      1 1.0E+00   3470 (2.6E-09) 1.3E-03  4.4657960E-01     781          146 6.2E+08 5.1E+02 _
   5676  3469      1 5.0E-01   3471 (1.3E-09) 9.3E-04  4.4657960E-01     781          146 6.3E+08 5.1E+02 _
   5677  3470      1 1.0E+00   3472 (6.6E-11) 1.4E-03  4.4657960E-01     781          146 6.3E+08 5.1E+02 _
   5678  3471      1 1.0E+00   3473 (5.4E-11) 1.0E-03  4.4657960E-01     781          146 6.3E+08 5.1E+02 _
   5679  3472      1 1.0E+00   3474 (4.8E-11) 2.1E-03  4.4657960E-01     781          146 6.3E+08 5.1E+02 _
   5680  3473      1 1.0E+00   3475 (6.9E-11) 1.7E-03  4.4657960E-01     781          146 6.3E+08 5.1E+02 _
   5681  3474      1 4.9E-01   3476 (1.5E-10) 1.6E-03  4.4657960E-01     781          146 6.3E+08 5.1E+02 _
   5682  3475      1 1.0E+00   3477 (1.2E-09) 2.7E-03  4.4657959E-01     781          146 6.2E+08 5.1E+02 _
   5683  3476      1 2.4E-01   3478 (1.1E-09) 3.9E-03  4.4657959E-01     781          146 6.2E+08 5.1E+02 _
   5684  3477      1 3.1E-01   3479 (1.5E-09) 3.8E-03  4.4657958E-01     781          146 6.2E+08 5.1E+02 _  R
   5685  3478      1 4.4E-01   3480 (9.2E-10) 1.7E-03  4.4657958E-01     781          146 6.3E+08 5.1E+02 _s
   5686  3479      1 1.0E+00   3481 (3.9E-11) 1.1E-03  4.4657958E-01     781          146 6.5E+08 5.1E+02 _

   Itns Major Minors    Step   nCon Feasible  Optimal  MeritFunction     L+U BSwap     nS condZHZ Penalty
   5687  3480      1 1.0E+00   3482 (5.7E-10) 1.7E-03  4.4657957E-01     781          146 6.5E+08 5.1E+02 _
   5688  3481      1 1.0E+00   3483 (4.4E-10) 2.1E-03  4.4657957E-01     781          146 6.5E+08 5.1E+02 _
   5689  3482      1 1.0E+00   3484 (2.3E-10) 1.9E-03  4.4657957E-01     781          146 6.5E+08 5.1E+02 _
   5690  3483      1 1.0E+00   3485 (6.4E-11) 1.0E-03  4.4657957E-01     781          146 6.5E+08 5.1E+02 _
   5691  3484      1 1.0E+00   3486 (7.2E-11) 1.1E-03  4.4657957E-01     781          146 6.5E+08 5.1E+02 _
   5693  3485      2 1.0E+00   3487 (2.3E-10) 2.3E-03  4.4657956E-01     801          145 6.5E+08 5.1E+02 _
   5694  3486      1 1.0E+00   3488 (4.3E-10) 2.5E-03  4.4657956E-01     796          145 6.5E+08 5.1E+02 _
   5695  3487      1 1.0E+00   3489 (6.4E-10) 2.0E-03  4.4657956E-01     796          145 6.6E+08 5.1E+02 _
   5696  3488      1 1.0E+00   3490 (7.6E-10) 1.9E-03  4.4657956E-01     796          145 6.5E+08 5.1E+02 _  R
   5697  3489      1 1.0E+00   3491 (7.3E-11) 1.2E-03  4.4657956E-01     796          145 6.6E+08 5.1E+02 _s
   5698  3490      1 1.0E+00   3492 (3.0E-09) 2.6E-03  4.4657955E-01     796          145 6.3E+08 5.1E+02 _
   5699  3491      1 1.0E+00   3493 (3.5E-10) 1.5E-03  4.4657955E-01     796          145 5.6E+08 5.1E+02 _
   5700  3492      1 1.0E+00   3494 (8.4E-11) 2.3E-03  4.4657955E-01     796          145 5.4E+08 5.1E+02 _
   5702  3493      2 1.0E+00   3495 (1.1E-10) 1.9E-03  4.4657955E-01     796          146 5.3E+08 5.1E+02 _
   5703  3494      1 1.0E+00   3496 (7.0E-11) 2.6E-03  4.4657955E-01     781     1    146 5.3E+08 5.1E+02 _
   5704  3495      1 1.0E+00   3497 (8.1E-11) 2.0E-03  4.4657955E-01     781          146 5.3E+08 5.1E+02 _
   5705  3496      1 1.0E+00   3498 (7.6E-11) 2.1E-03  4.4657954E-01     781          146 5.5E+08 5.1E+02 _
   5706  3497      1 1.0E+00   3499 (2.6E-09) 4.1E-03  4.4657954E-01     781          146 5.4E+08 5.1E+02 _
   5707  3498      1 1.0E+00   3500 (1.8E-09) 4.0E-03  4.4657953E-01     781          146 5.4E+08 5.1E+02 _
   5708  3499      1 1.0E+00   3501 (1.7E-09) 7.4E-03  4.4657951E-01     781          146 4.6E+08 5.1E+02 _  R

   Itns Major Minors    Step   nCon Feasible  Optimal  MeritFunction     L+U BSwap     nS condZHZ Penalty
   5709  3500      1 4.3E-01   3502 (1.1E-09) 3.4E-03  4.4657950E-01     781          146 4.6E+08 5.1E+02 _s
   5710  3501      1 1.0E+00   3503 (3.8E-11) 1.6E-03  4.4657950E-01     781          146 4.6E+08 5.1E+02 _
   5711  3502      1 1.0E+00   3504 (2.8E-10) 2.4E-03  4.4657949E-01     781          146 4.7E+08 5.1E+02 _
   5712  3503      1 1.0E+00   3505 (7.2E-10) 2.3E-03  4.4657949E-01     781          146 4.7E+08 5.1E+02 _
   5713  3504      1 1.0E+00   3506 (5.0E-10) 1.5E-03  4.4657949E-01     781          146 4.7E+08 5.1E+02 _
   5714  3505      1 1.0E+00   3507 (6.6E-11) 6.5E-04  4.4657949E-01     781          146 4.7E+08 5.1E+02 _
   5715  3506      1 1.0E+00   3508 (3.2E-11) 6.6E-04  4.4657948E-01     781          146 4.7E+08 5.1E+02 _
   5716  3507      1 1.0E+00   3509 (8.2E-11) 1.1E-03  4.4657948E-01     781          146 4.7E+08 5.1E+02 _
   5718  3508      2 1.0E+00   3510 (2.5E-10) 1.2E-03  4.4657948E-01     801          145 4.7E+08 5.1E+02 _
   5719  3509      1 1.0E+00   3511 (4.2E-10) 9.5E-04  4.4657948E-01     796          145 4.7E+08 5.1E+02 _
   5720  3510      1 1.0E+00   3512 (4.3E-10) 6.6E-04  4.4657948E-01     796          145 4.6E+08 5.1E+02 _  R
   5722  3511      2 1.0E+00   3513 (8.9E-12) 5.9E-04  4.4657948E-01     796          146 4.6E+08 5.1E+02 _s
   5723  3512      1 3.1E-01   3514 (2.2E-10) 1.8E-03  4.4657948E-01     796          146 4.6E+08 5.1E+02 _
   5724  3513      1 3.2E-01   3515 (4.6E-10) 1.6E-03  4.4657948E-01     796          146 4.6E+08 5.1E+02 _
   5725  3514      1 3.5E-01   3516 (3.5E-10) 1.1E-03  4.4657948E-01     781     1    146 5.2E+08 5.1E+02 _
   5727  3515      2 3.8E-01   3517 (2.5E-10) 1.8E-03  4.4657947E-01     801          145 5.3E+08 5.1E+02 _
   5728  3516      1 1.0E+00   3518 (1.8E-10) 2.7E-03  4.4657947E-01     796          145 5.4E+08 5.1E+02 _
   5729  3517      1 1.0E+00   3519 (1.2E-09) 4.9E-03  4.4657947E-01     796          145 6.1E+08 5.1E+02 _
   5730  3518      1 1.0E+00   3520 (1.5E-09) 8.7E-03  4.4657947E-01     796          145 6.2E+08 5.1E+02 _
   5731  3519      1 4.1E-01   3521 (1.4E-09) 6.4E-03  4.4657945E-01     796          145 6.1E+08 5.1E+02 _

   Itns Major Minors    Step   nCon Feasible  Optimal  MeritFunction     L+U BSwap     nS condZHZ Penalty
   5732  3520      1 2.8E-01   3522 (1.1E-09) 4.5E-03  4.4657944E-01     796          145 6.1E+08 5.1E+02 _
   5733  3521      1 1.0E+00   3523 (3.9E-09) 9.6E-03  4.4657943E-01     796          145 5.9E+08 5.1E+02 _  R
   5734  3522      1 2.7E-01   3524 (3.5E-09) 4.8E-03  4.4657942E-01     796          145 5.7E+08 5.1E+02 _s
   5735  3523      1 1.0E+00   3525 (1.2E-10) 2.4E-03  4.4657941E-01     796          145 5.6E+08 5.1E+02 _
   5736  3524      1 1.0E+00   3526 (5.9E-11) 1.5E-03  4.4657941E-01     797     1    145 5.7E+08 5.1E+02 _
   5737  3525      1 1.0E+00   3527 (1.8E-11) 1.6E-03  4.4657941E-01     797          145 5.7E+08 5.1E+02 _
   5738  3526      1 1.0E+00   3528 (4.4E-11) 1.3E-03  4.4657941E-01     797          145 5.9E+08 5.1E+02 _
   5739  3527      1 1.0E+00   3529 (6.3E-11) 1.9E-03  4.4657940E-01     797          145 5.8E+08 5.1E+02 _
   5740  3528      1 1.0E+00   3530 (1.7E-10) 2.7E-03  4.4657940E-01     797          145 6.2E+08 5.1E+02 _
   5741  3529      1 1.0E+00   3531 (2.5E-10) 2.8E-03  4.4657940E-01     797          145 6.4E+08 5.1E+02 _
   5742  3530      1 1.0E+00   3532 (3.0E-10) 2.6E-03  4.4657940E-01     797          145 6.2E+08 5.1E+02 _
   5743  3531      1 1.0E+00   3533 (1.5E-10) 2.8E-03  4.4657939E-01     797          145 6.1E+08 5.1E+02 _
   5744  3532      1 1.0E+00   3534 (1.9E-10) 2.8E-03  4.4657939E-01     797          145 5.6E+08 5.1E+02 _  R
   5745  3533      1 1.0E+00   3535 (1.4E-11) 9.1E-04  4.4657939E-01     796     1    145 5.6E+08 5.1E+02 _s
   5746  3534      1 1.0E+00   3536 (7.1E-11) 2.3E-03  4.4657938E-01     796          145 5.6E+08 5.1E+02 _
   5747  3535      1 1.0E+00   3537 (1.7E-10) 1.8E-03  4.4657938E-01     796          145 5.6E+08 5.1E+02 _
   5748  3536      1 1.0E+00   3538 (2.3E-10) 2.0E-03  4.4657938E-01     796          145 5.6E+08 5.1E+02 _
   5749  3537      1 1.0E+00   3539 (6.9E-11) 8.8E-04  4.4657938E-01     796          145 5.6E+08 5.1E+02 _
   5750  3538      1 1.0E+00   3540 (1.7E-10) 1.5E-03  4.4657938E-01     796          145 5.6E+08 5.1E+02 _
   5751  3539      1 1.0E+00   3541 (4.1E-11) 1.2E-03  4.4657937E-01     796          145 5.6E+08 5.1E+02 _

   Itns Major Minors    Step   nCon Feasible  Optimal  MeritFunction     L+U BSwap     nS condZHZ Penalty
   5752  3540      1 1.0E+00   3542 (6.6E-11) 1.2E-03  4.4657937E-01     796          145 5.7E+08 5.1E+02 _
   5753  3541      1 1.0E+00   3543 (3.6E-10) 2.3E-03  4.4657937E-01     796          145 6.0E+08 5.1E+02 _
   5754  3542      1 1.0E+00   3544 (2.8E-09) 4.3E-03  4.4657936E-01     796          145 6.2E+08 5.1E+02 _
   5755  3543      1 1.0E+00   3545 (8.9E-09) 1.1E-02  4.4657934E-01     797     1    145 5.5E+08 5.1E+02 _  R
   5756  3544      1 1.0E+00   3546 (5.8E-10) 7.4E-03  4.4657934E-01     797          145 5.5E+08 5.1E+02 _s
   5758  3545      2 1.0E+00   3547 (8.9E-11) 1.8E-03  4.4657933E-01     797          146 5.5E+08 5.1E+02 _
   5759  3546      1 1.0E+00   3548 (1.0E-10) 1.5E-03  4.4657932E-01     797          146 5.5E+08 5.1E+02 _
   5760  3547      1 1.0E+00   3549 (9.0E-11) 1.8E-03  4.4657932E-01     797          146 5.5E+08 5.1E+02 _
   5761  3548      1 1.0E+00   3550 (4.1E-10) 3.3E-03  4.4657932E-01     797          146 5.5E+08 5.1E+02 _
   5762  3549      1 1.0E+00   3551 (8.2E-10) 3.1E-03  4.4657931E-01     797          146 5.5E+08 5.1E+02 _
   5763  3550      1 1.0E+00   3552 (2.5E-10) 2.0E-03  4.4657931E-01     797          146 5.5E+08 5.1E+02 _
   5764  3551      1 1.0E+00   3553 (1.4E-10) 6.5E-04  4.4657931E-01     797          146 5.5E+08 5.1E+02 _
   5765  3552      1 1.0E+00   3554 (1.5E-10) 1.4E-03  4.4657931E-01     781     1    146 5.5E+08 5.1E+02 _
   5766  3553      1 1.0E+00   3555 (4.8E-11) 2.0E-03  4.4657931E-01     781          146 5.5E+08 5.1E+02 _
   5767  3554      1 1.0E+00   3556 (2.5E-10) 2.2E-03  4.4657931E-01     781          146 5.5E+08 5.1E+02 _  R
   5768  3555      1 1.0E+00   3557 (1.8E-11) 1.3E-03  4.4657930E-01     781          146 5.4E+08 5.1E+02 _s
   5769  3556      1 1.0E+00   3558 (3.0E-11) 8.8E-04  4.4657930E-01     781          146 5.3E+08 5.1E+02 _
   5770  3557      1 1.0E+00   3559 (1.0E-11) 7.0E-04  4.4657930E-01     781          146 5.1E+08 5.1E+02 _
   5771  3558      1 1.0E+00   3560 (2.5E-11) 7.5E-04  4.4657930E-01     781          146 5.0E+08 5.1E+02 _
   5772  3559      1 1.0E+00   3561 (1.0E-10) 9.2E-04  4.4657930E-01     781          146 4.9E+08 5.1E+02 _

   Itns Major Minors    Step   nCon Feasible  Optimal  MeritFunction     L+U BSwap     nS condZHZ Penalty
   5773  3560      1 1.0E+00   3562 (5.7E-10) 1.3E-03  4.4657930E-01     781          146 4.9E+08 5.1E+02 _
   5774  3561      1 1.0E+00   3563 (2.3E-10) 9.8E-04  4.4657930E-01     781          146 4.9E+08 5.1E+02 _
   5775  3562      1 1.0E+00   3564 (3.3E-11) 1.1E-03  4.4657930E-01     781          146 5.3E+08 5.1E+02 _
   5776  3563      1 1.0E+00   3565 (3.1E-11) 1.4E-03  4.4657929E-01     781          146 5.2E+08 5.1E+02 _
   5777  3564      1 1.0E+00   3566 (8.5E-11) 1.8E-03  4.4657929E-01     781          146 5.2E+08 5.1E+02 _
   5854  3565     77 1.0E+00   3567 (3.3E-10) 3.6E-03  4.4657929E-01    1200           79 1.0E+03 5.1E+02 _  r
   5951  3566     97 3.1E-08   3568 (3.2E-10) 2.2E-03  4.4657929E-01    1193    14    146 1.2E+02 5.1E+02 _s
   5952  3567      1 1.0E+00   3569 (8.5E-12) 1.6E-03  4.4657929E-01     781    32    146 2.5E+00 5.1E+02 _
   5953  3568      1 1.0E+00   3570 (4.4E-12) 1.9E-03  4.4657929E-01     781          146 2.6E+00 5.1E+02 _
   5954  3569      1 1.0E+00   3571 (1.4E-12) 6.0E-04  4.4657929E-01     781          146 3.0E+00 5.1E+02 _
   5955  3570      1 1.0E+00   3572 (7.7E-13) 5.8E-04  4.4657929E-01     781          146 4.4E+00 5.1E+02 _
   5956  3571      1 1.0E+00   3573 (7.3E-13) 5.7E-04  4.4657928E-01     781          146 8.3E+00 5.1E+02 _
   5957  3572      1 1.0E+00   3574 (1.2E-12) 8.6E-04  4.4657928E-01     781          146 1.1E+01 5.1E+02 _
   5958  3573      1 1.0E+00   3575 (6.7E-13) 7.7E-04  4.4657928E-01     781          146 1.3E+01 5.1E+02 _
   5959  3574      1 1.0E+00   3576 (8.1E-13) 8.4E-04  4.4657928E-01     781          146 1.7E+01 5.1E+02 _
   5960  3575      1 1.0E+00   3577 (1.8E-12) 1.5E-03  4.4657928E-01     781          146 1.9E+01 5.1E+02 _
   5961  3576      1 1.0E+00   3578 (1.0E-12) 6.9E-04  4.4657928E-01     781          146 4.4E+00 5.1E+02 _  R
   5962  3577      1 1.0E+00   3579 (3.1E-13) 2.8E-04  4.4657928E-01     781          146 4.8E+00 5.1E+02 _s
   5963  3578      1 1.0E+00   3580 (2.8E-13) 5.5E-04  4.4657928E-01     781          146 6.1E+00 5.1E+02 _
   5964  3579      1 1.0E+00   3581 (4.2E-13) 3.0E-04  4.4657928E-01     781          146 6.2E+00 5.1E+02 _

   Itns Major Minors    Step   nCon Feasible  Optimal  MeritFunction     L+U BSwap     nS condZHZ Penalty
   5965  3580      1 1.0E+00   3582 (1.9E-13) 2.3E-04  4.4657928E-01     781          146 6.5E+00 5.1E+02 _
   5966  3581      1 1.0E+00   3583 (1.2E-13) 2.3E-04  4.4657928E-01     781          146 7.5E+00 5.1E+02 _
   5967  3582      1 1.0E+00   3584 (1.5E-13) 1.6E-04  4.4657928E-01     781          146 8.4E+00 5.1E+02 _
   5968  3583      1 1.0E+00   3585 (9.6E-14) 1.3E-04  4.4657928E-01     781          146 9.9E+00 5.1E+02 _
   5969  3584      1 1.0E+00   3586 (5.3E-14) 1.2E-04  4.4657928E-01     781          146 1.3E+01 5.1E+02 _
   5970  3585      1 1.0E+00   3587 (1.8E-13) 2.7E-04  4.4657928E-01     781          146 1.5E+01 5.1E+02 _
   5971  3586      1 1.0E+00   3588 (1.6E-13) 2.9E-04  4.4657928E-01     781          146 1.8E+01 5.1E+02 _
   5972  3587      1 1.0E+00   3589 (1.1E-13) 1.3E-04  4.4657928E-01     781          146 6.5E+00 5.1E+02 _  R
   5973  3588      1 1.0E+00   3590 (5.4E-14) 1.2E-04  4.4657928E-01     781          146 7.5E+00 5.1E+02 _s
   5974  3589      1 1.0E+00   3591 (1.3E-13) 9.1E-05  4.4657928E-01     781          146 7.8E+00 5.1E+02 _
   5975  3590      1 1.0E+00   3592 (6.1E-14) 1.4E-04  4.4657928E-01     781          146 7.7E+00 5.1E+02 _
   5976  3591      1 1.0E+00   3593 (1.3E-13) 1.7E-04  4.4657928E-01     781          146 7.2E+00 5.1E+02 _
   5977  3592      1 1.0E+00   3594 (6.0E-14) 1.5E-04  4.4657928E-01     781          146 8.6E+00 5.1E+02 _
   5978  3593      1 1.0E+00   3595 (1.0E-13) 1.3E-04  4.4657928E-01     781          146 1.0E+01 5.1E+02 _
   5979  3594      1 1.0E+00   3596 (5.5E-14) 2.1E-04  4.4657928E-01     781          146 1.1E+01 5.1E+02 _
   5980  3595      1 1.0E+00   3597 (1.0E-13) 8.7E-05  4.4657928E-01     781          146 1.1E+01 5.1E+02 _
   5981  3596      1 1.0E+00   3598 (7.6E-14) 1.1E-04  4.4657928E-01     781          146 1.3E+01 5.1E+02 _
   5982  3597      1 1.0E+00   3599 (8.7E-14) 1.6E-04  4.4657928E-01     781          146 1.5E+01 5.1E+02 _
   5983  3598      1 1.0E+00   3600 (1.3E-13) 2.7E-04  4.4657928E-01     781          146 9.1E+00 5.1E+02 _  R
   5984  3599      1 1.0E+00   3601 (9.6E-14) 1.7E-04  4.4657928E-01     781          146 1.1E+01 5.1E+02 _s

   Itns Major Minors    Step   nCon Feasible  Optimal  MeritFunction     L+U BSwap     nS condZHZ Penalty
   5985  3600      1 1.0E+00   3602 (3.9E-13) 2.2E-04  4.4657928E-01     781          146 1.0E+01 5.1E+02 _
   5986  3601      1 1.0E+00   3603 (1.3E-13) 1.4E-04  4.4657928E-01     781          146 1.1E+01 5.1E+02 _
   5987  3602      1 1.0E+00   3604 (1.8E-13) 3.2E-04  4.4657928E-01     781          146 1.3E+01 5.1E+02 _
   5988  3603      1 1.0E+00   3605 (7.7E-14) 1.7E-04  4.4657928E-01     781          146 1.6E+01 5.1E+02 _
   5989  3604      1 1.0E+00   3606 (2.2E-13) 2.4E-04  4.4657928E-01     781          146 1.8E+01 5.1E+02 _
   5990  3605      1 1.0E+00   3607 (1.7E-13) 3.9E-04  4.4657928E-01     781          146 2.2E+01 5.1E+02 _
   5991  3606      1 1.0E+00   3608 (2.0E-13) 2.3E-04  4.4657928E-01     781          146 2.7E+01 5.1E+02 _
   5992  3607      1 1.0E+00   3609 (2.0E-13) 4.2E-04  4.4657928E-01     781          146 3.6E+01 5.1E+02 _
   5993  3608      1 1.0E+00   3610 (2.5E-13) 3.2E-04  4.4657928E-01     781          146 4.1E+01 5.1E+02 _
   5994  3609      1 1.0E+00   3611 (1.0E-12) 9.1E-04  4.4657928E-01     781          146 2.5E+01 5.1E+02 _  R
   5995  3610      1 1.0E+00   3612 (2.3E-12) 6.7E-04  4.4657928E-01     781          146 2.6E+01 5.1E+02 _s
   5996  3611      1 1.0E+00   3613 (4.7E-13) 4.0E-04  4.4657928E-01     781          146 2.7E+01 5.1E+02 _
   5997  3612      1 1.0E+00   3614 (1.4E-13) 1.7E-04  4.4657928E-01     781          146 3.1E+01 5.1E+02 _
   5998  3613      1 1.0E+00   3615 (3.5E-13) 2.4E-04  4.4657928E-01     781          146 3.3E+01 5.1E+02 _
   5999  3614      1 1.0E+00   3616 (1.5E-13) 2.3E-04  4.4657928E-01     781          146 3.7E+01 5.1E+02 _
   6000  3615      1 1.0E+00   3617 (7.1E-14) 2.4E-04  4.4657928E-01     781          146 4.6E+01 5.1E+02 _
   6001  3616      1 1.0E+00   3618 (7.6E-14) 2.6E-04  4.4657928E-01     781          146 5.7E+01 5.1E+02 _
   6002  3617      1 1.0E+00   3619 (2.0E-13) 2.1E-04  4.4657928E-01     781          146 6.5E+01 5.1E+02 _
   6003  3618      1 1.0E+00   3620 (1.8E-13) 2.2E-04  4.4657928E-01     781          146 7.3E+01 5.1E+02 _
   6004  3619      1 1.0E+00   3621 (1.7E-13) 2.6E-04  4.4657928E-01     781          146 8.6E+01 5.1E+02 _

   Itns Major Minors    Step   nCon Feasible  Optimal  MeritFunction     L+U BSwap     nS condZHZ Penalty
   6005  3620      1 1.0E+00   3622 (1.5E-13) 4.8E-04  4.4657928E-01     781          146 4.1E+01 5.1E+02 _  R
   6006  3621      1 1.0E+00   3623 (8.1E-14) 3.6E-04  4.4657928E-01     781          146 4.9E+01 5.1E+02 _s
   6007  3622      1 1.0E+00   3624 (1.6E-12) 3.7E-04  4.4657928E-01     781          146 5.3E+01 5.1E+02 _
   6008  3623      1 1.0E+00   3625 (1.0E-12) 5.7E-04  4.4657928E-01     781          146 6.0E+01 5.1E+02 _
   6009  3624      1 1.0E+00   3626 (6.1E-13) 3.5E-04  4.4657928E-01     781          146 7.2E+01 5.1E+02 _
   6010  3625      1 1.0E+00   3627 (9.5E-13) 5.2E-04  4.4657928E-01     781          146 1.1E+02 5.1E+02 _
   6011  3626      1 1.0E+00   3628 (4.6E-13) 3.0E-04  4.4657928E-01     781          146 1.6E+02 5.1E+02 _
   6012  3627      1 1.0E+00   3629 (1.4E-12) 6.4E-04  4.4657928E-01     781          146 2.0E+02 5.1E+02 _
   6013  3628      1 1.0E+00   3630 (1.0E-12) 8.1E-04  4.4657928E-01     781          146 3.1E+02 5.1E+02 _
   6014  3629      1 1.0E+00   3631 (2.2E-12) 8.5E-04  4.4657928E-01     781          146 3.5E+02 5.1E+02 _
   6015  3630      1 1.0E+00   3632 (1.7E-12) 1.0E-03  4.4657928E-01     781          146 4.2E+02 5.1E+02 _
   6016  3631      1 1.0E+00   3633 (4.8E-12) 1.4E-03  4.4657928E-01     781          146 1.2E+02 5.1E+02 _  R
   6017  3632      1 4.1E-01   3634 (6.6E-12) 3.9E-04  4.4657928E-01     781          146 1.2E+02 5.1E+02 _s
   6018  3633      1 1.0E+00   3635 (3.3E-13) 3.0E-04  4.4657928E-01     781          146 1.3E+02 5.1E+02 _
   6019  3634      1 1.0E+00   3636 (9.5E-13) 8.5E-04  4.4657928E-01     781          146 1.3E+02 5.1E+02 _
   6020  3635      1 1.0E+00   3637 (7.6E-13) 9.1E-04  4.4657928E-01     781          146 1.4E+02 5.1E+02 _
   6021  3636      1 1.0E+00   3638 (5.6E-13) 3.9E-04  4.4657928E-01     781          146 1.4E+02 5.1E+02 _
   6022  3637      1 1.0E+00   3639 (2.4E-13) 3.3E-04  4.4657928E-01     781          146 1.5E+02 5.1E+02 _
   6023  3638      1 1.0E+00   3640 (1.6E-13) 4.9E-04  4.4657928E-01     781          146 1.6E+02 5.1E+02 _
   6024  3639      1 1.0E+00   3641 (2.2E-13) 5.5E-04  4.4657928E-01     781          146 1.8E+02 5.1E+02 _

   Itns Major Minors    Step   nCon Feasible  Optimal  MeritFunction     L+U BSwap     nS condZHZ Penalty
   6025  3640      1 1.0E+00   3642 (1.8E-13) 3.3E-04  4.4657928E-01     781          146 2.1E+02 5.1E+02 _
   6026  3641      1 1.0E+00   3643 (1.7E-13) 4.8E-04  4.4657928E-01     781          146 2.7E+02 5.1E+02 _
   6027  3642      1 1.0E+00   3644 (2.6E-13) 7.8E-04  4.4657928E-01     781          146 1.4E+02 5.1E+02 _  R
   6028  3643      1 1.0E+00   3645 (1.9E-13) 3.6E-04  4.4657928E-01     781          146 1.7E+02 5.1E+02 _s
   6029  3644      1 1.0E+00   3646 (1.7E-12) 8.5E-04  4.4657928E-01     781          146 1.9E+02 5.1E+02 _
   6030  3645      1 1.0E+00   3647 (8.2E-13) 3.4E-04  4.4657928E-01     781          146 2.3E+02 5.1E+02 _
   6031  3646      1 1.0E+00   3648 (4.4E-13) 3.5E-04  4.4657928E-01     781          146 2.9E+02 5.1E+02 _
   6032  3647      1 1.0E+00   3649 (3.5E-13) 5.2E-04  4.4657928E-01     781          146 3.9E+02 5.1E+02 _
   6033  3648      1 1.0E+00   3650 (1.5E-12) 4.8E-04  4.4657928E-01     781          146 4.6E+02 5.1E+02 _
   6034  3649      1 1.0E+00   3651 (2.0E-12) 7.6E-04  4.4657928E-01     781          146 5.2E+02 5.1E+02 _
   6035  3650      1 1.0E+00   3652 (1.1E-12) 4.3E-04  4.4657928E-01     781          146 6.0E+02 5.1E+02 _
   6036  3651      1 1.0E+00   3653 (2.6E-12) 8.2E-04  4.4657928E-01     781          146 6.4E+02 5.1E+02 _
   6037  3652      1 1.0E+00   3654 (8.7E-12) 1.5E-03  4.4657927E-01     781          146 6.5E+02 5.1E+02 _
   6038  3653      1 1.0E+00   3655 (6.0E-11) 3.3E-03  4.4657927E-01     781          146 1.8E+02 5.1E+02 _  R
   6039  3654      1 1.0E+00   3656 (4.6E-11) 2.4E-03  4.4657927E-01     781          146 1.8E+02 5.1E+02 _s
   6040  3655      1 1.0E+00   3657 (9.7E-12) 1.1E-03  4.4657927E-01     781          146 1.8E+02 5.1E+02 _
   6041  3656      1 1.0E+00   3658 (1.8E-12) 5.3E-04  4.4657927E-01     781          146 1.8E+02 5.1E+02 _
   6042  3657      1 1.0E+00   3659 (4.7E-12) 1.1E-03  4.4657926E-01     781          146 1.8E+02 5.1E+02 _
   6043  3658      1 1.0E+00   3660 (2.1E-12) 9.9E-04  4.4657926E-01     781          146 1.8E+02 5.1E+02 _
   6044  3659      1 1.0E+00   3661 (1.7E-12) 4.7E-04  4.4657926E-01     781          146 1.9E+02 5.1E+02 _

   Itns Major Minors    Step   nCon Feasible  Optimal  MeritFunction     L+U BSwap     nS condZHZ Penalty
   6045  3660      1 1.0E+00   3662 (1.5E-12) 3.9E-04  4.4657926E-01     781          146 2.0E+02 5.1E+02 _
   6046  3661      1 1.0E+00   3663 (7.5E-13) 3.3E-04  4.4657926E-01     781          146 2.1E+02 5.1E+02 _
   6047  3662      1 1.0E+00   3664 (3.6E-13) 1.7E-04  4.4657926E-01     781          146 2.3E+02 5.1E+02 _
   6048  3663      1 1.0E+00   3665 (2.4E-13) 2.0E-04  4.4657926E-01     781          146 2.7E+02 5.1E+02 _
   6049  3664      1 1.0E+00   3666 (3.2E-13) 3.1E-04  4.4657926E-01     781          146 2.0E+02 5.1E+02 _  R
   6050  3665      1 1.0E+00   3667 (1.6E-13) 1.4E-04  4.4657926E-01     781          146 3.0E+02 5.1E+02 _s
   6051  3666      1 1.0E+00   3668 (3.7E-13) 2.5E-04  4.4657926E-01     781          146 4.5E+02 5.1E+02 _
   6052  3667      1 1.0E+00   3669 (7.1E-13) 3.8E-04  4.4657926E-01     781          146 5.7E+02 5.1E+02 _
   6053  3668      1 1.0E+00   3670 (6.3E-13) 4.0E-04  4.4657926E-01     781          146 6.9E+02 5.1E+02 _
   6054  3669      1 1.0E+00   3671 (9.0E-13) 5.8E-04  4.4657926E-01     781          146 7.6E+02 5.1E+02 _
   6055  3670      1 1.0E+00   3672 (5.6E-12) 6.7E-04  4.4657926E-01     781          146 7.8E+02 5.1E+02 _
   6056  3671      1 1.0E+00   3673 (7.9E-12) 1.2E-03  4.4657926E-01     781          146 7.9E+02 5.1E+02 _
   6057  3672      1 1.0E+00   3674 (1.7E-11) 1.2E-03  4.4657926E-01     781          146 8.1E+02 5.1E+02 _
   6058  3673      1 1.0E+00   3675 (2.3E-11) 1.4E-03  4.4657925E-01     781          146 8.3E+02 5.1E+02 _
   6059  3674      1 1.0E+00   3676 (9.3E-11) 1.6E-03  4.4657925E-01     781          146 8.4E+02 5.1E+02 _
   6060  3675      1 1.0E+00   3677 (6.5E-10) 4.9E-03  4.4657924E-01     781          146 2.5E+02 5.1E+02 _  R
   6061  3676      1 1.0E+00   3678 (6.5E-11) 3.5E-03  4.4657923E-01     781          146 2.5E+02 5.1E+02 _s
   6062  3677      1 1.0E+00   3679 (2.5E-11) 1.3E-03  4.4657922E-01     781          146 2.5E+02 5.1E+02 _
   6063  3678      1 1.0E+00   3680 (1.5E-11) 1.1E-03  4.4657922E-01     781          146 2.6E+02 5.1E+02 _
   6064  3679      1 1.0E+00   3681 (4.4E-12) 1.3E-03  4.4657922E-01     781          146 2.6E+02 5.1E+02 _

   Itns Major Minors    Step   nCon Feasible  Optimal  MeritFunction     L+U BSwap     nS condZHZ Penalty
   6065  3680      1 1.0E+00   3682 (3.9E-12) 8.6E-04  4.4657922E-01     781          146 2.6E+02 5.1E+02 _
   6066  3681      1 1.0E+00   3683 (4.3E-12) 1.4E-03  4.4657922E-01     781          146 2.7E+02 5.1E+02 _
   6067  3682      1 1.0E+00   3684 (2.0E-12) 7.0E-04  4.4657922E-01     781          146 2.7E+02 5.1E+02 _
   6068  3683      1 1.0E+00   3685 (1.0E-12) 4.0E-04  4.4657922E-01     781          146 2.8E+02 5.1E+02 _
   6069  3684      1 1.0E+00   3686 (3.9E-13) 1.6E-04  4.4657922E-01     781          146 3.6E+02 5.1E+02 _
   6070  3685      1 1.0E+00   3687 (2.1E-13) 3.3E-04  4.4657922E-01     781          146 5.4E+02 5.1E+02 _
   6071  3686      1 1.0E+00   3688 (7.1E-13) 5.2E-04  4.4657922E-01     781          146 3.3E+02 5.1E+02 _  R
   6072  3687      1 1.0E+00   3689 (8.1E-13) 3.3E-04  4.4657922E-01     781          146 4.1E+02 5.1E+02 _s
   6073  3688      1 1.0E+00   3690 (5.3E-13) 3.8E-04  4.4657922E-01     781          146 5.5E+02 5.1E+02 _
   6074  3689      1 1.0E+00   3691 (2.4E-13) 3.3E-04  4.4657921E-01     781          146 7.5E+02 5.1E+02 _
   6075  3690      1 1.0E+00   3692 (7.2E-13) 6.3E-04  4.4657921E-01     781          146 8.9E+02 5.1E+02 _
   6076  3691      1 1.0E+00   3693 (7.4E-13) 1.0E-03  4.4657921E-01     781          146 9.8E+02 5.1E+02 _
   6077  3692      1 1.0E+00   3694 (2.8E-12) 1.4E-03  4.4657921E-01     781          146 1.0E+03 5.1E+02 _
   6078  3693      1 1.0E+00   3695 (1.1E-11) 1.5E-03  4.4657921E-01     781          146 1.1E+03 5.1E+02 _
   6079  3694      1 1.0E+00   3696 (3.7E-11) 1.5E-03  4.4657921E-01     781          146 1.1E+03 5.1E+02 _
   6080  3695      1 1.0E+00   3697 (9.5E-11) 1.3E-03  4.4657921E-01     781          146 1.1E+03 5.1E+02 _
   6081  3696      1 1.0E+00   3698 (1.8E-10) 1.6E-03  4.4657920E-01     781          146 1.2E+03 5.1E+02 _
   6082  3697      1 1.0E+00   3699 (3.6E-10) 2.3E-03  4.4657919E-01     781          146 4.1E+02 5.1E+02 _  R
   6083  3698      1 1.0E+00   3700 (4.9E-12) 1.9E-03  4.4657919E-01     781          146 4.1E+02 5.1E+02 _s
   6084  3699      1 2.9E-01   3701 (4.2E-11) 2.1E-03  4.4657918E-01     781          146 4.1E+02 5.1E+02 _

   Itns Major Minors    Step   nCon Feasible  Optimal  MeritFunction     L+U BSwap     nS condZHZ Penalty
   6085  3700      1 3.1E-01   3702 (4.5E-11) 2.1E-03  4.4657918E-01     781          146 4.2E+02 5.1E+02 _
   6086  3701      1 4.0E-01   3703 (3.8E-11) 8.8E-04  4.4657918E-01     781          146 4.2E+02 5.1E+02 _
   6087  3702      1 3.5E-01   3704 (2.7E-11) 7.9E-04  4.4657918E-01     781          146 4.5E+02 5.1E+02 _
   6088  3703      1 4.2E-01   3705 (1.8E-11) 7.6E-04  4.4657917E-01     781          146 5.1E+02 5.1E+02 _
   6089  3704      1 3.9E-01   3706 (1.2E-11) 3.7E-04  4.4657917E-01     781          146 6.4E+02 5.1E+02 _
   6090  3705      1 1.0E+00   3707 (3.1E-12) 1.6E-03  4.4657917E-01     781          146 9.6E+02 5.1E+02 _
   6091  3706      1 1.0E+00   3708 (5.9E-12) 1.2E-03  4.4657917E-01     781          146 9.3E+02 5.1E+02 _
   6092  3707      1 1.0E+00   3709 (7.5E-12) 2.7E-03  4.4657917E-01     781          146 1.3E+03 5.1E+02 _
   6093  3708      1 4.7E-01   3710 (8.1E-12) 1.3E-03  4.4657917E-01     781          146 8.5E+02 5.1E+02 _  R
   6094  3709      1 4.7E-01   3711 (6.6E-12) 4.3E-04  4.4657917E-01     781          146 9.1E+02 5.1E+02 _s
   6095  3710      1 1.0E+00   3712 (8.7E-13) 5.3E-04  4.4657917E-01     781          146 1.1E+03 5.1E+02 _
   6096  3711      1 1.0E+00   3713 (5.4E-13) 5.2E-04  4.4657917E-01     781          146 1.2E+03 5.1E+02 _
   6097  3712      1 1.0E+00   3714 (1.5E-12) 1.0E-03  4.4657917E-01     781          146 1.3E+03 5.1E+02 _
   6098  3713      1 1.0E+00   3715 (1.2E-12) 1.3E-03  4.4657917E-01     781          146 1.5E+03 5.1E+02 _
   6099  3714      1 1.0E+00   3716 (4.3E-12) 1.3E-03  4.4657917E-01     781          146 1.7E+03 5.1E+02 _
   6100  3715      1 1.0E+00   3717 (9.6E-12) 1.3E-03  4.4657917E-01     781          146 1.9E+03 5.1E+02 _
   6101  3716      1 1.0E+00   3718 (4.9E-12) 9.4E-04  4.4657917E-01     781          146 2.2E+03 5.1E+02 _
   6102  3717      1 1.0E+00   3719 (3.9E-12) 1.7E-03  4.4657917E-01     781          146 2.5E+03 5.1E+02 _
   6103  3718      1 1.0E+00   3720 (1.7E-11) 2.2E-03  4.4657917E-01     781          146 2.6E+03 5.1E+02 _
   6104  3719      1 1.0E+00   3721 (1.5E-10) 2.5E-03  4.4657916E-01     781          146 9.8E+02 5.1E+02 _  R

   Itns Major Minors    Step   nCon Feasible  Optimal  MeritFunction     L+U BSwap     nS condZHZ Penalty
   6105  3720      1 1.0E+00   3722 (1.3E-11) 1.9E-03  4.4657916E-01     781          146 9.5E+02 5.1E+02 _s
   6106  3721      1 1.0E+00   3723 (8.3E-12) 1.8E-03  4.4657916E-01     781          146 1.0E+03 5.1E+02 _
   6107  3722      1 1.0E+00   3724 (6.9E-12) 1.3E-03  4.4657916E-01     781          146 9.9E+02 5.1E+02 _
   6108  3723      1 1.0E+00   3725 (2.9E-12) 4.9E-04  4.4657916E-01     781          146 1.0E+03 5.1E+02 _
   6109  3724      1 1.0E+00   3726 (6.9E-13) 6.4E-04  4.4657916E-01     781          146 1.2E+03 5.1E+02 _
   6110  3725      1 1.0E+00   3727 (3.2E-12) 1.2E-03  4.4657915E-01     781          146 1.3E+03 5.1E+02 _
   6111  3726      1 1.0E+00   3728 (2.3E-12) 8.3E-04  4.4657915E-01     781          146 1.3E+03 5.1E+02 _
   6112  3727      1 1.0E+00   3729 (1.5E-12) 4.0E-04  4.4657915E-01     781          146 1.5E+03 5.1E+02 _
   6113  3728      1 1.0E+00   3730 (1.5E-12) 6.6E-04  4.4657915E-01     781          146 1.6E+03 5.1E+02 _
   6114  3729      1 1.0E+00   3731 (1.0E-12) 5.6E-04  4.4657915E-01     781          146 1.8E+03 5.1E+02 _
   6115  3730      1 1.0E+00   3732 (8.4E-13) 3.2E-04  4.4657915E-01     781          146 1.1E+03 5.1E+02 _  R
   6116  3731      1 1.0E+00   3733 (5.2E-13) 3.1E-04  4.4657915E-01     781          146 1.3E+03 5.1E+02 _s
   6117  3732      1 1.0E+00   3734 (5.5E-12) 8.5E-04  4.4657915E-01     781          146 1.4E+03 5.1E+02 _
   6118  3733      1 1.0E+00   3735 (3.2E-12) 7.3E-04  4.4657915E-01     781          146 1.5E+03 5.1E+02 _
   6119  3734      1 1.0E+00   3736 (3.9E-12) 9.7E-04  4.4657915E-01     781          146 1.5E+03 5.1E+02 _
   6120  3735      1 1.0E+00   3737 (2.5E-12) 9.1E-04  4.4657915E-01     781          146 1.8E+03 5.1E+02 _
   6121  3736      1 1.0E+00   3738 (1.1E-11) 1.1E-03  4.4657915E-01     781          146 2.0E+03 5.1E+02 _
   6122  3737      1 1.0E+00   3739 (2.1E-11) 1.7E-03  4.4657915E-01     781          146 2.1E+03 5.1E+02 _
   6123  3738      1 1.0E+00   3740 (6.3E-12) 1.0E-03  4.4657915E-01     781          146 2.3E+03 5.1E+02 _
   6124  3739      1 1.0E+00   3741 (1.1E-11) 1.9E-03  4.4657915E-01     781          146 2.5E+03 5.1E+02 _

   Itns Major Minors    Step   nCon Feasible  Optimal  MeritFunction     L+U BSwap     nS condZHZ Penalty
   6125  3740      1 1.0E+00   3742 (5.7E-12) 1.9E-03  4.4657915E-01     781          146 2.6E+03 5.1E+02 _
   6126  3741      1 1.0E+00   3743 (1.5E-10) 2.5E-03  4.4657914E-01     781          146 1.2E+03 5.1E+02 _  R
   6127  3742      1 4.2E-01   3744 (8.9E-11) 9.3E-04  4.4657914E-01     781          146 1.2E+03 5.1E+02 _s
   6128  3743      1 1.0E+00   3745 (1.5E-12) 4.6E-04  4.4657914E-01     781          146 1.2E+03 5.1E+02 _
   6129  3744      1 1.0E+00   3746 (1.4E-12) 9.7E-04  4.4657914E-01     781          146 1.3E+03 5.1E+02 _
   6130  3745      1 1.0E+00   3747 (1.4E-12) 1.1E-03  4.4657914E-01     781          146 1.3E+03 5.1E+02 _
   6131  3746      1 1.0E+00   3748 (1.5E-12) 6.6E-04  4.4657914E-01     781          146 1.3E+03 5.1E+02 _
   6132  3747      1 1.0E+00   3749 (9.1E-13) 4.1E-04  4.4657914E-01     781          146 1.4E+03 5.1E+02 _
   6133  3748      1 1.0E+00   3750 (8.0E-13) 6.3E-04  4.4657914E-01     781          146 1.5E+03 5.1E+02 _
   6134  3749      1 1.0E+00   3751 (1.1E-12) 1.1E-03  4.4657914E-01     781          146 1.7E+03 5.1E+02 _
   6135  3750      1 1.0E+00   3752 (1.4E-12) 1.0E-03  4.4657914E-01     781          146 1.8E+03 5.1E+02 _
   6136  3751      1 1.0E+00   3753 (1.2E-12) 6.4E-04  4.4657913E-01     781          146 1.8E+03 5.1E+02 _
   6137  3752      1 1.0E+00   3754 (1.0E-12) 6.6E-04  4.4657913E-01     781          146 1.3E+03 5.1E+02 _  R
   6138  3753      1 1.0E+00   3755 (1.9E-13) 5.1E-04  4.4657913E-01     781          146 1.4E+03 5.1E+02 _s
   6139  3754      1 4.4E-01   3756 (3.8E-12) 7.5E-04  4.4657913E-01     781          146 1.6E+03 5.1E+02 _
   6140  3755      1 4.6E-01   3757 (4.6E-12) 7.6E-04  4.4657913E-01     781          146 1.8E+03 5.1E+02 _
   6141  3756      1 1.0E+00   3758 (5.1E-12) 1.2E-03  4.4657913E-01     781          146 2.0E+03 5.1E+02 _
   6142  3757      1 4.6E-01   3759 (5.3E-12) 1.4E-03  4.4657913E-01     781          146 2.0E+03 5.1E+02 _
   6143  3758      1 1.0E+00   3760 (4.8E-12) 9.7E-04  4.4657913E-01     781          146 2.1E+03 5.1E+02 _
   6144  3759      1 4.0E-01   3761 (8.3E-12) 1.5E-03  4.4657913E-01     781          146 2.2E+03 5.1E+02 _

   Itns Major Minors    Step   nCon Feasible  Optimal  MeritFunction     L+U BSwap     nS condZHZ Penalty
   6145  3760      1 1.0E+00   3762 (2.3E-11) 2.0E-03  4.4657913E-01     781          146 2.4E+03 5.1E+02 _
   6146  3761      1 1.0E+00   3763 (2.4E-11) 1.4E-03  4.4657913E-01     781          146 2.4E+03 5.1E+02 _
   6147  3762      1 1.0E+00   3764 (5.0E-11) 2.6E-03  4.4657913E-01     781          146 2.4E+03 5.1E+02 _
   6148  3763      1 1.0E+00   3765 (4.5E-11) 4.7E-03  4.4657912E-01     781          146 1.9E+03 5.1E+02 _  R
   6149  3764      1 3.6E-01   3766 (5.2E-11) 2.0E-03  4.4657912E-01     781          146 1.8E+03 5.1E+02 _s
   6150  3765      1 1.0E+00   3767 (3.9E-12) 6.0E-04  4.4657912E-01     781          146 1.7E+03 5.1E+02 _
   6151  3766      1 1.0E+00   3768 (7.5E-13) 4.2E-04  4.4657912E-01     781          146 1.8E+03 5.1E+02 _
   6152  3767      1 1.0E+00   3769 (1.3E-12) 1.2E-03  4.4657912E-01     781          146 2.0E+03 5.1E+02 _
   6153  3768      1 1.0E+00   3770 (2.0E-12) 2.0E-03  4.4657912E-01     781          146 2.1E+03 5.1E+02 _
   6154  3769      1 1.0E+00   3771 (1.9E-12) 1.8E-03  4.4657912E-01     781          146 2.0E+03 5.1E+02 _
   6155  3770      1 1.0E+00   3772 (1.6E-12) 6.7E-04  4.4657912E-01     781          146 1.8E+03 5.1E+02 _
   6156  3771      1 1.0E+00   3773 (1.0E-12) 6.5E-04  4.4657912E-01     781          146 2.0E+03 5.1E+02 _
   6157  3772      1 1.0E+00   3774 (1.7E-12) 1.2E-03  4.4657912E-01     781          146 2.2E+03 5.1E+02 _
   6158  3773      1 1.0E+00   3775 (3.4E-12) 1.3E-03  4.4657912E-01     781          146 2.2E+03 5.1E+02 _
   6159  3774      1 1.0E+00   3776 (4.3E-12) 6.9E-04  4.4657912E-01     781          146 1.7E+03 5.1E+02 _  R
   6160  3775      1 1.0E+00   3777 (3.9E-13) 4.8E-04  4.4657911E-01     781          146 1.7E+03 5.1E+02 _s
   6161  3776      1 4.7E-01   3778 (4.3E-12) 8.6E-04  4.4657911E-01     781          146 1.9E+03 5.1E+02 _
   6162  3777      1 1.0E+00   3779 (4.8E-12) 1.3E-03  4.4657911E-01     781          146 2.0E+03 5.1E+02 _
   6163  3778      1 4.8E-01   3780 (4.7E-12) 1.1E-03  4.4657911E-01     781          146 2.1E+03 5.1E+02 _
   6164  3779      1 1.0E+00   3781 (3.7E-12) 1.0E-03  4.4657911E-01     781          146 2.2E+03 5.1E+02 _

   Itns Major Minors    Step   nCon Feasible  Optimal  MeritFunction     L+U BSwap     nS condZHZ Penalty
   6165  3780      1 1.0E+00   3782 (1.2E-11) 2.3E-03  4.4657911E-01     781          146 2.3E+03 5.1E+02 _
   6166  3781      1 1.0E+00   3783 (1.1E-11) 1.2E-03  4.4657911E-01     781          146 2.3E+03 5.1E+02 _
   6167  3782      1 1.0E+00   3784 (8.0E-12) 1.1E-03  4.4657911E-01     781          146 2.5E+03 5.1E+02 _
   6168  3783      1 1.0E+00   3785 (1.5E-11) 3.1E-03  4.4657911E-01     781          146 3.1E+03 5.1E+02 _
   6169  3784      1 1.0E+00   3786 (9.4E-12) 1.0E-03  4.4657911E-01     781          146 3.2E+03 5.1E+02 _
   6170  3785      1 4.6E-01   3787 (1.2E-11) 9.0E-04  4.4657911E-01     781          146 2.3E+03 5.1E+02 _  R
   6171  3786      1 4.8E-01   3788 (9.0E-12) 6.0E-04  4.4657911E-01     781          146 2.4E+03 5.1E+02 _s
   6172  3787      1 1.0E+00   3789 (7.8E-13) 5.3E-04  4.4657911E-01     781          146 2.6E+03 5.1E+02 _
   6173  3788      1 1.0E+00   3790 (1.3E-12) 7.8E-04  4.4657911E-01     781          146 2.7E+03 5.1E+02 _
   6174  3789      1 1.0E+00   3791 (2.7E-12) 1.1E-03  4.4657911E-01     781          146 2.7E+03 5.1E+02 _
   6175  3790      1 1.0E+00   3792 (3.6E-12) 6.9E-04  4.4657911E-01     781          146 2.7E+03 5.1E+02 _
   6176  3791      1 1.0E+00   3793 (2.4E-12) 6.7E-04  4.4657911E-01     781          146 2.8E+03 5.1E+02 _
   6177  3792      1 1.0E+00   3794 (1.9E-12) 6.2E-04  4.4657910E-01     781          146 3.0E+03 5.1E+02 _
   6178  3793      1 1.0E+00   3795 (3.1E-12) 8.4E-04  4.4657910E-01     781          146 3.1E+03 5.1E+02 _
   6179  3794      1 1.0E+00   3796 (9.9E-12) 7.2E-04  4.4657910E-01     781          146 3.2E+03 5.1E+02 _
   6180  3795      1 1.0E+00   3797 (3.5E-11) 1.4E-03  4.4657910E-01     781          146 3.3E+03 5.1E+02 _
   6181  3796      1 1.0E+00   3798 (9.9E-11) 2.1E-03  4.4657910E-01     781          146 2.4E+03 5.1E+02 _  R
   6182  3797      1 1.0E+00   3799 (1.6E-12) 1.4E-03  4.4657910E-01     781          146 2.5E+03 5.1E+02 _s
   6183  3798      1 4.2E-01   3800 (8.3E-12) 8.1E-04  4.4657910E-01     781          146 2.6E+03 5.1E+02 _
   6184  3799      1 4.5E-01   3801 (7.6E-12) 7.0E-04  4.4657910E-01     781          146 2.7E+03 5.1E+02 _

   Itns Major Minors    Step   nCon Feasible  Optimal  MeritFunction     L+U BSwap     nS condZHZ Penalty
   6185  3800      1 3.9E-01   3802 (5.9E-12) 3.3E-04  4.4657910E-01     781          146 2.8E+03 5.1E+02 _
   6186  3801      1 1.0E+00   3803 (1.3E-12) 1.3E-03  4.4657910E-01     781          146 2.8E+03 5.1E+02 _
   6187  3802      1 1.0E+00   3804 (3.1E-11) 1.9E-03  4.4657910E-01     781          146 2.8E+03 5.1E+02 _
   6188  3803      1 1.0E+00   3805 (1.1E-11) 8.5E-04  4.4657910E-01     781          146 2.8E+03 5.1E+02 _
   6189  3804      1 4.5E-01   3806 (8.8E-12) 1.1E-03  4.4657910E-01     781          146 2.9E+03 5.1E+02 _
   6190  3805      1 1.0E+00   3807 (4.6E-12) 8.0E-04  4.4657910E-01     781          146 2.9E+03 5.1E+02 _
   6191  3806      1 1.0E+00   3808 (8.1E-12) 1.3E-03  4.4657910E-01     781          146 2.9E+03 5.1E+02 _
   6192  3807      1 1.0E+00   3809 (4.4E-11) 1.5E-03  4.4657909E-01     781          146 2.4E+03 5.1E+02 _  R
   6193  3808      1 3.3E-01   3810 (2.9E-11) 8.5E-04  4.4657909E-01     781          146 2.4E+03 5.1E+02 _s
   6194  3809      1 1.0E+00   3811 (3.6E-13) 4.3E-04  4.4657909E-01     781          146 2.6E+03 5.1E+02 _
   6195  3810      1 1.0E+00   3812 (4.8E-13) 4.3E-04  4.4657909E-01     781          146 2.6E+03 5.1E+02 _
   6196  3811      1 1.0E+00   3813 (1.6E-12) 1.4E-03  4.4657909E-01     781          146 2.6E+03 5.1E+02 _
   6197  3812      1 1.0E+00   3814 (6.3E-12) 2.2E-03  4.4657909E-01     781          146 2.6E+03 5.1E+02 _
   6198  3813      1 1.0E+00   3815 (1.6E-11) 2.4E-03  4.4657909E-01     781          146 2.6E+03 5.1E+02 _
   6199  3814      1 1.0E+00   3816 (2.5E-11) 1.5E-03  4.4657909E-01     781          146 2.7E+03 5.1E+02 _
   6200  3815      1 1.0E+00   3817 (2.1E-11) 4.0E-04  4.4657909E-01     781          146 2.7E+03 5.1E+02 _
   6201  3816      1 1.0E+00   3818 (1.5E-11) 8.9E-04  4.4657909E-01     781          146 2.7E+03 5.1E+02 _
   6202  3817      1 1.0E+00   3819 (1.6E-11) 1.6E-03  4.4657909E-01     781          146 2.8E+03 5.1E+02 _
   6203  3818      1 1.0E+00   3820 (2.2E-11) 1.7E-03  4.4657909E-01     781          146 2.4E+03 5.1E+02 _  R
   6204  3819      1 1.0E+00   3821 (2.3E-13) 8.6E-04  4.4657909E-01     781          146 2.9E+03 5.1E+02 _s

   Itns Major Minors    Step   nCon Feasible  Optimal  MeritFunction     L+U BSwap     nS condZHZ Penalty
   6205  3820      1 1.0E+00   3822 (6.1E-12) 1.9E-03  4.4657909E-01     781          146 4.0E+03 5.1E+02 _
   6206  3821      1 4.6E-01   3823 (9.0E-12) 2.5E-03  4.4657909E-01     781          146 3.9E+03 5.1E+02 _
   6207  3822      1 1.0E+00   3824 (1.1E-11) 2.0E-03  4.4657909E-01     781          146 3.2E+03 5.1E+02 _
   6208  3823      1 1.0E+00   3825 (3.2E-11) 2.2E-03  4.4657909E-01     781          146 3.1E+03 5.1E+02 _
   6209  3824      1 3.1E-01   3826 (2.3E-11) 4.7E-04  4.4657909E-01     781          146 3.1E+03 5.1E+02 _
   6210  3825      1 1.0E+00   3827 (6.1E-12) 1.3E-03  4.4657909E-01     781          146 3.1E+03 5.1E+02 _
   6211  3826      1 1.0E+00   3828 (3.9E-12) 8.7E-04  4.4657909E-01     781          146 3.2E+03 5.1E+02 _
   6212  3827      1 1.0E+00   3829 (1.5E-11) 1.3E-03  4.4657909E-01     781          146 3.1E+03 5.1E+02 _
   6213  3828      1 1.0E+00   3830 (2.7E-11) 8.6E-04  4.4657908E-01     781          146 3.3E+03 5.1E+02 _
   6214  3829      1 1.0E+00   3831 (4.2E-11) 1.5E-03  4.4657908E-01     781          146 3.2E+03 5.1E+02 _  R
   6215  3830      1 3.6E-01   3832 (2.6E-11) 4.6E-04  4.4657908E-01     781          146 3.2E+03 5.1E+02 _s
   6216  3831      1 1.0E+00   3833 (5.2E-13) 2.3E-04  4.4657908E-01     781          146 3.1E+03 5.1E+02 _
   6217  3832      1 1.0E+00   3834 (5.9E-13) 4.8E-04  4.4657908E-01     781          146 3.2E+03 5.1E+02 _
   6218  3833      1 1.0E+00   3835 (1.5E-11) 1.5E-03  4.4657908E-01     781          146 3.2E+03 5.1E+02 _
   6219  3834      1 1.0E+00   3836 (3.7E-11) 1.7E-03  4.4657908E-01     781          146 3.2E+03 5.1E+02 _
   6220  3835      1 1.0E+00   3837 (1.0E-10) 1.7E-03  4.4657908E-01     781          146 3.3E+03 5.1E+02 _
   6221  3836      1 1.0E+00   3838 (1.1E-10) 1.3E-03  4.4657908E-01     781          146 3.3E+03 5.1E+02 _
   6222  3837      1 1.0E+00   3839 (9.4E-11) 6.6E-04  4.4657908E-01     781          146 3.2E+03 5.1E+02 _
   6223  3838      1 1.0E+00   3840 (1.1E-10) 1.1E-03  4.4657908E-01     781          146 3.2E+03 5.1E+02 _
   6224  3839      1 1.0E+00   3841 (1.7E-10) 1.8E-03  4.4657908E-01     781          146 3.3E+03 5.1E+02 _

   Itns Major Minors    Step   nCon Feasible  Optimal  MeritFunction     L+U BSwap     nS condZHZ Penalty
   6225  3840      1 1.0E+00   3842 (3.4E-10) 2.8E-03  4.4657908E-01     781          146 3.3E+03 5.1E+02 _  R
   6226  3841      1 1.0E+00   3843 (8.7E-13) 1.6E-03  4.4657908E-01     781          146 3.3E+03 5.1E+02 _s
   6227  3842      1 1.0E+00   3844 (1.8E-11) 2.9E-03  4.4657908E-01     781          146 3.8E+03 5.1E+02 _
   6228  3843      1 1.0E+00   3845 (1.7E-11) 2.9E-03  4.4657907E-01     781          146 3.5E+03 5.1E+02 _
   6229  3844      1 1.0E+00   3846 (1.8E-11) 2.6E-03  4.4657907E-01     781          146 3.1E+03 5.1E+02 _
   6230  3845      1 1.0E+00   3847 (1.3E-11) 1.6E-03  4.4657907E-01     781          146 3.2E+03 5.1E+02 _
   6231  3846      1 5.0E-01   3848 (1.5E-11) 6.8E-04  4.4657907E-01     781          146 3.1E+03 5.1E+02 _
   6232  3847      1 1.0E+00   3849 (6.4E-11) 1.6E-03  4.4657907E-01     781          146 3.2E+03 5.1E+02 _
   6233  3848      1 4.4E-01   3850 (4.7E-11) 8.3E-04  4.4657907E-01     781          146 3.1E+03 5.1E+02 _
   6234  3849      1 1.0E+00   3851 (7.4E-12) 1.1E-03  4.4657907E-01     781          146 3.2E+03 5.1E+02 _
   6235  3850      1 1.0E+00   3852 (6.5E-12) 2.0E-03  4.4657907E-01     781          146 3.2E+03 5.1E+02 _
   6236  3851      1 1.0E+00   3853 (1.3E-11) 1.1E-03  4.4657907E-01     781          146 3.3E+03 5.1E+02 _  R
   6237  3852      1 3.7E-01   3854 (8.1E-12) 2.4E-04  4.4657907E-01     781          146 3.3E+03 5.1E+02 _s
   6238  3853      1 1.0E+00   3855 (4.5E-13) 2.0E-04  4.4657907E-01     781          146 3.3E+03 5.1E+02 _
   6239  3854      1 1.0E+00   3856 (5.8E-12) 5.9E-04  4.4657907E-01     781          146 3.3E+03 5.1E+02 _
   6240  3855      1 1.0E+00   3857 (7.3E-11) 1.4E-03  4.4657907E-01     781          146 3.4E+03 5.1E+02 _
   6241  3856      1 1.0E+00   3858 (2.9E-10) 2.4E-03  4.4657906E-01     781          146 3.5E+03 5.1E+02 _
   6242  3857      1 1.0E+00   3859 (9.3E-10) 2.7E-03  4.4657906E-01     781          146 3.4E+03 5.1E+02 _
   6243  3858      1 1.0E+00   3860 (1.6E-09) 2.0E-03  4.4657906E-01     781          146 3.3E+03 5.1E+02 _
   6244  3859      1 1.0E+00   3861 (2.2E-09) 2.1E-03  4.4657905E-01     781          146 3.3E+03 5.1E+02 _

   Itns Major Minors    Step   nCon Feasible  Optimal  MeritFunction     L+U BSwap     nS condZHZ Penalty
   6245  3860      1 1.0E+00   3862 (1.1E-09) 2.7E-03  4.4657905E-01     781          146 3.3E+03 5.1E+02 _
   6246  3861      1 1.0E+00   3863 (2.7E-09) 2.8E-03  4.4657904E-01     781          146 3.4E+03 5.1E+02 _
   6247  3862      1 1.0E+00   3864 (1.4E-08) 3.6E-03  4.4657903E-01     781          146 3.4E+03 5.1E+02 _  R
   6248  3863      1 1.0E+00   3865 (1.7E-11) 2.3E-03  4.4657903E-01     781          146 3.4E+03 5.1E+02 _s
   6249  3864      1 1.0E+00   3866 (1.9E-11) 1.9E-03  4.4657903E-01     781          146 3.5E+03 5.1E+02 _
   6250  3865      1 1.0E+00   3867 (8.5E-12) 1.6E-03  4.4657902E-01     781          146 3.4E+03 5.1E+02 _
   6251  3866      1 1.0E+00   3868 (1.4E-11) 1.0E-03  4.4657902E-01     781          146 3.4E+03 5.1E+02 _
   6252  3867      1 1.0E+00   3869 (2.2E-11) 1.9E-03  4.4657902E-01     781          146 3.5E+03 5.1E+02 _
   6253  3868      1 1.0E+00   3870 (1.5E-11) 2.5E-03  4.4657902E-01     781          146 3.4E+03 5.1E+02 _
   6254  3869      1 1.0E+00   3871 (6.4E-11) 2.3E-03  4.4657901E-01     781          146 3.4E+03 5.1E+02 _
   6255  3870      1 1.0E+00   3872 (3.2E-10) 3.3E-03  4.4657901E-01     781          146 3.5E+03 5.1E+02 _
   6256  3871      1 1.0E+00   3873 (6.3E-10) 4.4E-03  4.4657900E-01     781          146 3.7E+03 5.1E+02 _
   6257  3872      1 1.0E+00   3874 (2.0E-11) 1.3E-03  4.4657900E-01     781          146 3.7E+03 5.1E+02 _
   6258  3873      1 1.0E+00   3875 (6.2E-12) 8.7E-04  4.4657900E-01     781          146 3.8E+03 5.1E+02 _  R
   6259  3874      1 1.0E+00   3876 (1.9E-12) 5.7E-04  4.4657900E-01     781          146 3.8E+03 5.1E+02 _s
   6260  3875      1 1.0E+00   3877 (9.7E-12) 1.2E-03  4.4657900E-01     781          146 3.9E+03 5.1E+02 _
   6261  3876      1 1.0E+00   3878 (2.2E-10) 2.4E-03  4.4657899E-01     781          146 3.9E+03 5.1E+02 _
   6262  3877      1 1.0E+00   3879 (4.1E-10) 6.3E-03  4.4657899E-01     781          146 4.3E+03 5.1E+02 _
   6263  3878      1 1.0E+00   3880 (3.9E-10) 3.8E-03  4.4657899E-01     781          146 4.4E+03 5.1E+02 _
   6264  3879      1 1.0E+00   3881 (1.1E-10) 2.7E-03  4.4657898E-01     781          146 4.5E+03 5.1E+02 _

   Itns Major Minors    Step   nCon Feasible  Optimal  MeritFunction     L+U BSwap     nS condZHZ Penalty
   6265  3880      1 1.0E+00   3882 (3.2E-11) 8.9E-04  4.4657898E-01     781          146 4.7E+03 5.1E+02 _
   6266  3881      1 1.0E+00   3883 (2.5E-10) 1.1E-03  4.4657898E-01     781          146 5.4E+03 5.1E+02 _
   6267  3882      1 1.0E+00   3884 (4.6E-12) 1.8E-03  4.4657898E-01     781          146 6.0E+03 5.1E+02 _
   6268  3883      1 1.0E+00   3885 (2.9E-10) 9.3E-04  4.4657897E-01     781          146 6.4E+03 5.1E+02 _
   6269  3884      1 1.0E+00   3886 (1.4E-09) 2.3E-03  4.4657897E-01     781          146 4.1E+03 5.1E+02 _  R
   6270  3885      1 1.0E+00   3887 (1.3E-11) 1.3E-03  4.4657897E-01     781          146 4.4E+03 5.1E+02 _s
   6271  3886      1 1.0E+00   3888 (2.3E-11) 1.3E-03  4.4657896E-01     781          146 4.9E+03 5.1E+02 _
   6272  3887      1 1.0E+00   3889 (3.7E-11) 9.1E-04  4.4657896E-01     781          146 6.1E+03 5.1E+02 _
   6273  3888      1 1.0E+00   3890 (8.4E-11) 1.2E-03  4.4657896E-01     781          146 8.2E+03 5.1E+02 _
   6274  3889      1 1.0E+00   3891 (7.9E-10) 1.6E-03  4.4657896E-01     781          146 9.4E+03 5.1E+02 _
   6275  3890      1 1.0E+00   3892 (2.6E-09) 2.9E-03  4.4657895E-01     781          146 1.0E+04 5.1E+02 _
   6276  3891      1 1.0E+00   3893 (2.8E-09) 2.4E-03  4.4657895E-01     781          146 1.1E+04 5.1E+02 _
   6277  3892      1 1.0E+00   3894 (7.1E-09) 2.6E-03  4.4657894E-01     781          146 1.1E+04 5.1E+02 _
   6278  3893      1 1.0E+00   3895 (8.6E-08) 8.1E-03  4.4657892E-01     781          146 1.1E+04 5.1E+02 _
   6279  3894      1 1.0E+00   3896 (2.6E-10) 6.2E-03  4.4657891E-01     781          146 1.2E+04 5.1E+02 _
   6280  3895      1 1.0E+00   3897 (9.5E-10) 2.8E-03  4.4657890E-01     781          146 6.0E+03 5.1E+02 _  R
   6281  3896      1 4.8E-01   3898 (4.9E-10) 1.6E-03  4.4657889E-01     781          146 6.1E+03 5.1E+02 _s
   6282  3897      1 1.0E+00   3899 (2.8E-12) 7.8E-04  4.4657889E-01     781          146 6.3E+03 5.1E+02 _
   6283  3898      1 1.0E+00   3900 (4.2E-11) 1.7E-03  4.4657889E-01     781          146 6.5E+03 5.1E+02 _
   6284  3899      1 1.0E+00   3901 (8.2E-11) 2.0E-03  4.4657889E-01     781          146 6.7E+03 5.1E+02 _

   Itns Major Minors    Step   nCon Feasible  Optimal  MeritFunction     L+U BSwap     nS condZHZ Penalty
   6285  3900      1 1.0E+00   3902 (1.2E-10) 1.6E-03  4.4657889E-01     781          146 7.0E+03 5.1E+02 _
   6286  3901      1 1.0E+00   3903 (2.6E-10) 1.4E-03  4.4657888E-01     781          146 7.3E+03 5.1E+02 _
   6287  3902      1 1.0E+00   3904 (6.2E-10) 1.7E-03  4.4657888E-01     781          146 7.5E+03 5.1E+02 _
   6288  3903      1 1.0E+00   3905 (1.2E-09) 2.0E-03  4.4657888E-01     781          146 7.6E+03 5.1E+02 _
   6289  3904      1 1.0E+00   3906 (1.5E-09) 1.5E-03  4.4657888E-01     781          146 7.6E+03 5.1E+02 _
   6290  3905      1 1.0E+00   3907 (1.2E-09) 1.4E-03  4.4657887E-01     781          146 7.6E+03 5.1E+02 _
   6291  3906      1 1.0E+00   3908 (2.7E-10) 1.3E-03  4.4657887E-01     781          146 6.6E+03 5.1E+02 _  R
   6292  3907      1 1.0E+00   3909 (2.6E-12) 8.0E-04  4.4657887E-01     781          146 6.8E+03 5.1E+02 _s
   6293  3908      1 1.0E+00   3910 (8.4E-10) 3.9E-03  4.4657887E-01     781          146 7.0E+03 5.1E+02 _
   6294  3909      1 1.0E+00   3911 (3.3E-10) 2.9E-03  4.4657886E-01     781          146 7.1E+03 5.1E+02 _
   6295  3910      1 3.0E-01   3912 (2.9E-10) 2.1E-03  4.4657886E-01     781          146 7.1E+03 5.1E+02 _
   6296  3911      1 5.0E-01   3913 (2.5E-10) 2.9E-03  4.4657886E-01     781          146 7.6E+03 5.1E+02 _
   6297  3912      1 1.0E+00   3914 (1.1E-09) 2.5E-03  4.4657886E-01     781          146 7.4E+03 5.1E+02 _
   6298  3913      1 1.0E+00   3915 (1.8E-10) 5.1E-03  4.4657886E-01     781          146 9.0E+03 5.1E+02 _
   6299  3914      1 1.0E+00   3916 (5.7E-11) 2.5E-03  4.4657886E-01     781          146 7.7E+03 5.1E+02 _
   6300  3915      1 4.2E-01   3917 (7.2E-11) 2.5E-03  4.4657885E-01     781          146 9.5E+03 5.1E+02 _
   6301  3916      1 1.0E+00   3918 (3.2E-09) 3.7E-03  4.4657885E-01     781          146 9.3E+03 5.1E+02 _
   6302  3917      1 1.0E+00   3919 (5.8E-09) 4.4E-03  4.4657885E-01     781          146 9.5E+03 5.1E+02 _  R
   6303  3918      1 4.0E-01   3920 (3.5E-09) 2.2E-03  4.4657884E-01     781          146 9.5E+03 5.1E+02 _s
   6304  3919      1 1.0E+00   3921 (2.7E-11) 4.1E-03  4.4657884E-01     781          146 9.6E+03 5.1E+02 _

   Itns Major Minors    Step   nCon Feasible  Optimal  MeritFunction     L+U BSwap     nS condZHZ Penalty
   6305  3920      1 1.0E+00   3922 (2.2E-11) 1.9E-03  4.4657884E-01     781          146 9.6E+03 5.1E+02 _
   6306  3921      1 1.0E+00   3923 (1.9E-11) 1.3E-03  4.4657884E-01     781          146 9.6E+03 5.1E+02 _
   6307  3922      1 1.0E+00   3924 (3.6E-11) 7.0E-04  4.4657884E-01     781          146 9.9E+03 5.1E+02 _
   6308  3923      1 1.0E+00   3925 (5.4E-10) 9.9E-04  4.4657884E-01     781          146 1.0E+04 5.1E+02 _
   6309  3924      1 1.0E+00   3926 (9.9E-10) 1.5E-03  4.4657883E-01     781          146 1.0E+04 5.1E+02 _
   6310  3925      1 1.0E+00   3927 (3.0E-09) 2.0E-03  4.4657883E-01     781          146 1.1E+04 5.1E+02 _
   6311  3926      1 1.0E+00   3928 (7.8E-09) 1.7E-03  4.4657883E-01     781          146 1.3E+04 5.1E+02 _
   6312  3927      1 1.0E+00   3929 (1.6E-08) 1.1E-03  4.4657883E-01     781          146 1.5E+04 5.1E+02 _
   6313  3928      1 1.0E+00   3930 (3.1E-08) 1.6E-03  4.4657882E-01     781          146 9.7E+03 5.1E+02 _  R
   6314  3929      1 1.0E+00   3931 (6.4E-12) 1.8E-03  4.4657882E-01     781          146 9.6E+03 5.1E+02 _s
   6315  3930      1 1.0E+00   3932 (2.0E-10) 1.7E-03  4.4657881E-01     781          146 9.9E+03 5.1E+02 _
   6316  3931      1 1.0E+00   3933 (8.9E-10) 3.6E-03  4.4657881E-01     781          146 1.0E+04 5.1E+02 _
   6317  3932      1 1.0E+00   3934 (2.1E-09) 4.0E-03  4.4657880E-01     781          146 9.8E+03 5.1E+02 _
   6318  3933      1 1.0E+00   3935 (1.1E-09) 4.2E-03  4.4657880E-01     781          146 9.0E+03 5.1E+02 _
   6319  3934      1 1.0E+00   3936 (4.9E-11) 2.0E-03  4.4657879E-01     781          146 9.4E+03 5.1E+02 _
   6320  3935      1 1.0E+00   3937 (1.9E-11) 1.6E-03  4.4657879E-01     781          146 9.7E+03 5.1E+02 _
   6321  3936      1 1.0E+00   3938 (1.7E-10) 2.0E-03  4.4657879E-01     781          146 1.1E+04 5.1E+02 _
   6322  3937      1 1.0E+00   3939 (3.9E-10) 1.4E-03  4.4657879E-01     781          146 1.2E+04 5.1E+02 _
   6323  3938      1 1.0E+00   3940 (5.7E-10) 1.8E-03  4.4657879E-01     781          146 1.2E+04 5.1E+02 _
   6324  3939      1 1.0E+00   3941 (4.7E-10) 1.6E-03  4.4657878E-01     781          146 1.3E+04 5.1E+02 _  R

   Itns Major Minors    Step   nCon Feasible  Optimal  MeritFunction     L+U BSwap     nS condZHZ Penalty
   6325  3940      1 1.0E+00   3942 (1.4E-11) 1.4E-03  4.4657878E-01     781          146 1.3E+04 5.1E+02 _s
   6326  3941      1 1.0E+00   3943 (6.8E-11) 1.1E-03  4.4657878E-01     781          146 1.4E+04 5.1E+02 _
   6327  3942      1 1.0E+00   3944 (7.2E-10) 2.8E-03  4.4657878E-01     781          146 1.4E+04 5.1E+02 _
   6328  3943      1 1.0E+00   3945 (4.4E-11) 1.6E-03  4.4657878E-01     781          146 1.4E+04 5.1E+02 _
   6329  3944      1 1.0E+00   3946 (3.3E-11) 1.5E-03  4.4657878E-01     781          146 1.6E+04 5.1E+02 _
   6330  3945      1 1.0E+00   3947 (2.9E-10) 1.3E-03  4.4657877E-01     781          146 1.8E+04 5.1E+02 _
   6331  3946      1 1.0E+00   3948 (4.4E-09) 1.6E-03  4.4657877E-01     781          146 1.9E+04 5.1E+02 _
   6332  3947      1 1.0E+00   3949 (6.9E-09) 3.7E-03  4.4657877E-01     781          146 1.9E+04 5.1E+02 _
   6333  3948      1 1.0E+00   3950 (1.1E-11) 1.6E-03  4.4657877E-01     781          146 2.0E+04 5.1E+02 _
   6334  3949      1 1.0E+00   3951 (5.1E-10) 1.2E-03  4.4657876E-01     781          146 2.0E+04 5.1E+02 _
   6335  3950      1 1.0E+00   3952 (1.2E-08) 3.9E-03  4.4657876E-01     781          146 1.4E+04 5.1E+02 _  R
   6336  3951      1 1.0E+00   3953 (3.7E-11) 3.3E-03  4.4657876E-01     781          146 1.4E+04 5.1E+02 _s
   6337  3952      1 1.0E+00   3954 (6.9E-12) 1.2E-03  4.4657875E-01     781          146 1.4E+04 5.1E+02 _
   6338  3953      1 1.0E+00   3955 (5.6E-12) 7.0E-04  4.4657875E-01     781          146 1.4E+04 5.1E+02 _
   6339  3954      1 1.0E+00   3956 (2.2E-11) 1.1E-03  4.4657875E-01     781          146 1.4E+04 5.1E+02 _
   6340  3955      1 1.0E+00   3957 (5.0E-11) 1.0E-03  4.4657875E-01     781          146 1.4E+04 5.1E+02 _
   6341  3956      1 1.0E+00   3958 (9.3E-11) 8.7E-04  4.4657875E-01     781          146 1.4E+04 5.1E+02 _
   6342  3957      1 1.0E+00   3959 (1.0E-10) 8.3E-04  4.4657875E-01     781          146 1.4E+04 5.1E+02 _
   6343  3958      1 1.0E+00   3960 (1.6E-10) 1.2E-03  4.4657875E-01     781          146 1.5E+04 5.1E+02 _
   6344  3959      1 1.0E+00   3961 (3.7E-10) 2.0E-03  4.4657875E-01     781          146 1.5E+04 5.1E+02 _

   Itns Major Minors    Step   nCon Feasible  Optimal  MeritFunction     L+U BSwap     nS condZHZ Penalty
   6345  3960      1 1.0E+00   3962 (1.3E-09) 2.1E-03  4.4657874E-01     781          146 1.5E+04 5.1E+02 _
   6346  3961      1 1.0E+00   3963 (1.1E-09) 1.4E-03  4.4657874E-01     781          146 1.4E+04 5.1E+02 _  R
   6347  3962      1 1.0E+00   3964 (1.9E-12) 1.1E-03  4.4657874E-01     781          146 1.4E+04 5.1E+02 _s
   6348  3963      1 1.0E+00   3965 (4.9E-11) 4.5E-03  4.4657874E-01     781          146 1.4E+04 5.1E+02 _
   6349  3964      1 1.0E+00   3966 (2.3E-11) 3.0E-03  4.4657874E-01     781          146 1.4E+04 5.1E+02 _
   6350  3965      1 3.7E-01   3967 (2.1E-11) 1.8E-03  4.4657874E-01     781          146 1.4E+04 5.1E+02 _
   6351  3966      1 1.0E+00   3968 (6.5E-12) 1.4E-03  4.4657874E-01     781          146 1.4E+04 5.1E+02 _
   6352  3967      1 1.0E+00   3969 (2.5E-11) 1.7E-03  4.4657873E-01     781          146 1.4E+04 5.1E+02 _
   6353  3968      1 4.9E-01   3970 (2.5E-11) 2.6E-03  4.4657873E-01     781          146 1.4E+04 5.1E+02 _
   6354  3969      1 1.0E+00   3971 (4.0E-11) 1.3E-03  4.4657873E-01     781          146 1.4E+04 5.1E+02 _
   6355  3970      1 1.0E+00   3972 (4.2E-11) 2.8E-03  4.4657873E-01     781          146 1.4E+04 5.1E+02 _
   6356  3971      1 1.0E+00   3973 (4.2E-11) 1.7E-03  4.4657873E-01     781          146 1.4E+04 5.1E+02 _
   6357  3972      1 1.0E+00   3974 (3.4E-10) 3.5E-03  4.4657873E-01     781          146 1.5E+04 5.1E+02 _  R
   6358  3973      1 4.0E-01   3975 (2.1E-10) 9.4E-04  4.4657872E-01     781          146 1.5E+04 5.1E+02 _s
   6359  3974      1 1.0E+00   3976 (1.3E-12) 5.2E-04  4.4657872E-01     781          146 1.6E+04 5.1E+02 _
   6360  3975      1 1.0E+00   3977 (1.1E-12) 6.4E-04  4.4657872E-01     781          146 1.6E+04 5.1E+02 _
   6361  3976      1 1.0E+00   3978 (1.4E-12) 1.1E-03  4.4657872E-01     781          146 1.6E+04 5.1E+02 _
   6362  3977      1 1.0E+00   3979 (1.9E-12) 9.8E-04  4.4657872E-01     781          146 1.6E+04 5.1E+02 _
   6363  3978      1 1.0E+00   3980 (1.9E-12) 8.4E-04  4.4657872E-01     781          146 1.6E+04 5.1E+02 _
   6364  3979      1 1.0E+00   3981 (1.4E-12) 7.7E-04  4.4657872E-01     781          146 1.6E+04 5.1E+02 _

   Itns Major Minors    Step   nCon Feasible  Optimal  MeritFunction     L+U BSwap     nS condZHZ Penalty
   6365  3980      1 1.0E+00   3982 (3.2E-12) 1.0E-03  4.4657872E-01     781          146 1.6E+04 5.1E+02 _
   6366  3981      1 1.0E+00   3983 (1.3E-11) 1.5E-03  4.4657872E-01     781          146 1.6E+04 5.1E+02 _
   6367  3982      1 1.0E+00   3984 (4.4E-11) 2.3E-03  4.4657872E-01     781          146 1.6E+04 5.1E+02 _
   6368  3983      1 1.0E+00   3985 (9.7E-11) 2.6E-03  4.4657871E-01     781          146 1.6E+04 5.1E+02 _  R
   6369  3984      1 1.0E+00   3986 (1.8E-12) 1.9E-03  4.4657871E-01     781          146 1.6E+04 5.1E+02 _s
   6370  3985      1 4.0E-01   3987 (9.5E-12) 7.0E-04  4.4657871E-01     781          146 1.6E+04 5.1E+02 _
   6371  3986      1 1.0E+00   3988 (1.1E-11) 2.1E-03  4.4657871E-01     781          146 1.7E+04 5.1E+02 _
   6372  3987      1 1.0E+00   3989 (1.2E-11) 2.0E-03  4.4657871E-01     781          146 1.7E+04 5.1E+02 _
   6373  3988      1 1.0E+00   3990 (2.1E-11) 4.2E-03  4.4657871E-01     781          146 1.8E+04 5.1E+02 _
   6374  3989      1 1.0E+00   3991 (2.0E-11) 2.2E-03  4.4657871E-01     781          146 1.9E+04 5.1E+02 _
   6375  3990      1 1.0E+00   3992 (1.2E-11) 2.2E-03  4.4657870E-01     781          146 1.9E+04 5.1E+02 _
   6376  3991      1 1.0E+00   3993 (1.9E-11) 2.7E-03  4.4657870E-01     781          146 1.9E+04 5.1E+02 _
   6377  3992      1 1.0E+00   3994 (1.5E-11) 1.9E-03  4.4657870E-01     781          146 2.0E+04 5.1E+02 _
   6378  3993      1 1.0E+00   3995 (2.1E-11) 2.8E-03  4.4657870E-01     781          146 2.0E+04 5.1E+02 _
   6379  3994      1 1.0E+00   3996 (1.8E-11) 2.2E-03  4.4657870E-01     781          146 2.4E+04 5.1E+02 _  R
   6380  3995      1 4.3E-01   3997 (1.8E-11) 5.4E-04  4.4657870E-01     781          146 2.3E+04 5.1E+02 _s
   6381  3996      1 1.0E+00   3998 (8.4E-13) 3.3E-04  4.4657870E-01     781          146 2.4E+04 5.1E+02 _
   6382  3997      1 1.0E+00   3999 (1.9E-12) 8.4E-04  4.4657870E-01     781          146 2.4E+04 5.1E+02 _
   6383  3998      1 1.0E+00   4000 (5.8E-12) 1.0E-03  4.4657870E-01     781          146 2.4E+04 5.1E+02 _
   6384  3999      1 1.0E+00   4001 (3.6E-11) 1.7E-03  4.4657870E-01     781          146 2.4E+04 5.1E+02 _

   Itns Major Minors    Step   nCon Feasible  Optimal  MeritFunction     L+U BSwap     nS condZHZ Penalty
   6385  4000      1 1.0E+00   4002 (1.4E-10) 1.9E-03  4.4657870E-01     781          146 2.4E+04 5.1E+02 _
   6386  4001      1 1.0E+00   4003 (3.6E-10) 1.0E-03  4.4657869E-01     781          146 2.4E+04 5.1E+02 _
   6387  4002      1 1.0E+00   4004 (4.8E-10) 1.3E-03  4.4657869E-01     781          146 2.4E+04 5.1E+02 _
   6388  4003      1 1.0E+00   4005 (6.0E-10) 1.2E-03  4.4657869E-01     781          146 2.4E+04 5.1E+02 _
   6389  4004      1 1.0E+00   4006 (1.6E-09) 1.6E-03  4.4657869E-01     781          146 2.4E+04 5.1E+02 _
   6390  4005      1 1.0E+00   4007 (2.4E-09) 1.9E-03  4.4657868E-01     781          146 2.4E+04 5.1E+02 _  R
   6391  4006      1 1.0E+00   4008 (2.4E-12) 1.1E-03  4.4657868E-01     781          146 2.4E+04 5.1E+02 _s
   6392  4007      1 1.0E+00   4009 (5.0E-11) 3.9E-03  4.4657868E-01     781          146 2.5E+04 5.1E+02 _
   6393  4008      1 1.0E+00   4010 (3.1E-11) 2.9E-03  4.4657867E-01     781          146 2.5E+04 5.1E+02 _
   6394  4009      1 1.0E+00   4011 (3.8E-11) 4.3E-03  4.4657867E-01     781          146 2.5E+04 5.1E+02 _
   6395  4010      1 1.0E+00   4012 (4.0E-11) 2.8E-03  4.4657866E-01     781          146 2.5E+04 5.1E+02 _
   6396  4011      1 4.0E-01   4013 (5.0E-11) 3.4E-03  4.4657865E-01     781          146 2.5E+04 5.1E+02 _
   6397  4012      1 3.8E-01   4014 (4.4E-11) 1.8E-03  4.4657865E-01     781          146 2.5E+04 5.1E+02 _
   6398  4013      1 5.0E-01   4015 (3.8E-11) 2.0E-03  4.4657865E-01     781          146 2.6E+04 5.1E+02 _
   6399  4014      1 3.7E-01   4016 (3.8E-11) 1.6E-03  4.4657864E-01     781          146 2.6E+04 5.1E+02 _
   6400  4015      1 1.0E+00   4017 (3.8E-11) 3.4E-03  4.4657864E-01     781          146 2.6E+04 5.1E+02 _
   6401  4016      1 1.0E+00   4018 (7.8E-11) 3.8E-03  4.4657864E-01     781          146 2.6E+04 5.1E+02 _  R
   6402  4017      1 3.7E-01   4019 (5.7E-11) 1.5E-03  4.4657863E-01     781          146 2.6E+04 5.1E+02 _s
   6403  4018      1 1.0E+00   4020 (3.3E-12) 5.9E-04  4.4657863E-01     781          146 2.6E+04 5.1E+02 _
   6404  4019      1 1.0E+00   4021 (8.1E-12) 1.2E-03  4.4657863E-01     781          146 2.6E+04 5.1E+02 _

   Itns Major Minors    Step   nCon Feasible  Optimal  MeritFunction     L+U BSwap     nS condZHZ Penalty
   6405  4020      1 1.0E+00   4022 (4.4E-11) 1.8E-03  4.4657863E-01     781          146 3.0E+04 5.1E+02 _
   6406  4021      1 1.0E+00   4023 (1.4E-10) 1.5E-03  4.4657863E-01     781          146 4.6E+04 5.1E+02 _
   6407  4022      1 1.0E+00   4024 (4.1E-10) 1.5E-03  4.4657862E-01     781          146 6.3E+04 5.1E+02 _
   6408  4023      1 1.0E+00   4025 (1.3E-09) 1.8E-03  4.4657862E-01     781          146 7.8E+04 5.1E+02 _
   6409  4024      1 1.0E+00   4026 (5.0E-09) 2.4E-03  4.4657861E-01     781          146 9.0E+04 5.1E+02 _
   6410  4025      1 1.0E+00   4027 (2.0E-08) 3.2E-03  4.4657859E-01     781          146 9.9E+04 5.1E+02 _
   6411  4026      1 1.0E+00   4028 (8.1E-08) 3.8E-03  4.4657857E-01     781          146 1.0E+05 5.1E+02 _
   6412  4027      1 1.0E+00   4029 (2.9E-07) 5.8E-03  4.4657853E-01     781          146 2.7E+04 5.1E+02 _  R
   6413  4028      1 1.0E+00   4030 (5.5E-11) 2.7E-03  4.4657852E-01     781          146 2.7E+04 5.1E+02 _s
   6414  4029      1 1.0E+00   4031 (8.0E-11) 2.4E-03  4.4657850E-01     781          146 2.7E+04 5.1E+02 _
   6415  4030      1 1.0E+00   4032 (2.1E-10) 3.4E-03  4.4657848E-01     781          146 2.7E+04 5.1E+02 _
   6416  4031      1 1.0E+00   4033 (2.1E-10) 3.7E-03  4.4657847E-01     781          146 3.8E+04 5.1E+02 _
   6417  4032      1 1.0E+00   4034 (2.8E-09) 4.3E-03  4.4657843E-01     781          146 4.5E+04 5.1E+02 _
   6418  4033      1 1.0E+00   4035 (2.2E-10) 4.3E-03  4.4657842E-01     781          146 4.3E+04 5.1E+02 _
   6419  4034      1 1.0E+00   4036 (3.0E-10) 1.0E-02  4.4657842E-01     781          146 4.4E+04 5.1E+02 _
   6420  4035      1 1.0E+00   4037 (1.4E-10) 1.4E-03  4.4657839E-01     781          146 4.9E+04 5.1E+02 _
   6421  4036      1 1.0E+00   4038 (1.2E-10) 3.3E-03  4.4657839E-01     781          146 9.0E+04 5.1E+02 _
   6422  4037      1 1.0E+00   4039 (2.4E-09) 1.1E-02  4.4657836E-01     781          146 9.5E+04 5.1E+02 _
   6423  4038      1 4.1E-01   4040 (1.6E-09) 1.1E-02  4.4657834E-01     781          146 3.0E+04 5.1E+02 _  R
   6424  4039      1 1.0E+00   4041 (2.2E-10) 9.9E-03  4.4657832E-01     781          146 3.4E+04 5.1E+02 _s

   Itns Major Minors    Step   nCon Feasible  Optimal  MeritFunction     L+U BSwap     nS condZHZ Penalty
   6425  4040      1 1.0E+00   4042 (1.7E-10) 2.1E-03  4.4657831E-01     781          146 4.6E+04 5.1E+02 _
   6426  4041      1 1.0E+00   4043 (6.1E-10) 2.1E-03  4.4657829E-01     781          146 8.5E+04 5.1E+02 _
   6427  4042      1 1.0E+00   4044 (2.7E-09) 3.2E-03  4.4657828E-01     781          146 1.4E+05 5.1E+02 _
   6428  4043      1 1.0E+00   4045 (6.0E-09) 3.8E-03  4.4657826E-01     781          146 2.1E+05 5.1E+02 _
   6429  4044      1 1.0E+00   4046 (2.6E-08) 4.0E-03  4.4657824E-01     781          146 2.8E+05 5.1E+02 _
   6430  4045      1 1.0E+00   4047 (4.7E-08) 5.4E-03  4.4657821E-01     781          146 3.9E+05 5.1E+02 _
   6431  4046      1 1.0E+00   4048 (1.7E-07) 2.1E-02  4.4657816E-01     781          146 5.1E+05 5.1E+02 _
   6432  4047      1 1.0E+00   4049 (2.7E-07) 1.4E-02  4.4657806E-01     781          146 6.0E+05 5.1E+02 _
   6433  4048      1 4.9E-01   4050 (1.6E-07) 9.8E-03  4.4657802E-01     781          146 7.9E+05 5.1E+02 _
   6434  4049      1 1.0E+00   4051 (1.9E-08) 8.7E-03  4.4657798E-01     781          146 7.6E+04 5.1E+02 _  R
   6435  4050      1 1.0E+00   4052 (3.7E-10) 4.1E-03  4.4657794E-01     781          146 9.2E+04 5.1E+02 _s
   6436  4051      1 1.0E+00   4053 (3.8E-09) 3.9E-03  4.4657790E-01     781          146 1.8E+05 5.1E+02 _
   6437  4052      1 1.0E+00   4054 (2.9E-08) 2.9E-02  4.4657788E-01     781          146 2.2E+05 5.1E+02 _
   6438  4053      1 1.0E+00   4055 (2.5E-09) 6.6E-03  4.4657781E-01     781          146 2.7E+05 5.1E+02 _
   6439  4054      1 1.0E+00   4056 (2.4E-08) 6.5E-03  4.4657776E-01     781          146 5.4E+05 5.1E+02 _
   6440  4055      1 1.0E+00   4057 (1.3E-07) 2.7E-02  4.4657771E-01     781          146 6.8E+05 5.1E+02 _
   6441  4056      1 1.0E+00   4058 (3.3E-08) 9.7E-03  4.4657763E-01     781          146 7.7E+05 5.1E+02 _
   6442  4057      1 1.0E+00   4059 (2.0E-08) 9.5E-03  4.4657755E-01     781          146 1.1E+06 5.1E+02 _
   6443  4058      1 1.0E+00   4060 (2.7E-07) 2.7E-02  4.4657745E-01     781          146 1.3E+06 5.1E+02 _
   6444  4059      1 1.0E+00   4061 (1.3E-07) 4.5E-02  4.4657735E-01     781          146 1.4E+06 5.1E+02 _

   Itns Major Minors    Step   nCon Feasible  Optimal  MeritFunction     L+U BSwap     nS condZHZ Penalty
   6445  4060      1 1.0E+00   4062 (3.3E-08) 5.3E-02  4.4657731E-01     781          146 1.4E+05 5.1E+02 _  R
   6446  4061      1 1.0E+00   4063 (2.6E-09) 1.4E-02  4.4657718E-01     781          146 1.6E+05 5.1E+02 _s
   6447  4062      1 1.0E+00   4064 (1.9E-09) 8.8E-03  4.4657715E-01     781          146 2.6E+05 5.1E+02 _
   6448  4063      1 1.0E+00   4065 (1.5E-08) 1.1E-02  4.4657711E-01     781          146 6.3E+05 5.1E+02 _
   6449  4064      1 1.0E+00   4066 (5.3E-08) 1.2E-02  4.4657705E-01     781          146 1.7E+06 5.1E+02 _
   6450  4065      1 1.0E+00   4067 (3.1E-07) 4.8E-02  4.4657698E-01     781          146 2.6E+06 5.1E+02 _
   6451  4066      1 1.0E+00   4068 (4.1E-07) 3.1E-02  4.4657678E-01     781          146 5.1E+06 5.1E+02 _
   6452  4067      1 1.4E-01   4069 (5.2E-07) 2.2E-02  4.4657666E-01     781          146 7.4E+06 5.1E+02 _
   6453  4068      1 5.1E-02   4070 (5.9E-07) 1.9E-02  4.4657657E-01     781          146 8.8E+06 5.1E+02 _
   6454  4069      1 2.2E-02   4071 (6.2E-07) 1.7E-02  4.4657650E-01     781          146 8.6E+06 5.1E+02 _
   6455  4070      1 2.9E-02   4072 (6.6E-07) 1.5E-02  4.4657643E-01     781          146 8.0E+06 5.1E+02 _
   6457  4071      2 5.6E-02   4073 (7.5E-07) 1.4E-02  4.4657633E-01     781          146 2.5E+05 5.1E+02 _  R
   6458  4072      1 1.0E+00   4074 (2.2E-09) 1.1E-02  4.4657624E-01     781          146 3.1E+05 5.1E+02 _s
   6459  4073      1 1.0E+00   4075 (2.4E-08) 9.1E-03  4.4657617E-01     781          146 6.6E+05 5.1E+02 _
   6460  4074      1 1.0E+00   4076 (1.1E-07) 8.5E-03  4.4657605E-01     781          146 1.3E+06 5.1E+02 _
   6461  4075      1 1.0E+00   4077 (2.7E-07) 2.1E-02  4.4657594E-01     781          146 2.9E+06 5.1E+02 _
   6462  4076      1 1.0E+00   4078  1.7E-06  4.4E-02  4.4657573E-01     781          146 4.3E+06 5.1E+02 _
   6464  4077      2 1.0E+00   4079  2.6E-06  5.5E-02  4.4657534E-01     781          146 7.4E+06 5.1E+02 _
   6465  4078      1 1.8E-02   4080  2.6E-06  5.6E-02  4.4657527E-01     781          146 7.7E+06 5.1E+02 _
   6466  4079      1 1.6E-02   4081  2.6E-06  5.5E-02  4.4657520E-01     781          146 8.1E+06 5.1E+02 _

   Itns Major Minors    Step   nCon Feasible  Optimal  MeritFunction     L+U BSwap     nS condZHZ Penalty
   6467  4080      1 1.0E-02   4082  2.6E-06  5.5E-02  4.4657514E-01     781          146 8.5E+06 5.1E+02 _
   6468  4081      1 5.4E-03   4083  2.6E-06  5.4E-02  4.4657510E-01     781          146 8.9E+06 5.1E+02 _
   6470  4082      2 3.8E-03   4084  2.6E-06  5.4E-02  4.4657506E-01     781          146 3.7E+05 5.1E+02 _  R
   6471  4083      1 1.0E+00   4085 (1.2E-08) 1.7E-02  4.4657471E-01     781          146 4.2E+05 5.1E+02 _s
   6472  4084      1 1.0E+00   4086 (7.6E-08) 2.7E-02  4.4657466E-01     781          146 5.4E+05 5.1E+02 _
   6473  4085      1 1.0E+00   4087 (2.0E-08) 2.0E-02  4.4657450E-01     781          146 6.4E+05 5.1E+02 _
   6474  4086      1 1.0E+00   4088 (5.7E-08) 2.6E-02  4.4657442E-01     781          146 9.1E+05 5.1E+02 _
   6475  4087      1 1.0E+00   4089 (1.2E-07) 1.5E-02  4.4657422E-01     781          146 1.5E+06 5.1E+02 _
   6476  4088      1 4.9E-01   4090 (2.3E-07) 1.3E-02  4.4657402E-01     781          146 2.6E+06 5.1E+02 _
   6477  4089      1 4.4E-01   4091 (7.1E-07) 3.8E-02  4.4657380E-01     781          146 3.3E+06 5.1E+02 _
   6478  4090      1 1.0E+00   4092  2.6E-06  9.3E-02  4.4657370E-01     781          146 4.9E+06 5.1E+02 _
   6479  4091      1 1.0E+00   4093 (3.7E-07) 7.3E-02  4.4657291E-01     781          146 5.5E+06 5.1E+02 _
   6480  4092      1 2.4E-01   4094  1.1E-06  4.5E-02  4.4657246E-01     781          146 5.3E+06 5.1E+02 _
   6481  4093      1 3.6E-01   4095  1.7E-06  2.2E-02  4.4657201E-01     781          146 6.7E+05 5.1E+02 _  R
   6482  4094      1 1.0E+00   4096 (4.3E-08) 1.5E-02  4.4657184E-01     781          146 8.1E+05 5.1E+02 _s
   6483  4095      1 1.0E+00   4097 (8.1E-08) 1.0E-02  4.4657172E-01     781          146 1.8E+06 5.1E+02 _
   6484  4096      1 1.0E+00   4098 (8.5E-07) 1.9E-02  4.4657145E-01     781          146 4.5E+06 5.1E+02 _
   6485  4097      1 2.2E-01   4099 (9.9E-07) 2.0E-02  4.4657128E-01     781          146 5.8E+06 5.1E+02 _
   6486  4098      1 1.5E-01   4100  1.1E-06  1.9E-02  4.4657115E-01     781          146 7.0E+06 5.1E+02 _
   6487  4099      1 1.2E-01   4101  1.2E-06  2.0E-02  4.4657100E-01     781          146 9.1E+06 5.1E+02 _

   Itns Major Minors    Step   nCon Feasible  Optimal  MeritFunction     L+U BSwap     nS condZHZ Penalty
   6488  4100      1 5.8E-02   4102  1.3E-06  2.0E-02  4.4657087E-01     781          146 1.2E+07 5.1E+02 _
   6490  4101      2 1.5E-02   4103  1.3E-06  2.1E-02  4.4657081E-01     804          145 3.0E+04 5.1E+02 _
   6491  4102      1 7.9E-03   4104  1.3E-06  2.1E-02  4.4657076E-01     817     1    145 3.9E+04 5.1E+02 _
   6492  4103      1 8.5E-03   4105  1.3E-06  2.1E-02  4.4657071E-01     817          145 3.9E+04 5.1E+02 _
   6496  4104      4 9.2E-03   4106  1.3E-06  2.0E-02  4.4657065E-01     817          146 1.6E+06 5.1E+02 _  R
   6497  4105      1 1.0E+00   4107 (8.8E-08) 7.5E-03  4.4657043E-01     817          146 2.5E+06 5.1E+02 _s
   6498  4106      1 1.0E+00   4108 (7.1E-07) 2.0E-02  4.4657022E-01     817          146 8.4E+06 5.1E+02 _
   6499  4107      1 1.0E+00   4109  5.6E-06  2.4E-02  4.4656993E-01     817          146 2.5E+07 5.1E+02 _
   6500  4108      1 2.1E-01   4110  5.5E-06  2.9E-02  4.4656968E-01     817          146 6.5E+07 5.1E+02 _
   6502  4109      2 8.9E-03   4111  5.4E-06  2.9E-02  4.4656964E-01     817          145 4.4E+04 5.1E+02 _
   6503  4110      1 1.1E-02   4112  5.4E-06  2.9E-02  4.4656960E-01     817          145 4.5E+04 5.1E+02 _
   6504  4111      1 1.4E-02   4113  5.4E-06  2.9E-02  4.4656954E-01     817          145 4.6E+04 5.1E+02 _
   6505  4112      1 1.9E-02   4114  5.3E-06  2.8E-02  4.4656945E-01     817          145 4.8E+04 5.1E+02 _
   6506  4113      1 2.7E-02   4115  5.3E-06  2.7E-02  4.4656932E-01     817          145 5.1E+04 5.1E+02 _
   6507  4114      1 3.7E-02   4116  5.2E-06  2.5E-02  4.4656915E-01     817          145 5.4E+04 5.1E+02 _
   6510  4115      3 5.8E-02   4117  5.2E-06  2.2E-02  4.4656888E-01     817          146 2.3E+06 5.1E+02 _  R
   6511  4116      1 1.0E+00   4118 (2.7E-07) 9.6E-03  4.4656843E-01     817          146 4.5E+06 5.1E+02 _s
   6512  4117      1 3.2E-01   4119  1.1E-06  1.3E-02  4.4656819E-01     817          146 7.8E+06 5.1E+02 _
   6514  4118      2 3.5E-01   4120  2.4E-06  2.6E-02  4.4656787E-01     817          145 4.9E+04 5.1E+02 _
   6515  4119      1 4.4E-02   4121  2.5E-06  2.7E-02  4.4656775E-01     817          145 5.0E+04 5.1E+02 _

   Itns Major Minors    Step   nCon Feasible  Optimal  MeritFunction     L+U BSwap     nS condZHZ Penalty
   6516  4120      1 7.9E-02   4122  2.6E-06  2.7E-02  4.4656753E-01     817          145 6.2E+04 5.1E+02 _
   6517  4121      1 2.1E-01   4123  3.2E-06  2.1E-02  4.4656698E-01     817          145 8.9E+04 5.1E+02 _
   6518  4122      1 3.7E-01   4124  2.1E-06  3.6E-02  4.4656631E-01     817          145 1.0E+05 5.1E+02 _
   6519  4123      1 4.5E-01   4125 (1.8E-07) 6.3E-02  4.4656585E-01     817          145 1.1E+05 5.1E+02 _
   6520  4124      1 1.0E+00   4126  6.7E-06  4.2E-02  4.4656556E-01     817          145 1.1E+05 5.1E+02 _
   6521  4125      1 1.0E+00   4127 (1.2E-08) 3.9E-02  4.4656544E-01     817          145 1.0E+05 5.1E+02 _
   6522  4126      1 4.9E-01   4128 (6.9E-09) 3.3E-02  4.4656516E-01     817          145 7.1E+04 5.1E+02 _  R
   6523  4127      1 4.8E-01   4129 (4.9E-09) 1.4E-02  4.4656499E-01     817          145 7.2E+04 5.1E+02 _s
   6524  4128      1 1.0E+00   4130 (3.1E-09) 3.9E-02  4.4656498E-01     817          145 7.5E+04 5.1E+02 _
   6525  4129      1 1.0E+00   4131 (2.0E-09) 2.1E-02  4.4656495E-01     817          145 8.1E+04 5.1E+02 _
   6526  4130      1 1.0E+00   4132 (5.8E-10) 9.8E-03  4.4656491E-01     817          145 7.8E+04 5.1E+02 _
   6527  4131      1 1.0E+00   4133 (2.9E-09) 5.5E-03  4.4656488E-01     817          145 9.7E+04 5.1E+02 _
   6528  4132      1 1.0E+00   4134 (2.4E-08) 2.6E-02  4.4656486E-01     817          145 1.4E+05 5.1E+02 _
   6529  4133      1 1.0E+00   4135 (1.7E-08) 9.1E-03  4.4656482E-01     817          145 1.3E+05 5.1E+02 _
   6530  4134      1 1.0E+00   4136 (1.6E-08) 7.5E-03  4.4656479E-01     817          145 1.5E+05 5.1E+02 _
   6531  4135      1 1.0E+00   4137 (5.6E-09) 7.7E-03  4.4656477E-01     817          145 1.4E+05 5.1E+02 _
   6532  4136      1 1.0E+00   4138 (6.1E-09) 6.0E-03  4.4656476E-01     817          145 1.4E+05 5.1E+02 _
   6533  4137      1 1.0E+00   4139 (1.1E-10) 2.6E-03  4.4656475E-01     817          145 7.7E+04 5.1E+02 _  R
   6534  4138      1 1.0E+00   4140 (2.9E-11) 1.8E-03  4.4656475E-01     817          145 7.7E+04 5.1E+02 _s
   6535  4139      1 1.0E+00   4141 (9.1E-11) 2.5E-03  4.4656474E-01     817          145 9.3E+04 5.1E+02 _

   Itns Major Minors    Step   nCon Feasible  Optimal  MeritFunction     L+U BSwap     nS condZHZ Penalty
   6536  4140      1 1.0E+00   4142 (6.1E-10) 3.9E-03  4.4656474E-01     817          145 1.0E+05 5.1E+02 _
   6537  4141      1 1.0E+00   4143 (5.9E-10) 6.3E-03  4.4656473E-01     817          145 1.1E+05 5.1E+02 _
   6538  4142      1 1.0E+00   4144 (6.2E-10) 2.1E-03  4.4656473E-01     817          145 1.2E+05 5.1E+02 _
   6539  4143      1 1.0E+00   4145 (1.4E-09) 3.1E-03  4.4656473E-01     817          145 1.2E+05 5.1E+02 _
   6540  4144      1 1.0E+00   4146 (4.8E-10) 2.8E-03  4.4656472E-01     817          145 1.2E+05 5.1E+02 _
   6541  4145      1 1.0E+00   4147 (4.1E-09) 4.8E-03  4.4656472E-01     817          145 1.2E+05 5.1E+02 _
   6542  4146      1 1.0E+00   4148 (4.0E-10) 3.9E-03  4.4656471E-01     817          145 1.2E+05 5.1E+02 _
   6543  4147      1 1.0E+00   4149 (8.1E-12) 2.1E-03  4.4656471E-01     817          145 1.2E+05 5.1E+02 _
   6544  4148      1 1.0E+00   4150 (5.6E-10) 1.4E-03  4.4656471E-01     817          145 6.8E+04 5.1E+02 _  R
   6545  4149      1 1.0E+00   4151 (4.3E-12) 9.0E-04  4.4656471E-01     817          145 6.9E+04 5.1E+02 _s
   6546  4150      1 1.0E+00   4152 (9.6E-12) 1.1E-03  4.4656471E-01     817          145 7.4E+04 5.1E+02 _
   6547  4151      1 1.0E+00   4153 (1.9E-10) 6.8E-04  4.4656471E-01     817          145 7.9E+04 5.1E+02 _
   6548  4152      1 1.0E+00   4154 (4.8E-11) 4.2E-04  4.4656471E-01     817          145 8.5E+04 5.1E+02 _
   6549  4153      1 1.0E+00   4155 (6.4E-11) 5.7E-04  4.4656471E-01     817          145 9.7E+04 5.1E+02 _
   6550  4154      1 1.0E+00   4156 (5.1E-10) 9.9E-04  4.4656471E-01     817          145 1.0E+05 5.1E+02 _
   6551  4155      1 1.0E+00   4157 (1.0E-09) 9.1E-04  4.4656471E-01     817          145 1.1E+05 5.1E+02 _
   6552  4156      1 1.0E+00   4158 (1.1E-09) 7.5E-04  4.4656471E-01     817          145 1.1E+05 5.1E+02 _
   6553  4157      1 1.0E+00   4159 (5.5E-10) 6.2E-04  4.4656471E-01     817          145 1.1E+05 5.1E+02 _
   6554  4158      1 1.0E+00   4160 (5.7E-11) 5.1E-04  4.4656471E-01     817          145 1.2E+05 5.1E+02 _
   6555  4159      1 1.0E+00   4161 (4.8E-11) 4.6E-04  4.4656471E-01     817          145 4.1E+04 5.1E+02 _  R

   Itns Major Minors    Step   nCon Feasible  Optimal  MeritFunction     L+U BSwap     nS condZHZ Penalty
   6556  4160      1 1.0E+00   4162 (2.8E-13) 2.2E-04  4.4656471E-01     817          145 4.1E+04 5.1E+02 _s
   6557  4161      1 1.0E+00   4163 (8.6E-13) 3.8E-04  4.4656471E-01     817          145 4.3E+04 5.1E+02 _
   6558  4162      1 1.0E+00   4164 (2.2E-12) 3.0E-04  4.4656471E-01     817          145 4.2E+04 5.1E+02 _
   6559  4163      1 1.0E+00   4165 (7.7E-13) 2.2E-04  4.4656471E-01     817          145 4.3E+04 5.1E+02 _
   6560  4164      1 1.0E+00   4166 (2.9E-12) 4.6E-04  4.4656471E-01     817          145 4.4E+04 5.1E+02 _
   6561  4165      1 1.0E+00   4167 (7.7E-12) 3.8E-04  4.4656471E-01     817          145 4.3E+04 5.1E+02 _
   6562  4166      1 1.0E+00   4168 (1.7E-11) 4.5E-04  4.4656471E-01     817          145 4.4E+04 5.1E+02 _
   6563  4167      1 1.0E+00   4169 (4.2E-11) 3.5E-04  4.4656471E-01     817          145 4.4E+04 5.1E+02 _
   6564  4168      1 1.0E+00   4170 (2.0E-12) 3.4E-04  4.4656471E-01     817          145 4.8E+04 5.1E+02 _
   6565  4169      1 1.0E+00   4171 (1.9E-12) 3.0E-04  4.4656471E-01     817          145 5.9E+04 5.1E+02 _
   6566  4170      1 1.0E+00   4172 (6.5E-12) 2.9E-04  4.4656471E-01     817          145 4.3E+04 5.1E+02 _  R
   6567  4171      1 1.0E+00   4173 (5.7E-13) 2.2E-04  4.4656471E-01     817          145 4.5E+04 5.1E+02 _s
   6568  4172      1 1.0E+00   4174 (8.2E-13) 1.8E-04  4.4656471E-01     817          145 5.8E+04 5.1E+02 _
   6569  4173      1 1.0E+00   4175 (5.3E-12) 2.3E-04  4.4656471E-01     817          145 7.7E+04 5.1E+02 _
   6570  4174      1 1.0E+00   4176 (6.0E-12) 2.5E-04  4.4656471E-01     817          145 1.2E+05 5.1E+02 _
   6571  4175      1 1.0E+00   4177 (2.6E-11) 1.7E-04  4.4656471E-01     817          145 1.4E+05 5.1E+02 _
   6572  4176      1 1.0E+00   4178 (3.9E-11) 2.0E-04  4.4656471E-01     817          145 1.5E+05 5.1E+02 _
   6573  4177      1 1.0E+00   4179 (1.1E-11) 2.1E-04  4.4656471E-01     817          145 1.4E+05 5.1E+02 _
   6574  4178      1 1.0E+00   4180 (2.5E-12) 1.9E-04  4.4656471E-01     817          145 1.4E+05 5.1E+02 _
   6575  4179      1 1.0E+00   4181 (1.3E-11) 1.5E-04  4.4656471E-01     817          145 1.4E+05 5.1E+02 _

   Itns Major Minors    Step   nCon Feasible  Optimal  MeritFunction     L+U BSwap     nS condZHZ Penalty
   6576  4180      1 1.0E+00   4182 (1.0E-11) 1.6E-04  4.4656471E-01     817          145 1.4E+05 5.1E+02 _
   6577  4181      1 1.0E+00   4183 (2.0E-11) 2.3E-04  4.4656471E-01     817          145 4.3E+04 5.1E+02 _  R
   6578  4182      1 1.0E+00   4184 (3.6E-13) 1.6E-04  4.4656471E-01     817          145 4.7E+04 5.1E+02 _s
   6579  4183      1 1.0E+00   4185 (3.8E-12) 2.8E-04  4.4656470E-01     817          145 5.4E+04 5.1E+02 _
   6580  4184      1 1.0E+00   4186 (3.8E-12) 3.9E-04  4.4656470E-01     817          145 6.4E+04 5.1E+02 _
   6581  4185      1 1.0E+00   4187 (8.2E-12) 1.7E-04  4.4656470E-01     817          145 7.6E+04 5.1E+02 _
   6582  4186      1 1.0E+00   4188 (3.1E-11) 2.2E-04  4.4656470E-01     817          145 8.0E+04 5.1E+02 _
   6583  4187      1 1.0E+00   4189 (3.1E-11) 3.2E-04  4.4656470E-01     817          145 7.8E+04 5.1E+02 _
   6584  4188      1 1.0E+00   4190 (1.2E-11) 2.0E-04  4.4656470E-01     817          145 7.7E+04 5.1E+02 _
   6585  4189      1 1.0E+00   4191 (6.5E-13) 2.5E-04  4.4656470E-01     817          145 8.5E+04 5.1E+02 _
   6586  4190      1 1.0E+00   4192 (6.3E-13) 2.9E-04  4.4656470E-01     817          145 1.2E+05 5.1E+02 _
   6587  4191      1 1.0E+00   4193 (6.1E-12) 4.1E-04  4.4656470E-01     817          145 1.6E+05 5.1E+02 _
   6588  4192      1 1.0E+00   4194 (2.8E-11) 1.2E-03  4.4656470E-01     817          145 4.4E+04 5.1E+02 _  R
   6589  4193      1 1.0E+00   4195 (2.9E-12) 3.9E-04  4.4656470E-01     817          145 4.5E+04 5.1E+02 _s
   6590  4194      1 1.0E+00   4196 (8.1E-13) 2.2E-04  4.4656470E-01     817          145 4.5E+04 5.1E+02 _
   6591  4195      1 1.0E+00   4197 (2.9E-13) 1.2E-04  4.4656470E-01     817          145 5.1E+04 5.1E+02 _
   6592  4196      1 1.0E+00   4198 (8.9E-13) 1.2E-04  4.4656470E-01     817          145 8.0E+04 5.1E+02 _
   6593  4197      1 1.0E+00   4199 (1.2E-11) 1.9E-04  4.4656470E-01     817          145 9.8E+04 5.1E+02 _
   6594  4198      1 1.0E+00   4200 (5.5E-12) 2.4E-04  4.4656470E-01     817          145 1.4E+05 5.1E+02 _
   6595  4199      1 1.0E+00   4201 (6.4E-11) 2.8E-04  4.4656470E-01     817          145 1.4E+05 5.1E+02 _

   Itns Major Minors    Step   nCon Feasible  Optimal  MeritFunction     L+U BSwap     nS condZHZ Penalty
   6596  4200      1 1.0E+00   4202 (5.9E-11) 3.3E-04  4.4656470E-01     817          145 1.4E+05 5.1E+02 _
   6597  4201      1 1.0E+00   4203 (2.8E-11) 2.2E-04  4.4656470E-01     817          145 1.3E+05 5.1E+02 _
   6598  4202      1 1.0E+00   4204 (4.3E-12) 3.2E-04  4.4656470E-01     817          145 1.4E+05 5.1E+02 _
   6599  4203      1 1.0E+00   4205 (1.6E-12) 2.2E-04  4.4656470E-01     817          145 4.3E+04 5.1E+02 _  R
   6600  4204      1 1.0E+00   4206 (6.7E-13) 1.8E-04  4.4656470E-01     817          145 5.3E+04 5.1E+02 _s
   6601  4205      1 1.0E+00   4207 (4.0E-11) 3.8E-04  4.4656470E-01     817          145 6.8E+04 5.1E+02 _
   6602  4206      1 1.0E+00   4208 (4.6E-11) 6.8E-04  4.4656470E-01     817          145 7.8E+04 5.1E+02 _
   6603  4207      1 1.0E+00   4209 (3.2E-11) 5.3E-04  4.4656470E-01     817          145 8.0E+04 5.1E+02 _
   6604  4208      1 1.0E+00   4210 (2.2E-11) 5.0E-04  4.4656470E-01     817          145 8.3E+04 5.1E+02 _
   6605  4209      1 1.0E+00   4211 (2.9E-11) 6.5E-04  4.4656470E-01     817          145 8.5E+04 5.1E+02 _
   6606  4210      1 1.0E+00   4212 (2.2E-11) 4.9E-04  4.4656470E-01     817          145 8.5E+04 5.1E+02 _
   6607  4211      1 1.0E+00   4213 (1.3E-11) 6.9E-04  4.4656470E-01     817          145 8.4E+04 5.1E+02 _
   6608  4212      1 1.0E+00   4214 (8.9E-12) 5.9E-04  4.4656470E-01     817          145 9.0E+04 5.1E+02 _
   6609  4213      1 1.0E+00   4215 (5.7E-11) 1.5E-03  4.4656470E-01     817          145 9.9E+04 5.1E+02 _
   6610  4214      1 1.0E+00   4216 (2.8E-10) 1.2E-03  4.4656470E-01     817          145 4.7E+04 5.1E+02 _  R
   6611  4215      1 1.0E+00   4217 (8.6E-12) 9.2E-04  4.4656470E-01     817          145 5.0E+04 5.1E+02 _s
   6612  4216      1 1.0E+00   4218 (2.9E-12) 7.0E-04  4.4656470E-01     817          145 5.2E+04 5.1E+02 _
   6613  4217      1 1.0E+00   4219 (8.7E-12) 7.3E-04  4.4656470E-01     817          145 6.7E+04 5.1E+02 _
   6614  4218      1 1.0E+00   4220 (2.6E-11) 5.6E-04  4.4656470E-01     817          145 1.1E+05 5.1E+02 _
   6615  4219      1 1.0E+00   4221 (1.3E-10) 7.4E-04  4.4656470E-01     817          145 1.4E+05 5.1E+02 _

   Itns Major Minors    Step   nCon Feasible  Optimal  MeritFunction     L+U BSwap     nS condZHZ Penalty
   6616  4220      1 1.0E+00   4222 (7.5E-11) 9.3E-04  4.4656470E-01     817          145 2.0E+05 5.1E+02 _
   6617  4221      1 1.0E+00   4223 (3.0E-10) 9.2E-04  4.4656470E-01     817          145 2.5E+05 5.1E+02 _
   6618  4222      1 1.0E+00   4224 (4.8E-10) 1.1E-03  4.4656470E-01     817          145 2.5E+05 5.1E+02 _
   6619  4223      1 1.0E+00   4225 (5.0E-11) 9.7E-04  4.4656470E-01     817          145 2.3E+05 5.1E+02 _
   6620  4224      1 1.0E+00   4226 (1.8E-11) 4.4E-04  4.4656470E-01     817          145 2.6E+05 5.1E+02 _
   6621  4225      1 1.0E+00   4227 (8.4E-11) 6.2E-04  4.4656470E-01     817          145 9.4E+04 5.1E+02 _  R
   6622  4226      1 1.0E+00   4228 (1.2E-11) 3.7E-04  4.4656470E-01     817          145 1.4E+05 5.1E+02 _s
   6623  4227      1 1.0E+00   4229 (1.8E-10) 8.8E-04  4.4656469E-01     817          145 1.9E+05 5.1E+02 _
   6624  4228      1 1.0E+00   4230 (2.4E-09) 2.2E-03  4.4656469E-01     817          145 2.1E+05 5.1E+02 _
   6625  4229      1 1.0E+00   4231 (1.1E-09) 1.9E-03  4.4656469E-01     817          145 2.2E+05 5.1E+02 _
   6626  4230      1 1.0E+00   4232 (9.4E-10) 1.4E-03  4.4656469E-01     817          145 2.2E+05 5.1E+02 _
   6627  4231      1 1.0E+00   4233 (2.5E-10) 1.1E-03  4.4656469E-01     817          145 2.3E+05 5.1E+02 _
   6628  4232      1 1.0E+00   4234 (1.0E-10) 1.0E-03  4.4656469E-01     817          145 2.3E+05 5.1E+02 _
   6629  4233      1 1.0E+00   4235 (7.0E-12) 4.1E-04  4.4656469E-01     817          145 2.3E+05 5.1E+02 _
   6630  4234      1 1.0E+00   4236 (1.9E-11) 6.9E-04  4.4656469E-01     817          145 2.3E+05 5.1E+02 _
   6631  4235      1 1.0E+00   4237 (5.4E-11) 5.5E-04  4.4656469E-01     817          145 2.3E+05 5.1E+02 _
   6632  4236      1 1.0E+00   4238 (8.8E-10) 7.8E-04  4.4656469E-01     817          145 1.9E+05 5.1E+02 _  R
   6633  4237      1 1.0E+00   4239 (3.1E-12) 6.3E-04  4.4656469E-01     817          145 1.9E+05 5.1E+02 _s
   6634  4238      1 1.0E+00   4240 (5.3E-13) 3.0E-04  4.4656469E-01     817          145 2.0E+05 5.1E+02 _
   6635  4239      1 1.0E+00   4241 (2.0E-12) 1.6E-04  4.4656469E-01     817          145 2.0E+05 5.1E+02 _

   Itns Major Minors    Step   nCon Feasible  Optimal  MeritFunction     L+U BSwap     nS condZHZ Penalty
   6636  4240      1 1.0E+00   4242 (3.2E-11) 3.0E-04  4.4656469E-01     817          145 2.1E+05 5.1E+02 _
   6637  4241      1 1.0E+00   4243 (3.2E-11) 4.2E-04  4.4656469E-01     817          145 2.1E+05 5.1E+02 _
   6638  4242      1 1.0E+00   4244 (5.6E-11) 5.6E-04  4.4656469E-01     817          145 2.0E+05 5.1E+02 _
   6639  4243      1 1.0E+00   4245 (7.7E-11) 5.8E-04  4.4656469E-01     817          145 2.0E+05 5.1E+02 _
   6640  4244      1 1.0E+00   4246 (1.2E-10) 4.7E-04  4.4656469E-01     817          145 2.0E+05 5.1E+02 _
   6641  4245      1 1.0E+00   4247 (1.2E-10) 6.0E-04  4.4656469E-01     817          145 2.1E+05 5.1E+02 _
   6642  4246      1 1.0E+00   4248 (3.9E-10) 6.8E-04  4.4656469E-01     817          145 2.1E+05 5.1E+02 _
   6643  4247      1 1.0E+00   4249 (7.8E-10) 1.1E-03  4.4656469E-01     817          145 2.0E+05 5.1E+02 _  R
   6644  4248      1 1.0E+00   4250 (1.1E-11) 7.6E-04  4.4656469E-01     817          145 2.2E+05 5.1E+02 _s
   6645  4249      1 3.0E-01   4251 (1.6E-10) 2.2E-03  4.4656469E-01     817          145 2.4E+05 5.1E+02 _
   6646  4250      1 1.0E+00   4252 (1.5E-09) 2.5E-03  4.4656469E-01     817          145 2.9E+05 5.1E+02 _
   6647  4251      1 3.4E-01   4253 (9.8E-10) 1.9E-03  4.4656469E-01     817          145 2.6E+05 5.1E+02 _
   6648  4252      1 3.7E-01   4254 (6.4E-10) 1.3E-03  4.4656468E-01     817          145 3.0E+05 5.1E+02 _
   6649  4253      1 3.1E-01   4255 (4.6E-10) 6.8E-04  4.4656468E-01     817          145 3.5E+05 5.1E+02 _
   6650  4254      1 3.9E-01   4256 (2.8E-10) 9.9E-04  4.4656468E-01     817          145 3.6E+05 5.1E+02 _
   6651  4255      1 1.0E+00   4257 (2.8E-10) 1.1E-03  4.4656468E-01     817          145 3.6E+05 5.1E+02 _
   6652  4256      1 7.1E-02   4258 (4.9E-10) 1.1E-03  4.4656468E-01     817          145 3.7E+05 5.1E+02 _
   6653  4257      1 2.0E-01   4259 (1.6E-09) 1.1E-03  4.4656468E-01     817          145 3.8E+05 5.1E+02 _
   6654  4258      1 2.1E-01   4260 (2.1E-09) 1.3E-03  4.4656468E-01     817          145 4.0E+05 5.1E+02 _  R
   6655  4259      1 1.0E+00   4261 (3.9E-11) 1.6E-03  4.4656468E-01     817          145 4.0E+05 5.1E+02 _s

   Itns Major Minors    Step   nCon Feasible  Optimal  MeritFunction     L+U BSwap     nS condZHZ Penalty
   6656  4260      1 1.0E+00   4262 (2.0E-10) 1.8E-03  4.4656467E-01     817          145 4.0E+05 5.1E+02 _
   6657  4261      1 1.0E+00   4263 (4.2E-09) 3.5E-03  4.4656467E-01     817          145 3.9E+05 5.1E+02 _
   6658  4262      1 1.0E+00   4264 (5.0E-09) 5.2E-03  4.4656467E-01     817          145 4.0E+05 5.1E+02 _
   6659  4263      1 1.0E+00   4265 (3.8E-09) 5.8E-03  4.4656466E-01     817          145 4.1E+05 5.1E+02 _
   6660  4264      1 1.0E+00   4266 (1.2E-09) 4.9E-03  4.4656465E-01     817          145 4.1E+05 5.1E+02 _
   6661  4265      1 1.0E+00   4267 (3.7E-09) 7.9E-03  4.4656465E-01     817          145 4.1E+05 5.1E+02 _
   6662  4266      1 1.0E+00   4268 (7.5E-09) 5.4E-03  4.4656464E-01     817          145 4.1E+05 5.1E+02 _
   6663  4267      1 1.0E+00   4269 (1.8E-08) 9.9E-03  4.4656464E-01     817          145 4.3E+05 5.1E+02 _
   6664  4268      1 1.0E+00   4270 (1.6E-08) 6.8E-03  4.4656462E-01     817          145 4.7E+05 5.1E+02 _
   6665  4269      1 1.0E+00   4271 (6.1E-08) 1.6E-02  4.4656462E-01     817          145 3.6E+05 5.1E+02 _  R
   6666  4270      1 3.8E-01   4272 (3.8E-08) 3.6E-03  4.4656459E-01     817          145 3.6E+05 5.1E+02 _s
   6667  4271      1 1.0E+00   4273 (2.5E-10) 1.2E-03  4.4656458E-01     817          145 4.1E+05 5.1E+02 _
   6668  4272      1 1.0E+00   4274 (7.2E-10) 3.2E-03  4.4656458E-01     817          145 5.2E+05 5.1E+02 _
   6669  4273      1 1.0E+00   4275 (3.9E-09) 5.1E-03  4.4656457E-01     817          145 6.0E+05 5.1E+02 _
   6670  4274      1 1.0E+00   4276 (1.4E-08) 4.6E-03  4.4656456E-01     817          145 6.4E+05 5.1E+02 _
   6671  4275      1 1.0E+00   4277 (2.5E-08) 2.5E-03  4.4656455E-01     817          145 6.8E+05 5.1E+02 _
   6672  4276      1 1.0E+00   4278 (2.6E-08) 2.3E-03  4.4656454E-01     817          145 7.5E+05 5.1E+02 _
   6673  4277      1 1.0E+00   4279 (1.7E-08) 4.4E-03  4.4656453E-01     817          145 8.4E+05 5.1E+02 _
   6674  4278      1 1.0E+00   4280 (9.6E-09) 3.9E-03  4.4656452E-01     817          145 9.4E+05 5.1E+02 _
   6675  4279      1 1.0E+00   4281 (1.7E-08) 2.2E-03  4.4656451E-01     817          145 1.1E+06 5.1E+02 _

   Itns Major Minors    Step   nCon Feasible  Optimal  MeritFunction     L+U BSwap     nS condZHZ Penalty
   6676  4280      1 1.0E+00   4282 (9.4E-08) 4.4E-03  4.4656449E-01     817          145 6.4E+05 5.1E+02 _  R
   6677  4281      1 1.0E+00   4283 (1.4E-09) 3.8E-03  4.4656448E-01     817          145 6.9E+05 5.1E+02 _s
   6678  4282      1 1.0E+00   4284 (1.7E-08) 7.9E-03  4.4656448E-01     817          145 7.4E+05 5.1E+02 _
   6679  4283      1 1.0E+00   4285 (2.7E-09) 1.8E-03  4.4656446E-01     817          145 7.4E+05 5.1E+02 _
   6680  4284      1 1.0E+00   4286 (1.6E-09) 2.6E-03  4.4656446E-01     817          145 8.7E+05 5.1E+02 _
   6681  4285      1 1.0E+00   4287 (4.4E-09) 2.4E-03  4.4656445E-01     817          145 1.0E+06 5.1E+02 _
   6682  4286      1 1.0E+00   4288 (6.5E-08) 3.7E-03  4.4656443E-01     817          145 1.1E+06 5.1E+02 _
   6683  4287      1 1.0E+00   4289 (5.0E-08) 5.9E-03  4.4656442E-01     817          145 1.2E+06 5.1E+02 _
   6684  4288      1 1.0E+00   4290 (6.6E-08) 4.3E-03  4.4656441E-01     817          145 1.4E+06 5.1E+02 _
   6685  4289      1 1.0E+00   4291 (7.8E-08) 2.3E-03  4.4656440E-01     817          145 1.5E+06 5.1E+02 _
   6686  4290      1 1.0E+00   4292 (9.2E-08) 3.3E-03  4.4656438E-01     817          145 1.5E+06 5.1E+02 _
   6687  4291      1 1.0E+00   4293 (1.3E-07) 5.6E-03  4.4656436E-01     817          145 9.7E+05 5.1E+02 _  R
   6688  4292      1 1.0E+00   4294 (6.7E-10) 3.1E-03  4.4656435E-01     817          145 9.9E+05 5.1E+02 _s
   6689  4293      1 1.0E+00   4295 (7.5E-09) 5.1E-03  4.4656434E-01     817          145 1.0E+06 5.1E+02 _
   6690  4294      1 1.0E+00   4296 (4.1E-09) 5.3E-03  4.4656433E-01     817          145 1.1E+06 5.1E+02 _
   6691  4295      1 1.0E+00   4297 (7.0E-09) 9.0E-03  4.4656432E-01     817          145 1.1E+06 5.1E+02 _
   6692  4296      1 1.0E+00   4298 (1.0E-08) 7.1E-03  4.4656431E-01     817          145 1.2E+06 5.1E+02 _
   6693  4297      1 1.0E+00   4299 (8.6E-08) 5.2E-03  4.4656429E-01     817          145 1.2E+06 5.1E+02 _
   6694  4298      1 1.0E+00   4300 (3.8E-08) 7.0E-03  4.4656428E-01     817          145 1.3E+06 5.1E+02 _
   6695  4299      1 1.0E+00   4301 (2.9E-08) 4.0E-03  4.4656427E-01     817          145 1.4E+06 5.1E+02 _

   Itns Major Minors    Step   nCon Feasible  Optimal  MeritFunction     L+U BSwap     nS condZHZ Penalty
   6696  4300      1 1.0E+00   4302 (3.0E-08) 7.8E-03  4.4656426E-01     817          145 1.4E+06 5.1E+02 _
   6697  4301      1 1.0E+00   4303 (7.0E-07) 1.3E-02  4.4656422E-01     817          145 1.4E+06 5.1E+02 _
   6698  4302      1 5.5E-02   4304 (6.8E-07) 1.2E-02  4.4656421E-01     817          145 1.0E+06 5.1E+02 _  R
   6699  4303      1 1.0E+00   4305 (1.1E-09) 7.6E-03  4.4656421E-01     817          145 9.7E+05 5.1E+02 _s
   6700  4304      1 1.0E+00   4306 (7.6E-11) 2.8E-03  4.4656419E-01     817          145 9.7E+05 5.1E+02 _
   6701  4305      1 1.0E+00   4307 (4.6E-10) 1.0E-03  4.4656419E-01     817          145 1.0E+06 5.1E+02 _
   6702  4306      1 1.0E+00   4308 (7.3E-09) 3.0E-03  4.4656418E-01     817          145 1.0E+06 5.1E+02 _
   6703  4307      1 1.0E+00   4309 (2.0E-08) 3.8E-03  4.4656417E-01     817          145 1.1E+06 5.1E+02 _
   6704  4308      1 1.0E+00   4310 (2.4E-08) 4.9E-03  4.4656416E-01     817          145 1.1E+06 5.1E+02 _
   6705  4309      1 1.0E+00   4311 (1.7E-07) 4.3E-03  4.4656415E-01     817          145 1.1E+06 5.1E+02 _
   6706  4310      1 1.0E+00   4312 (1.8E-07) 3.4E-03  4.4656413E-01     817          145 1.1E+06 5.1E+02 _
   6707  4311      1 1.0E+00   4313 (3.1E-07) 4.9E-03  4.4656411E-01     817          145 1.1E+06 5.1E+02 _
   6708  4312      1 1.0E+00   4314 (6.1E-07) 4.2E-03  4.4656409E-01     817          145 1.1E+06 5.1E+02 _
   6709  4313      1 1.0E+00   4315  1.9E-06  4.3E-03  4.4656406E-01     817          145 9.4E+05 5.1E+02 _  R
   6710  4314      1 1.0E+00   4316 (2.3E-09) 3.6E-03  4.4656402E-01     817          145 9.7E+05 5.1E+02 _s
   6711  4315      1 3.3E-01   4317 (6.3E-08) 1.5E-02  4.4656396E-01     817          145 9.9E+05 5.1E+02 _
   6712  4316      1 1.2E-01   4318 (7.0E-08) 7.2E-03  4.4656392E-01     817          145 9.9E+05 5.1E+02 _
   6713  4317      1 1.0E+00   4319 (9.0E-08) 1.2E-02  4.4656391E-01     817          145 1.1E+06 5.1E+02 _
   6714  4318      1 1.0E+00   4320 (3.5E-08) 1.6E-02  4.4656390E-01     817          145 1.0E+06 5.1E+02 _
   6715  4319      1 4.6E-01   4321 (2.2E-08) 8.2E-03  4.4656387E-01     817          145 1.2E+06 5.1E+02 _

   Itns Major Minors    Step   nCon Feasible  Optimal  MeritFunction     L+U BSwap     nS condZHZ Penalty
   6716  4320      1 4.6E-01   4322 (1.7E-08) 7.0E-03  4.4656385E-01     817          145 1.2E+06 5.1E+02 _
   6717  4321      1 1.0E+00   4323 (1.5E-08) 1.3E-02  4.4656384E-01     817          145 1.3E+06 5.1E+02 _
   6718  4322      1 1.0E+00   4324 (4.1E-08) 1.2E-02  4.4656380E-01     817          145 1.3E+06 5.1E+02 _
   6719  4323      1 1.0E+00   4325 (3.0E-07) 3.1E-02  4.4656376E-01     817          145 1.8E+06 5.1E+02 _
   6720  4324      1 4.6E-01   4326 (2.0E-07) 2.5E-02  4.4656371E-01     817          145 1.3E+06 5.1E+02 _  R
   6721  4325      1 1.0E+00   4327 (6.0E-09) 2.4E-02  4.4656368E-01     817          145 1.4E+06 5.1E+02 _s
   6722  4326      1 1.0E+00   4328 (1.5E-09) 1.2E-02  4.4656365E-01     817          145 1.2E+06 5.1E+02 _
   6723  4327      1 1.0E+00   4329 (6.7E-09) 1.3E-02  4.4656363E-01     817          145 1.5E+06 5.1E+02 _
   6724  4328      1 1.0E+00   4330 (1.2E-08) 1.1E-02  4.4656360E-01     817          145 1.3E+06 5.1E+02 _
   6725  4329      1 1.0E+00   4331 (2.9E-07) 1.7E-02  4.4656351E-01     817          145 1.5E+06 5.1E+02 _
   6726  4330      1 1.0E+00   4332 (7.3E-07) 2.2E-02  4.4656344E-01     817          145 1.5E+06 5.1E+02 _
   6727  4331      1 1.0E+00   4333  1.1E-06  1.4E-02  4.4656336E-01     817          145 1.5E+06 5.1E+02 _
   6728  4332      1 1.0E+00   4334 (5.8E-07) 8.5E-03  4.4656325E-01     817          145 1.6E+06 5.1E+02 _
   6729  4333      1 1.0E+00   4335  5.8E-06  2.3E-02  4.4656316E-01     817          145 1.6E+06 5.1E+02 _
   6730  4334      1 1.0E+00   4336  6.5E-06  5.9E-02  4.4656304E-01     817          145 1.6E+06 5.1E+02 _
   6731  4335      1 8.4E-02   4337  6.3E-06  4.2E-02  4.4656291E-01     817          145 1.3E+06 5.1E+02 _  R
   6732  4336      1 1.0E+00   4338 (3.7E-09) 2.1E-02  4.4656267E-01     817          145 1.3E+06 5.1E+02 _s
   6733  4337      1 1.0E+00   4339 (6.5E-10) 1.4E-02  4.4656251E-01     817          145 1.4E+06 5.1E+02 _
   6734  4338      1 1.0E+00   4340 (7.4E-10) 6.1E-03  4.4656246E-01     817          145 1.6E+06 5.1E+02 _
   6735  4339      1 1.0E+00   4341 (3.3E-09) 5.3E-03  4.4656240E-01     817          145 2.0E+06 5.1E+02 _

   Itns Major Minors    Step   nCon Feasible  Optimal  MeritFunction     L+U BSwap     nS condZHZ Penalty
   6736  4340      1 1.0E+00   4342 (5.3E-08) 2.4E-02  4.4656228E-01     817          145 2.2E+06 5.1E+02 _
   6737  4341      1 1.0E+00   4343 (3.6E-08) 2.0E-02  4.4656219E-01     817          145 2.4E+06 5.1E+02 _
   6738  4342      1 1.0E+00   4344 (1.2E-07) 3.9E-02  4.4656211E-01     817          145 2.6E+06 5.1E+02 _
   6739  4343      1 1.0E+00   4345 (1.9E-08) 1.0E-02  4.4656201E-01     817          145 2.7E+06 5.1E+02 _
   6740  4344      1 1.0E+00   4346 (1.5E-07) 8.2E-03  4.4656194E-01     817          145 2.9E+06 5.1E+02 _
   6741  4345      1 1.0E+00   4347 (3.1E-07) 8.1E-03  4.4656188E-01     817          145 3.0E+06 5.1E+02 _
   6742  4346      1 1.0E+00   4348 (4.9E-07) 5.8E-03  4.4656182E-01     817          145 1.2E+06 5.1E+02 _  R
   6743  4347      1 1.0E+00   4349 (2.6E-09) 3.8E-03  4.4656179E-01     817          145 1.2E+06 5.1E+02 _s
   6744  4348      1 3.1E-01   4350 (1.6E-07) 1.5E-02  4.4656167E-01     817          145 1.2E+06 5.1E+02 _
   6745  4349      1 4.5E-01   4351 (6.6E-07) 1.5E-02  4.4656150E-01     817          145 1.2E+06 5.1E+02 _
   6746  4350      1 3.2E-01   4352 (9.6E-07) 1.5E-02  4.4656138E-01     817          145 1.2E+06 5.1E+02 _
   6747  4351      1 3.4E-01   4353 (8.9E-07) 9.3E-03  4.4656132E-01     817          145 1.3E+06 5.1E+02 _
   6748  4352      1 4.3E-01   4354 (9.2E-07) 1.1E-02  4.4656126E-01     817          145 1.5E+06 5.1E+02 _
   6749  4353      1 3.9E-01   4355  1.3E-06  9.3E-03  4.4656116E-01     817          145 1.7E+06 5.1E+02 _
   6750  4354      1 2.3E-01   4356  1.6E-06  7.6E-03  4.4656108E-01     817          145 2.0E+06 5.1E+02 _
   6751  4355      1 1.8E-01   4357  1.8E-06  5.5E-03  4.4656099E-01     817          145 2.3E+06 5.1E+02 _
   6753  4356      2 9.0E-03   4358  1.8E-06  5.6E-03  4.4656097E-01     817          146 2.5E+06 5.1E+02 _
   6755  4357      2 1.7E-03   4359  1.8E-06  5.4E-03  4.4656097E-01     817          145 6.3E+05 5.1E+02 _  R
   6756  4358      1 1.0E+00   4360 (4.3E-08) 7.4E-03  4.4656087E-01     817          145 7.8E+05 5.1E+02 _s
   6757  4359      1 4.3E-01   4361 (8.2E-08) 8.4E-03  4.4656081E-01     817          145 8.8E+05 5.1E+02 _

   Itns Major Minors    Step   nCon Feasible  Optimal  MeritFunction     L+U BSwap     nS condZHZ Penalty
   6758  4360      1 5.0E-01   4362 (1.8E-07) 1.4E-02  4.4656074E-01     817          145 9.7E+05 5.1E+02 _
   6759  4361      1 3.9E-01   4363 (2.6E-07) 1.3E-02  4.4656067E-01     817          145 1.0E+06 5.1E+02 _
   6760  4362      1 4.1E-01   4364 (3.0E-07) 5.6E-03  4.4656062E-01     817          145 1.1E+06 5.1E+02 _
   6761  4363      1 4.2E-01   4365 (3.1E-07) 1.2E-02  4.4656058E-01     817          145 1.3E+06 5.1E+02 _
   6762  4364      1 1.0E+00   4366  1.2E-06  1.6E-02  4.4656053E-01     817          145 1.4E+06 5.1E+02 _
   6763  4365      1 1.0E+00   4367  1.3E-06  2.6E-02  4.4656051E-01     817          145 1.5E+06 5.1E+02 _
   6764  4366      1 1.0E+00   4368  1.2E-06  1.7E-02  4.4656041E-01     817          145 1.6E+06 5.1E+02 _
   6765  4367      1 1.0E+00   4369 (8.1E-07) 2.8E-02  4.4656034E-01     817          145 1.7E+06 5.1E+02 _
   6766  4368      1 4.8E-01   4370  1.3E-06  1.2E-02  4.4656014E-01     817          145 6.2E+05 5.1E+02 _  R
   6767  4369      1 3.8E-01   4371 (8.2E-07) 4.9E-03  4.4656004E-01     817          145 6.3E+05 5.1E+02 _s
   6768  4370      1 1.0E+00   4372 (7.1E-09) 3.0E-03  4.4656001E-01     817          145 6.8E+05 5.1E+02 _
   6769  4371      1 1.0E+00   4373 (6.6E-08) 5.9E-03  4.4655996E-01     817          145 7.3E+05 5.1E+02 _
   6770  4372      1 1.0E+00   4374 (1.1E-07) 1.1E-02  4.4655993E-01     817          145 7.9E+05 5.1E+02 _
   6771  4373      1 1.0E+00   4375 (5.2E-08) 9.7E-03  4.4655988E-01     817          145 8.1E+05 5.1E+02 _
   6772  4374      1 1.0E+00   4376 (3.1E-07) 7.3E-03  4.4655982E-01     817          145 8.6E+05 5.1E+02 _
   6773  4375      1 1.0E+00   4377 (5.7E-07) 1.2E-02  4.4655976E-01     817          145 9.6E+05 5.1E+02 _
   6774  4376      1 1.0E+00   4378 (7.5E-07) 1.9E-02  4.4655971E-01     817          145 1.1E+06 5.1E+02 _
   6775  4377      1 1.0E+00   4379  2.9E-06  1.6E-02  4.4655966E-01     817          145 1.1E+06 5.1E+02 _
   6776  4378      1 1.0E+00   4380 (3.6E-07) 1.1E-02  4.4655954E-01     817          145 1.3E+06 5.1E+02 _
   6777  4379      1 1.0E+00   4381  6.7E-06  7.3E-03  4.4655953E-01     817          145 6.9E+05 5.1E+02 _  R

   Itns Major Minors    Step   nCon Feasible  Optimal  MeritFunction     L+U BSwap     nS condZHZ Penalty
   6778  4380      1 1.0E+00   4382 (2.0E-09) 6.0E-03  4.4655924E-01     817          145 8.0E+05 5.1E+02 _s
   6779  4381      1 1.0E+00   4383 (1.5E-07) 1.6E-02  4.4655913E-01     817          145 8.9E+05 5.1E+02 _
   6780  4382      1 1.0E+00   4384 (1.4E-07) 2.8E-02  4.4655907E-01     817          145 9.6E+05 5.1E+02 _
   6781  4383      1 1.0E+00   4385 (4.4E-08) 2.0E-02  4.4655901E-01     817          145 1.0E+06 5.1E+02 _
   6782  4384      1 1.0E+00   4386 (2.9E-08) 1.5E-02  4.4655893E-01     817          145 1.1E+06 5.1E+02 _
   6783  4385      1 1.0E+00   4387 (1.2E-07) 1.9E-02  4.4655889E-01     817          145 1.6E+06 5.1E+02 _
   6784  4386      1 1.0E+00   4388 (3.1E-07) 1.6E-02  4.4655883E-01     817          145 2.0E+06 5.1E+02 _
   6785  4387      1 1.0E+00   4389 (6.6E-07) 1.7E-02  4.4655874E-01     817          145 2.5E+06 5.1E+02 _
   6786  4388      1 1.0E+00   4390  2.1E-06  1.2E-02  4.4655858E-01     817          145 2.9E+06 5.1E+02 _
   6787  4389      1 2.1E-01   4391  2.3E-06  1.3E-02  4.4655849E-01     817          145 3.1E+06 5.1E+02 _
   6789  4390      2 1.1E-02   4392  2.2E-06  1.3E-02  4.4655847E-01     817          145 1.1E+06 5.1E+02 _  R
   6790  4391      1 1.0E+00   4393 (2.3E-08) 1.4E-02  4.4655839E-01     817          145 1.2E+06 5.1E+02 _s
   6791  4392      1 1.0E+00   4394 (7.9E-09) 6.2E-03  4.4655832E-01     817          145 1.3E+06 5.1E+02 _
   6792  4393      1 1.0E+00   4395 (5.5E-08) 4.3E-03  4.4655826E-01     817          145 1.4E+06 5.1E+02 _
   6793  4394      1 1.0E+00   4396 (4.6E-07) 1.0E-02  4.4655815E-01     817          145 1.4E+06 5.1E+02 _
   6794  4395      1 1.0E+00   4397 (7.2E-07) 1.1E-02  4.4655807E-01     817          145 1.6E+06 5.1E+02 _
   6795  4396      1 1.0E+00   4398 (4.6E-07) 7.1E-03  4.4655800E-01     817          145 2.0E+06 5.1E+02 _
   6796  4397      1 1.0E+00   4399 (7.7E-07) 9.8E-03  4.4655791E-01     817          145 2.7E+06 5.1E+02 _
   6797  4398      1 1.0E+00   4400  2.4E-06  1.7E-02  4.4655778E-01     817          145 3.3E+06 5.1E+02 _
   6799  4399      2 1.0E+00   4401  5.3E-06  3.6E-02  4.4655761E-01     841          144 9.6E+05 5.1E+02 _

   Itns Major Minors    Step   nCon Feasible  Optimal  MeritFunction     L+U BSwap     nS condZHZ Penalty
   6800  4400      1 1.4E-01   4402  5.1E-06  3.7E-02  4.4655748E-01     841          144 9.3E+05 5.1E+02 _
   6804  4401      4 2.9E-01   4403  5.3E-06  2.8E-02  4.4655718E-01     841          145 3.3E+06 5.1E+02 _  R
   6805  4402      1 1.0E+00   4404 (1.2E-08) 7.7E-03  4.4655687E-01     841          145 3.6E+06 5.1E+02 _s
   6806  4403      1 1.0E+00   4405 (1.0E-08) 7.3E-03  4.4655681E-01     841          145 5.3E+06 5.1E+02 _
   6807  4404      1 1.0E+00   4406 (2.0E-08) 6.6E-03  4.4655674E-01     841          145 1.2E+07 5.1E+02 _
   6808  4405      1 1.0E+00   4407 (1.8E-07) 1.0E-02  4.4655667E-01     841          145 1.4E+07 5.1E+02 _
   6809  4406      1 1.0E+00   4408 (2.1E-08) 6.6E-03  4.4655661E-01     841          145 1.8E+07 5.1E+02 _
   6810  4407      1 1.0E+00   4409 (1.2E-07) 6.3E-03  4.4655654E-01     817     1    145 1.7E+06 5.1E+02 _
   6812  4408      2 1.0E+00   4410 (7.5E-07) 9.8E-03  4.4655645E-01     841          144 1.1E+06 5.1E+02 _
   6813  4409      1 1.0E+00   4411 (8.1E-07) 6.9E-03  4.4655634E-01     841          144 9.7E+05 5.1E+02 _
   6814  4410      1 1.0E+00   4412 (3.2E-08) 3.4E-03  4.4655628E-01     841          144 1.8E+06 5.1E+02 _
   6815  4411      1 1.0E+00   4413 (1.9E-07) 6.2E-03  4.4655623E-01     841          144 1.8E+06 5.1E+02 _
   6816  4412      1 1.0E+00   4414 (1.7E-08) 6.4E-03  4.4655622E-01     841          144 1.2E+06 5.1E+02 _  R
   6817  4413      1 1.0E+00   4415 (6.2E-09) 2.3E-03  4.4655621E-01     841          144 1.3E+06 5.1E+02 _s
   6818  4414      1 1.0E+00   4416 (8.4E-09) 3.1E-03  4.4655620E-01     841          144 1.3E+06 5.1E+02 _
   6819  4415      1 1.0E+00   4417 (6.0E-09) 9.4E-04  4.4655619E-01     841          144 1.1E+06 5.1E+02 _
   6820  4416      1 1.0E+00   4418 (1.5E-09) 7.8E-04  4.4655619E-01     819     2    144 1.7E+06 5.1E+02 _
   6821  4417      1 1.0E+00   4419 (9.2E-09) 1.6E-03  4.4655619E-01     819          144 2.0E+06 5.1E+02 _
   6822  4418      1 1.0E+00   4420 (6.7E-09) 1.1E-03  4.4655618E-01     819          144 2.1E+06 5.1E+02 _
   6823  4419      1 1.0E+00   4421 (5.3E-09) 1.5E-03  4.4655618E-01     819          144 2.0E+06 5.1E+02 _

   Itns Major Minors    Step   nCon Feasible  Optimal  MeritFunction     L+U BSwap     nS condZHZ Penalty
   6824  4420      1 1.0E+00   4422 (8.3E-09) 1.5E-03  4.4655617E-01     819          144 2.1E+06 5.1E+02 _
   6825  4421      1 1.0E+00   4423 (2.7E-08) 1.4E-03  4.4655616E-01     819          144 2.7E+06 5.1E+02 _
   6826  4422      1 1.0E+00   4424 (2.9E-08) 1.8E-03  4.4655616E-01     819          144 3.3E+06 5.1E+02 _
   6827  4423      1 1.0E+00   4425 (2.3E-08) 1.8E-03  4.4655615E-01     819          144 1.5E+06 5.1E+02 _  R
   6828  4424      1 1.0E+00   4426 (1.8E-09) 1.7E-03  4.4655614E-01     819          144 1.7E+06 5.1E+02 _s
   6829  4425      1 1.0E+00   4427 (1.6E-08) 3.4E-03  4.4655614E-01     819          144 1.3E+06 5.1E+02 _
   6830  4426      1 1.0E+00   4428 (5.7E-09) 2.1E-03  4.4655614E-01     819          144 1.7E+06 5.1E+02 _
   6831  4427      1 4.1E-01   4429 (5.1E-09) 2.6E-03  4.4655614E-01     819          144 1.4E+06 5.1E+02 _
   6832  4428      1 4.6E-01   4430 (2.8E-09) 1.1E-03  4.4655613E-01     819          144 1.4E+06 5.1E+02 _
   6833  4429      1 1.0E+00   4431 (2.7E-09) 2.9E-03  4.4655613E-01     819          144 1.6E+06 5.1E+02 _
   6834  4430      1 1.0E+00   4432 (1.5E-09) 1.1E-03  4.4655613E-01     819          144 1.7E+06 5.1E+02 _
   6835  4431      1 1.0E+00   4433 (4.5E-09) 2.8E-03  4.4655613E-01     819          144 2.0E+06 5.1E+02 _
   6836  4432      1 1.0E+00   4434 (3.8E-08) 3.5E-03  4.4655612E-01     819          144 1.8E+06 5.1E+02 _
   6837  4433      1 1.0E+00   4435 (6.9E-09) 4.0E-03  4.4655612E-01     819          144 1.9E+06 5.1E+02 _
   6838  4434      1 1.0E+00   4436 (2.1E-09) 4.2E-03  4.4655612E-01     819          144 2.1E+06 5.1E+02 _  R
   6839  4435      1 1.0E+00   4437 (2.0E-09) 5.7E-03  4.4655612E-01     819          144 2.1E+06 5.1E+02 _s
   6840  4436      1 1.0E+00   4438 (3.3E-11) 1.1E-03  4.4655611E-01     819          144 2.1E+06 5.1E+02 _
   6841  4437      1 1.0E+00   4439 (1.7E-10) 5.4E-04  4.4655611E-01     819          144 2.1E+06 5.1E+02 _
   6842  4438      1 1.0E+00   4440 (4.2E-09) 3.3E-03  4.4655611E-01     819          144 2.2E+06 5.1E+02 _
   6843  4439      1 1.0E+00   4441 (3.5E-09) 2.8E-03  4.4655610E-01     819          144 2.4E+06 5.1E+02 _

   Itns Major Minors    Step   nCon Feasible  Optimal  MeritFunction     L+U BSwap     nS condZHZ Penalty
   6844  4440      1 1.0E+00   4442 (2.0E-09) 1.3E-03  4.4655610E-01     819          144 2.8E+06 5.1E+02 _
   6845  4441      1 1.0E+00   4443 (1.5E-09) 8.2E-04  4.4655610E-01     819          144 3.8E+06 5.1E+02 _
   6846  4442      1 1.0E+00   4444 (2.9E-09) 2.5E-03  4.4655610E-01     819          144 4.8E+06 5.1E+02 _
   6847  4443      1 1.0E+00   4445 (4.9E-09) 3.0E-03  4.4655610E-01     819          144 5.2E+06 5.1E+02 _
   6848  4444      1 1.0E+00   4446 (6.0E-09) 2.1E-03  4.4655609E-01     819          144 5.0E+06 5.1E+02 _
   6849  4445      1 1.0E+00   4447 (3.7E-09) 1.1E-03  4.4655609E-01     819          144 2.1E+06 5.1E+02 _  R
   6850  4446      1 1.0E+00   4448 (3.5E-10) 6.8E-04  4.4655609E-01     819          144 2.5E+06 5.1E+02 _s
   6851  4447      1 1.0E+00   4449 (1.3E-08) 1.7E-03  4.4655609E-01     819          144 2.6E+06 5.1E+02 _
   6852  4448      1 1.0E+00   4450 (2.6E-09) 2.5E-03  4.4655609E-01     819          144 2.6E+06 5.1E+02 _
   6853  4449      1 1.0E+00   4451 (1.4E-09) 9.1E-04  4.4655608E-01     819          144 2.6E+06 5.1E+02 _
   6854  4450      1 1.0E+00   4452 (4.0E-10) 9.9E-04  4.4655608E-01     819          144 2.9E+06 5.1E+02 _
   6855  4451      1 1.0E+00   4453 (1.1E-09) 1.6E-03  4.4655608E-01     819          144 2.9E+06 5.1E+02 _
   6856  4452      1 1.0E+00   4454 (2.2E-09) 1.2E-03  4.4655608E-01     819          144 2.8E+06 5.1E+02 _
   6857  4453      1 1.0E+00   4455 (3.2E-09) 2.5E-03  4.4655608E-01     819          144 2.8E+06 5.1E+02 _
   6858  4454      1 1.0E+00   4456 (1.7E-09) 1.1E-03  4.4655608E-01     819          144 3.1E+06 5.1E+02 _
   6859  4455      1 1.0E+00   4457 (5.0E-09) 4.1E-03  4.4655607E-01     819          144 3.3E+06 5.1E+02 _
   6860  4456      1 1.0E+00   4458 (1.6E-08) 2.8E-03  4.4655607E-01     819          144 2.5E+06 5.1E+02 _  R
   6861  4457      1 1.0E+00   4459 (1.9E-09) 2.8E-03  4.4655606E-01     819          144 2.5E+06 5.1E+02 _s
   6862  4458      1 1.0E+00   4460 (1.8E-10) 1.1E-03  4.4655606E-01     819          144 2.4E+06 5.1E+02 _
   6863  4459      1 1.0E+00   4461 (6.6E-10) 6.9E-04  4.4655606E-01     819          144 2.5E+06 5.1E+02 _

   Itns Major Minors    Step   nCon Feasible  Optimal  MeritFunction     L+U BSwap     nS condZHZ Penalty
   6864  4460      1 1.0E+00   4462 (1.4E-09) 8.3E-04  4.4655606E-01     819          144 2.4E+06 5.1E+02 _
   6865  4461      1 1.0E+00   4463 (4.3E-10) 4.9E-04  4.4655606E-01     819          144 2.4E+06 5.1E+02 _
   6866  4462      1 1.0E+00   4464 (1.8E-10) 3.5E-04  4.4655606E-01     819          144 2.5E+06 5.1E+02 _
   6867  4463      1 1.0E+00   4465 (1.7E-10) 4.8E-04  4.4655605E-01     819          144 2.8E+06 5.1E+02 _
   6868  4464      1 1.0E+00   4466 (6.3E-10) 7.4E-04  4.4655605E-01     819          144 3.1E+06 5.1E+02 _
   6869  4465      1 1.0E+00   4467 (6.3E-10) 1.2E-03  4.4655605E-01     819          144 3.6E+06 5.1E+02 _
   6870  4466      1 1.0E+00   4468 (3.0E-09) 1.5E-03  4.4655605E-01     819          144 3.8E+06 5.1E+02 _
   6871  4467      1 1.0E+00   4469 (9.4E-09) 1.6E-03  4.4655605E-01     819          144 2.3E+06 5.1E+02 _  R
   6872  4468      1 1.0E+00   4470 (6.6E-10) 1.5E-03  4.4655604E-01     819          144 2.6E+06 5.1E+02 _s
   6873  4469      1 1.0E+00   4471 (5.4E-09) 1.4E-03  4.4655604E-01     819          144 2.9E+06 5.1E+02 _
   6874  4470      1 1.0E+00   4472 (3.6E-09) 1.9E-03  4.4655604E-01     819          144 3.1E+06 5.1E+02 _
   6875  4471      1 1.0E+00   4473 (6.6E-10) 6.5E-04  4.4655603E-01     819          144 3.2E+06 5.1E+02 _
   6876  4472      1 1.0E+00   4474 (1.9E-09) 1.3E-03  4.4655603E-01     819          144 3.2E+06 5.1E+02 _
   6877  4473      1 1.0E+00   4475 (4.5E-09) 2.1E-03  4.4655603E-01     819          144 3.2E+06 5.1E+02 _
   6878  4474      1 1.0E+00   4476 (6.0E-09) 2.5E-03  4.4655602E-01     819          144 3.2E+06 5.1E+02 _
   6879  4475      1 1.0E+00   4477 (8.5E-09) 2.4E-03  4.4655602E-01     819          144 3.2E+06 5.1E+02 _
   6880  4476      1 1.0E+00   4478 (4.0E-08) 4.0E-03  4.4655601E-01     819          144 3.3E+06 5.1E+02 _
   6881  4477      1 8.2E-03   4479 (3.9E-08) 4.0E-03  4.4655601E-01     819          144 3.4E+06 5.1E+02 _
   6882  4478      1 7.6E-03   4480 (3.9E-08) 4.0E-03  4.4655601E-01     819          144 2.5E+06 5.1E+02 _  R
   6883  4479      1 1.0E+00   4481 (1.3E-09) 3.0E-03  4.4655600E-01     819          144 2.5E+06 5.1E+02 _s

   Itns Major Minors    Step   nCon Feasible  Optimal  MeritFunction     L+U BSwap     nS condZHZ Penalty
   6884  4480      1 1.8E-01   4482 (1.3E-09) 4.3E-03  4.4655600E-01     819          144 2.5E+06 5.1E+02 _
   6885  4481      1 1.0E+00   4483 (1.1E-09) 2.1E-03  4.4655599E-01     819          144 2.5E+06 5.1E+02 _
   6886  4482      1 1.0E+00   4484 (2.7E-09) 1.8E-03  4.4655597E-01     819          144 2.5E+06 5.1E+02 _
   6887  4483      1 1.0E+00   4485 (1.1E-08) 3.0E-03  4.4655596E-01     819          144 2.5E+06 5.1E+02 _
   6888  4484      1 1.0E+00   4486 (6.1E-09) 2.3E-03  4.4655595E-01     819          144 2.5E+06 5.1E+02 _
   6889  4485      1 9.3E-02   4487 (5.6E-09) 2.3E-03  4.4655595E-01     819          144 2.9E+06 5.1E+02 _
   6890  4486      1 3.6E-02   4488 (5.5E-09) 2.3E-03  4.4655594E-01     819          144 3.5E+06 5.1E+02 _
   6891  4487      1 1.8E-01   4489 (6.0E-09) 2.1E-03  4.4655593E-01     819          144 4.0E+06 5.1E+02 _
   6892  4488      1 3.2E-01   4490 (3.8E-08) 3.1E-03  4.4655591E-01     819          144 4.2E+06 5.1E+02 _
   6893  4489      1 1.0E+00   4491 (5.2E-08) 6.9E-03  4.4655591E-01     819          144 4.5E+06 5.1E+02 _  R
   6894  4490      1 1.0E+00   4492 (6.7E-09) 5.4E-03  4.4655588E-01     819          144 4.9E+06 5.1E+02 _s
   6895  4491      1 1.0E+00   4493 (3.3E-09) 3.4E-03  4.4655586E-01     819          144 6.6E+06 5.1E+02 _
   6896  4492      1 1.0E+00   4494 (4.8E-08) 4.7E-03  4.4655582E-01     819          144 7.5E+06 5.1E+02 _
   6897  4493      1 1.0E+00   4495 (9.8E-09) 4.2E-03  4.4655579E-01     819          144 1.1E+07 5.1E+02 _
   6898  4494      1 1.0E+00   4496 (2.3E-08) 4.3E-03  4.4655575E-01     819          144 1.3E+07 5.1E+02 _
   6899  4495      1 1.0E+00   4497 (4.7E-09) 2.7E-03  4.4655571E-01     819          144 1.6E+07 5.1E+02 _
   6900  4496      1 1.0E+00   4498 (1.8E-08) 4.0E-03  4.4655568E-01     819          144 2.0E+07 5.1E+02 _
   6901  4497      1 1.0E+00   4499 (1.7E-08) 2.6E-03  4.4655565E-01     819          144 2.7E+07 5.1E+02 _
   6902  4498      1 1.0E+00   4500 (1.9E-08) 2.8E-03  4.4655563E-01     819          144 3.7E+07 5.1E+02 _
   6903  4499      1 1.0E+00   4501 (1.1E-08) 2.6E-03  4.4655561E-01     819          144 5.4E+07 5.1E+02 _

   Itns Major Minors    Step   nCon Feasible  Optimal  MeritFunction     L+U BSwap     nS condZHZ Penalty
   6904  4500      1 1.0E+00   4502 (6.6E-09) 5.7E-03  4.4655558E-01     819          144 6.5E+07 5.1E+02 _  R
   6905  4501      1 1.0E+00   4503 (6.7E-09) 3.0E-03  4.4655556E-01     819          144 8.2E+07 5.1E+02 _s
   6906  4502      1 1.0E+00   4504 (1.8E-08) 2.8E-03  4.4655554E-01     819          144 9.4E+07 5.1E+02 _
   6907  4503      1 1.0E+00   4505 (6.6E-09) 1.8E-03  4.4655553E-01     819          144 1.1E+08 5.1E+02 _
   6908  4504      1 1.0E+00   4506 (6.1E-10) 1.2E-03  4.4655552E-01     819          144 1.3E+08 5.1E+02 _
   6909  4505      1 1.0E+00   4507 (1.9E-09) 1.1E-03  4.4655552E-01     819          144 1.2E+08 5.1E+02 _
   6910  4506      1 1.0E+00   4508 (4.3E-09) 1.0E-03  4.4655551E-01     819          144 1.1E+08 5.1E+02 _
   6911  4507      1 1.0E+00   4509 (1.2E-09) 6.7E-04  4.4655551E-01     819          144 1.3E+08 5.1E+02 _
   6912  4508      1 1.0E+00   4510 (1.0E-09) 6.5E-04  4.4655551E-01     819          144 1.7E+08 5.1E+02 _
   6913  4509      1 1.0E+00   4511 (1.7E-10) 7.8E-04  4.4655551E-01     819          144 2.1E+08 5.1E+02 _
   6914  4510      1 1.0E+00   4512 (4.6E-10) 6.7E-04  4.4655551E-01     819          144 2.2E+08 5.1E+02 _
   6915  4511      1 1.0E+00   4513 (5.5E-10) 5.5E-04  4.4655551E-01     819          144 2.2E+08 5.1E+02 _  R
   6916  4512      1 1.0E+00   4514 (2.1E-11) 6.6E-04  4.4655551E-01     819          144 2.2E+08 5.1E+02 _s
   6917  4513      1 1.0E+00   4515 (1.4E-12) 2.1E-04  4.4655551E-01     819          144 2.2E+08 5.1E+02 _
   6918  4514      1 1.0E+00   4516 (1.1E-11) 2.0E-04  4.4655551E-01     819          144 2.2E+08 5.1E+02 _
   6919  4515      1 1.0E+00   4517 (5.3E-11) 3.0E-04  4.4655551E-01     819          144 2.2E+08 5.1E+02 _
   6920  4516      1 1.0E+00   4518 (2.8E-11) 3.5E-04  4.4655551E-01     819          144 2.2E+08 5.1E+02 _
   6921  4517      1 1.0E+00   4519 (1.6E-11) 2.9E-04  4.4655551E-01     819          144 2.2E+08 5.1E+02 _
   6922  4518      1 1.0E+00   4520 (6.2E-12) 2.7E-04  4.4655551E-01     819          144 2.2E+08 5.1E+02 _
   6923  4519      1 1.0E+00   4521 (3.1E-11) 1.8E-04  4.4655551E-01     819          144 2.2E+08 5.1E+02 _

   Itns Major Minors    Step   nCon Feasible  Optimal  MeritFunction     L+U BSwap     nS condZHZ Penalty
   6924  4520      1 1.0E+00   4522 (3.3E-11) 1.8E-04  4.4655551E-01     819          144 2.2E+08 5.1E+02 _
   6925  4521      1 1.0E+00   4523 (2.6E-11) 1.5E-04  4.4655551E-01     819          144 2.2E+08 5.1E+02 _
   6926  4522      1 1.0E+00   4524 (1.5E-11) 1.6E-04  4.4655551E-01     819          144 2.2E+08 5.1E+02 _  R
   6927  4523      1 1.0E+00   4525 (3.3E-12) 1.1E-04  4.4655551E-01     819          144 2.2E+08 5.1E+02 _s
   6928  4524      1 1.0E+00   4526 (3.3E-10) 3.0E-04  4.4655551E-01     819          144 2.2E+08 5.1E+02 _
   6929  4525      1 1.0E+00   4527 (2.3E-11) 4.3E-04  4.4655551E-01     819          144 2.2E+08 5.1E+02 _
   6930  4526      1 1.0E+00   4528 (9.4E-11) 6.7E-04  4.4655551E-01     819          144 2.2E+08 5.1E+02 _
   6931  4527      1 1.0E+00   4529 (1.9E-10) 5.4E-04  4.4655551E-01     819          144 2.2E+08 5.1E+02 _
   6932  4528      1 1.0E+00   4530 (1.3E-10) 1.6E-03  4.4655551E-01     819          144 2.2E+08 5.1E+02 _
   6933  4529      1 1.0E+00   4531 (4.3E-11) 1.0E-03  4.4655551E-01     819          144 2.2E+08 5.1E+02 _
   6934  4530      1 1.0E+00   4532 (4.1E-10) 2.0E-03  4.4655551E-01     819          144 2.2E+08 5.1E+02 _
   6935  4531      1 1.0E+00   4533 (4.6E-11) 2.0E-03  4.4655550E-01     819          144 2.2E+08 5.1E+02 _
   6936  4532      1 1.0E+00   4534 (6.0E-10) 3.4E-03  4.4655550E-01     819          144 2.2E+08 5.1E+02 _
   6937  4533      1 1.0E+00   4535 (4.3E-10) 3.3E-03  4.4655549E-01     819          144 2.2E+08 5.1E+02 _  R
   6938  4534      1 4.8E-01   4536 (4.7E-10) 1.0E-03  4.4655549E-01     819          144 2.2E+08 5.1E+02 _s
   6939  4535      1 1.0E+00   4537 (1.2E-10) 6.8E-04  4.4655549E-01     819          144 2.2E+08 5.1E+02 _
   6940  4536      1 1.0E+00   4538 (4.1E-11) 6.4E-04  4.4655549E-01     819          144 2.2E+08 5.1E+02 _
   6941  4537      1 1.0E+00   4539 (6.6E-12) 5.3E-04  4.4655549E-01     819          144 2.2E+08 5.1E+02 _
   6942  4538      1 1.0E+00   4540 (3.2E-11) 9.4E-04  4.4655549E-01     819          144 2.2E+08 5.1E+02 _
   6943  4539      1 1.0E+00   4541 (1.3E-10) 1.0E-03  4.4655549E-01     819          144 2.2E+08 5.1E+02 _

   Itns Major Minors    Step   nCon Feasible  Optimal  MeritFunction     L+U BSwap     nS condZHZ Penalty
   6944  4540      1 1.0E+00   4542 (5.4E-11) 6.3E-04  4.4655549E-01     819          144 2.2E+08 5.1E+02 _
   6945  4541      1 1.0E+00   4543 (3.2E-11) 6.5E-04  4.4655549E-01     819          144 2.2E+08 5.1E+02 _
   6946  4542      1 1.0E+00   4544 (5.5E-11) 6.9E-04  4.4655548E-01     819          144 2.2E+08 5.1E+02 _
   6947  4543      1 1.0E+00   4545 (1.1E-10) 7.5E-04  4.4655548E-01     819          144 2.2E+08 5.1E+02 _
   6948  4544      1 1.0E+00   4546 (1.8E-10) 6.1E-04  4.4655548E-01     819          144 2.2E+08 5.1E+02 _  R
   6949  4545      1 1.0E+00   4547 (1.3E-11) 4.7E-04  4.4655548E-01     819          144 2.2E+08 5.1E+02 _s
   6950  4546      1 1.0E+00   4548 (5.2E-10) 2.1E-03  4.4655548E-01     819          144 2.2E+08 5.1E+02 _
   6951  4547      1 1.0E+00   4549 (6.1E-11) 2.7E-03  4.4655548E-01     819          144 2.2E+08 5.1E+02 _
   6952  4548      1 1.0E+00   4550 (9.2E-11) 4.0E-03  4.4655548E-01     819          144 2.2E+08 5.1E+02 _
   6953  4549      1 1.0E+00   4551 (1.3E-10) 2.6E-03  4.4655548E-01     819          144 2.5E+08 5.1E+02 _
   6954  4550      1 5.0E-01   4552 (9.4E-11) 1.7E-03  4.4655548E-01     819          144 2.4E+08 5.1E+02 _
   6955  4551      1 1.0E+00   4553 (1.0E-10) 2.7E-03  4.4655547E-01     819          144 2.6E+08 5.1E+02 _
   6956  4552      1 1.0E+00   4554 (4.1E-10) 4.7E-03  4.4655547E-01     819          144 3.1E+08 5.1E+02 _
   6957  4553      1 2.2E-01   4555 (3.9E-10) 3.1E-03  4.4655546E-01     819          144 3.4E+08 5.1E+02 _
   6958  4554      1 3.4E-01   4556 (3.7E-10) 2.1E-03  4.4655546E-01     819          144 3.5E+08 5.1E+02 _
   6959  4555      1 1.0E+00   4557 (3.3E-10) 6.7E-03  4.4655546E-01     819          144 4.4E+08 5.1E+02 _  R
   6960  4556      1 1.0E+00   4558 (2.1E-10) 6.4E-03  4.4655545E-01     819          144 4.4E+08 5.1E+02 _s
   6961  4557      1 1.0E+00   4559 (8.6E-11) 3.7E-03  4.4655544E-01     819          144 4.4E+08 5.1E+02 _
   6962  4558      1 1.0E+00   4560 (1.9E-10) 2.0E-03  4.4655543E-01     819          144 4.4E+08 5.1E+02 _
   6963  4559      1 1.0E+00   4561 (4.7E-10) 3.1E-03  4.4655542E-01     819          144 4.3E+08 5.1E+02 _

   Itns Major Minors    Step   nCon Feasible  Optimal  MeritFunction     L+U BSwap     nS condZHZ Penalty
   6964  4560      1 1.0E+00   4562 (1.2E-08) 1.0E-02  4.4655538E-01     819          144 4.3E+08 5.1E+02 _
   6965  4561      1 4.0E-01   4563 (8.0E-09) 7.0E-03  4.4655537E-01     819          144 4.4E+08 5.1E+02 _
   6966  4562      1 1.0E+00   4564 (1.4E-10) 1.2E-02  4.4655536E-01     819          144 4.3E+08 5.1E+02 _
   6967  4563      1 1.0E+00   4565 (1.9E-10) 3.8E-03  4.4655535E-01     819          144 4.4E+08 5.1E+02 _
   6968  4564      1 1.0E+00   4566 (6.0E-10) 3.5E-03  4.4655535E-01     819          144 4.4E+08 5.1E+02 _
   6969  4565      1 1.0E+00   4567 (7.1E-10) 2.8E-03  4.4655534E-01     819          144 4.4E+08 5.1E+02 _
   6970  4566      1 1.0E+00   4568 (2.4E-09) 3.2E-03  4.4655533E-01     819          144 4.3E+08 5.1E+02 _  R
   6971  4567      1 1.0E+00   4569 (1.7E-10) 3.8E-03  4.4655533E-01     819          144 4.3E+08 5.1E+02 _s
   6972  4568      1 1.0E+00   4570 (3.4E-11) 1.3E-03  4.4655532E-01     819          144 4.4E+08 5.1E+02 _
   6973  4569      1 1.0E+00   4571 (1.2E-10) 8.1E-04  4.4655532E-01     819          144 4.4E+08 5.1E+02 _
   6974  4570      1 1.0E+00   4572 (9.2E-11) 9.2E-04  4.4655532E-01     819          144 4.5E+08 5.1E+02 _
   6975  4571      1 1.0E+00   4573 (7.3E-11) 6.1E-04  4.4655532E-01     819          144 4.4E+08 5.1E+02 _
   6976  4572      1 1.0E+00   4574 (1.7E-10) 6.9E-04  4.4655531E-01     819          144 4.4E+08 5.1E+02 _
   6977  4573      1 1.0E+00   4575 (1.4E-10) 9.4E-04  4.4655531E-01     819          144 4.4E+08 5.1E+02 _
   6978  4574      1 1.0E+00   4576 (7.3E-11) 9.6E-04  4.4655531E-01     819          144 4.4E+08 5.1E+02 _
   6979  4575      1 1.0E+00   4577 (2.2E-11) 7.6E-04  4.4655531E-01     819          144 4.4E+08 5.1E+02 _
   6980  4576      1 1.0E+00   4578 (4.7E-11) 6.6E-04  4.4655531E-01     819          144 4.6E+08 5.1E+02 _
   6981  4577      1 1.0E+00   4579 (7.4E-11) 1.2E-03  4.4655531E-01     819          144 4.4E+08 5.1E+02 _  R
   6982  4578      1 1.0E+00   4580 (3.5E-12) 7.5E-04  4.4655531E-01     819          144 4.4E+08 5.1E+02 _s
   6983  4579      1 1.0E+00   4581 (1.3E-11) 4.9E-04  4.4655531E-01     819          144 4.3E+08 5.1E+02 _

   Itns Major Minors    Step   nCon Feasible  Optimal  MeritFunction     L+U BSwap     nS condZHZ Penalty
   6984  4580      1 1.0E+00   4582 (2.1E-11) 7.0E-04  4.4655531E-01     819          144 4.4E+08 5.1E+02 _
   6985  4581      1 1.0E+00   4583 (6.4E-11) 1.3E-03  4.4655531E-01     819          144 4.4E+08 5.1E+02 _
   6986  4582      1 1.0E+00   4584 (1.4E-10) 1.7E-03  4.4655531E-01     819          144 4.4E+08 5.1E+02 _
   6987  4583      1 1.0E+00   4585 (1.9E-10) 1.2E-03  4.4655531E-01     819          144 4.3E+08 5.1E+02 _
   6988  4584      1 1.0E+00   4586 (7.6E-11) 1.2E-03  4.4655530E-01     819          144 4.4E+08 5.1E+02 _
   6989  4585      1 1.0E+00   4587 (2.7E-10) 1.1E-03  4.4655530E-01     819          144 4.4E+08 5.1E+02 _
   6990  4586      1 1.0E+00   4588 (3.4E-10) 1.2E-03  4.4655530E-01     819          144 4.4E+08 5.1E+02 _
   6991  4587      1 1.0E+00   4589 (7.0E-10) 1.3E-03  4.4655530E-01     819          144 4.4E+08 5.1E+02 _
   6992  4588      1 1.0E+00   4590 (1.4E-10) 8.9E-04  4.4655530E-01     819          144 4.4E+08 5.1E+02 _  R
   6993  4589      1 1.0E+00   4591 (9.5E-11) 5.6E-04  4.4655530E-01     819          144 4.4E+08 5.1E+02 _s
   6994  4590      1 1.0E+00   4592 (7.3E-10) 2.4E-03  4.4655530E-01     819          144 4.4E+08 5.1E+02 _
   6995  4591      1 1.0E+00   4593 (1.4E-11) 9.8E-04  4.4655530E-01     819          144 4.4E+08 5.1E+02 _
   6996  4592      1 4.3E-01   4594 (1.7E-11) 1.2E-03  4.4655530E-01     819          144 4.4E+08 5.1E+02 _
   6997  4593      1 1.0E+00   4595 (1.0E-11) 5.9E-04  4.4655530E-01     819          144 4.3E+08 5.1E+02 _
   6998  4594      1 1.0E+00   4596 (7.0E-12) 5.8E-04  4.4655530E-01     819          144 4.4E+08 5.1E+02 _
   6999  4595      1 1.0E+00   4597 (1.1E-11) 7.9E-04  4.4655530E-01     819          144 4.3E+08 5.1E+02 _
   7000  4596      1 1.0E+00   4598 (6.6E-11) 8.8E-04  4.4655530E-01     819          144 4.4E+08 5.1E+02 _
   7001  4597      1 1.0E+00   4599 (2.1E-11) 1.2E-03  4.4655530E-01     819          144 5.1E+08 5.1E+02 _
   7002  4598      1 1.0E+00   4600 (3.1E-11) 8.3E-04  4.4655529E-01     819          144 5.2E+08 5.1E+02 _
   7003  4599      1 1.0E+00   4601 (2.1E-11) 6.1E-04  4.4655529E-01     819          144 5.7E+08 5.1E+02 _  R

   Itns Major Minors    Step   nCon Feasible  Optimal  MeritFunction     L+U BSwap     nS condZHZ Penalty
   7004  4600      1 1.0E+00   4602 (6.4E-11) 8.8E-04  4.4655529E-01     819          144 5.6E+08 5.1E+02 _s
   7005  4601      1 1.0E+00   4603 (8.0E-12) 4.1E-04  4.4655529E-01     819          144 5.7E+08 5.1E+02 _
   7006  4602      1 1.0E+00   4604 (2.8E-11) 6.7E-04  4.4655529E-01     819          144 5.6E+08 5.1E+02 _
   7007  4603      1 1.0E+00   4605 (6.1E-11) 7.6E-04  4.4655529E-01     819          144 5.6E+08 5.1E+02 _
   7008  4604      1 1.0E+00   4606 (7.7E-11) 1.4E-03  4.4655529E-01     819          144 5.6E+08 5.1E+02 _
   7009  4605      1 1.0E+00   4607 (1.9E-10) 2.0E-03  4.4655529E-01     819          144 5.6E+08 5.1E+02 _
   7010  4606      1 1.0E+00   4608 (4.4E-10) 1.6E-03  4.4655529E-01     819          144 5.6E+08 5.1E+02 _
   7011  4607      1 1.0E+00   4609 (6.9E-10) 1.4E-03  4.4655528E-01     819          144 5.6E+08 5.1E+02 _
   7012  4608      1 1.0E+00   4610 (5.9E-10) 1.8E-03  4.4655528E-01     819          144 5.6E+08 5.1E+02 _
   7013  4609      1 1.0E+00   4611 (1.1E-09) 2.1E-03  4.4655528E-01     819          144 5.6E+08 5.1E+02 _
   7014  4610      1 1.0E+00   4612 (2.3E-09) 2.5E-03  4.4655527E-01     819          144 5.5E+08 5.1E+02 _  R
   7015  4611      1 1.0E+00   4613 (1.1E-09) 2.2E-03  4.4655526E-01     819          144 5.4E+08 5.1E+02 _s
   7016  4612      1 1.0E+00   4614 (1.2E-08) 2.8E-03  4.4655525E-01     819          144 5.4E+08 5.1E+02 _
   7017  4613      1 3.8E-01   4615 (7.8E-09) 1.6E-03  4.4655525E-01     819          144 5.4E+08 5.1E+02 _
   7018  4614      1 1.0E+00   4616 (2.5E-10) 2.3E-03  4.4655524E-01     819          144 5.3E+08 5.1E+02 _
   7019  4615      1 1.0E+00   4617 (6.1E-09) 4.7E-03  4.4655524E-01     819          144 5.3E+08 5.1E+02 _
   7020  4616      1 1.0E+00   4618 (8.6E-10) 3.5E-03  4.4655523E-01     819          144 5.3E+08 5.1E+02 _
   7021  4617      1 4.9E-01   4619 (5.4E-10) 3.0E-03  4.4655523E-01     819          144 5.3E+08 5.1E+02 _
   7022  4618      1 1.0E+00   4620 (3.2E-09) 3.7E-03  4.4655523E-01     819          144 5.3E+08 5.1E+02 _
   7023  4619      1 1.0E+00   4621 (1.8E-10) 3.2E-03  4.4655522E-01     819          144 5.3E+08 5.1E+02 _

   Itns Major Minors    Step   nCon Feasible  Optimal  MeritFunction     L+U BSwap     nS condZHZ Penalty
   7024  4620      1 1.0E+00   4622 (4.5E-10) 2.5E-03  4.4655522E-01     819          144 5.4E+08 5.1E+02 _
   7025  4621      1 1.0E+00   4623 (8.3E-10) 3.9E-03  4.4655522E-01     819          144 5.3E+08 5.1E+02 _  R
   7026  4622      1 4.9E-01   4624 (4.2E-10) 9.5E-04  4.4655521E-01     819          144 5.3E+08 5.1E+02 _s
   7027  4623      1 1.0E+00   4625 (8.6E-11) 8.1E-04  4.4655520E-01     819          144 5.3E+08 5.1E+02 _
   7028  4624      1 1.0E+00   4626 (3.0E-10) 1.7E-03  4.4655520E-01     819          144 5.3E+08 5.1E+02 _
   7029  4625      1 1.0E+00   4627 (5.2E-10) 2.2E-03  4.4655519E-01     819          144 5.4E+08 5.1E+02 _
   7030  4626      1 1.0E+00   4628 (1.1E-09) 4.7E-03  4.4655518E-01     819          144 5.4E+08 5.1E+02 _
   7031  4627      1 1.0E+00   4629 (3.1E-09) 6.9E-03  4.4655516E-01     819          144 5.5E+08 5.1E+02 _
   7032  4628      1 1.0E+00   4630 (3.9E-09) 4.3E-03  4.4655515E-01     819          144 5.6E+08 5.1E+02 _
   7033  4629      1 1.0E+00   4631 (3.3E-10) 2.3E-03  4.4655514E-01     819          144 5.7E+08 5.1E+02 _
   7034  4630      1 1.0E+00   4632 (4.4E-10) 1.6E-03  4.4655513E-01     819          144 6.0E+08 5.1E+02 _
   7035  4631      1 1.0E+00   4633 (9.2E-10) 1.5E-03  4.4655512E-01     819          144 6.2E+08 5.1E+02 _
   7036  4632      1 1.0E+00   4634 (5.8E-10) 1.8E-03  4.4655512E-01     819          144 5.4E+08 5.1E+02 _  R
   7037  4633      1 1.0E+00   4635 (1.4E-10) 1.6E-03  4.4655512E-01     819          144 5.3E+08 5.1E+02 _s
   7038  4634      1 1.0E+00   4636 (1.5E-09) 1.1E-03  4.4655511E-01     819          144 5.3E+08 5.1E+02 _
   7039  4635      1 1.0E+00   4637 (5.7E-11) 2.5E-03  4.4655511E-01     819          144 5.3E+08 5.1E+02 _
   7040  4636      1 1.0E+00   4638 (5.0E-11) 2.6E-03  4.4655511E-01     819          144 5.3E+08 5.1E+02 _
   7041  4637      1 1.0E+00   4639 (5.4E-11) 4.1E-04  4.4655511E-01     819          144 5.3E+08 5.1E+02 _
   7042  4638      1 1.0E+00   4640 (6.3E-11) 6.9E-04  4.4655511E-01     819          144 5.2E+08 5.1E+02 _
   7043  4639      1 1.0E+00   4641 (4.0E-10) 2.0E-03  4.4655511E-01     819          144 5.1E+08 5.1E+02 _

   Itns Major Minors    Step   nCon Feasible  Optimal  MeritFunction     L+U BSwap     nS condZHZ Penalty
   7044  4640      1 1.0E+00   4642 (9.1E-11) 8.2E-04  4.4655511E-01     819          144 5.2E+08 5.1E+02 _
   7045  4641      1 1.0E+00   4643 (3.2E-11) 6.1E-04  4.4655511E-01     819          144 5.2E+08 5.1E+02 _
   7046  4642      1 1.0E+00   4644 (2.7E-11) 8.2E-04  4.4655511E-01     819          144 5.0E+08 5.1E+02 _
   7047  4643      1 1.0E+00   4645 (5.6E-11) 5.5E-04  4.4655511E-01     819          144 5.3E+08 5.1E+02 _  R
   7048  4644      1 1.0E+00   4646 (9.4E-12) 6.0E-04  4.4655511E-01     819          144 5.2E+08 5.1E+02 _s
   7049  4645      1 1.0E+00   4647 (6.3E-13) 1.5E-04  4.4655511E-01     819          144 5.3E+08 5.1E+02 _
   7050  4646      1 1.0E+00   4648 (1.8E-12) 8.8E-05  4.4655511E-01     819          144 4.9E+08 5.1E+02 _
   7051  4647      1 1.0E+00   4649 (5.1E-11) 4.8E-04  4.4655511E-01     819          144 4.7E+08 5.1E+02 _
   7052  4648      1 1.0E+00   4650 (1.1E-10) 8.0E-04  4.4655511E-01     819          144 4.8E+08 5.1E+02 _
   7053  4649      1 1.0E+00   4651 (7.8E-11) 7.8E-04  4.4655511E-01     819          144 4.9E+08 5.1E+02 _
   7054  4650      1 1.0E+00   4652 (1.8E-11) 8.3E-04  4.4655511E-01     819          144 4.9E+08 5.1E+02 _
   7055  4651      1 1.0E+00   4653 (1.7E-10) 1.0E-03  4.4655511E-01     819          144 4.6E+08 5.1E+02 _
   7056  4652      1 1.0E+00   4654 (6.1E-10) 1.5E-03  4.4655511E-01     819          144 4.5E+08 5.1E+02 _
   7057  4653      1 1.0E+00   4655 (1.9E-09) 2.3E-03  4.4655510E-01     819          144 4.6E+08 5.1E+02 _
   7058  4654      1 1.0E+00   4656 (4.8E-09) 3.1E-03  4.4655510E-01     819          144 4.7E+08 5.1E+02 _  R
   7059  4655      1 1.0E+00   4657 (1.8E-09) 1.4E-03  4.4655509E-01     819          144 4.7E+08 5.1E+02 _s
   7060  4656      1 1.0E+00   4658 (1.8E-09) 8.7E-04  4.4655509E-01     819          144 4.6E+08 5.1E+02 _
   7061  4657      1 1.0E+00   4659 (3.3E-09) 7.8E-04  4.4655509E-01     819          144 4.7E+08 5.1E+02 _
   7062  4658      1 1.0E+00   4660 (7.8E-10) 4.9E-04  4.4655509E-01     819          144 4.6E+08 5.1E+02 _
   7063  4659      1 1.0E+00   4661 (4.9E-11) 4.6E-04  4.4655509E-01     819          144 4.6E+08 5.1E+02 _

   Itns Major Minors    Step   nCon Feasible  Optimal  MeritFunction     L+U BSwap     nS condZHZ Penalty
   7064  4660      1 1.0E+00   4662 (1.4E-10) 8.6E-04  4.4655509E-01     819          144 4.7E+08 5.1E+02 _
   7065  4661      1 1.0E+00   4663 (5.3E-10) 5.5E-04  4.4655509E-01     819          144 4.7E+08 5.1E+02 _
   7066  4662      1 1.0E+00   4664 (4.6E-10) 3.6E-04  4.4655509E-01     819          144 4.6E+08 5.1E+02 _
   7067  4663      1 1.0E+00   4665 (2.7E-10) 3.6E-04  4.4655508E-01     819          144 4.6E+08 5.1E+02 _
   7068  4664      1 1.0E+00   4666 (4.0E-10) 5.9E-04  4.4655508E-01     819          144 4.7E+08 5.1E+02 _
   7069  4665      1 1.0E+00   4667 (3.7E-10) 7.8E-04  4.4655508E-01     819          144 4.7E+08 5.1E+02 _  R
   7070  4666      1 1.0E+00   4668 (2.6E-10) 3.3E-04  4.4655508E-01     819          144 4.7E+08 5.1E+02 _s
   7071  4667      1 1.0E+00   4669 (5.0E-09) 2.0E-03  4.4655508E-01     819          144 4.7E+08 5.1E+02 _
   7072  4668      1 1.0E+00   4670 (3.7E-09) 3.5E-03  4.4655508E-01     819          144 4.7E+08 5.1E+02 _
   7073  4669      1 1.0E+00   4671 (3.3E-10) 3.5E-03  4.4655507E-01     819          144 4.7E+08 5.1E+02 _
   7074  4670      1 1.0E+00   4672 (3.3E-09) 5.9E-03  4.4655506E-01     819          144 4.7E+08 5.1E+02 _
   7075  4671      1 1.0E+00   4673 (4.7E-09) 9.0E-03  4.4655506E-01     819          144 4.7E+08 5.1E+02 _
   7076  4672      1 1.0E+00   4674 (1.7E-09) 4.6E-03  4.4655505E-01     819          144 4.6E+08 5.1E+02 _
   7077  4673      1 1.0E+00   4675 (6.8E-10) 3.8E-03  4.4655503E-01     819          144 4.4E+08 5.1E+02 _
   7078  4674      1 1.0E+00   4676 (1.8E-09) 8.4E-03  4.4655502E-01     819          144 4.5E+08 5.1E+02 _
   7079  4675      1 1.0E+00   4677 (3.2E-09) 6.6E-03  4.4655498E-01     819          144 4.1E+08 5.1E+02 _
   7080  4676      1 4.8E-01   4678 (1.9E-09) 6.1E-03  4.4655497E-01     819          144 4.1E+08 5.1E+02 _  R
   7081  4677      1 4.7E-01   4679 (1.4E-09) 3.7E-03  4.4655496E-01     819          144 4.1E+08 5.1E+02 _s
   7082  4678      1 1.0E+00   4680 (3.2E-10) 2.2E-03  4.4655496E-01     819          144 4.1E+08 5.1E+02 _
   7083  4679      1 1.0E+00   4681 (4.4E-10) 3.7E-03  4.4655495E-01     819          144 4.1E+08 5.1E+02 _

   Itns Major Minors    Step   nCon Feasible  Optimal  MeritFunction     L+U BSwap     nS condZHZ Penalty
   7084  4680      1 1.0E+00   4682 (8.0E-10) 3.3E-03  4.4655494E-01     819          144 4.1E+08 5.1E+02 _
   7085  4681      1 1.0E+00   4683 (7.6E-10) 1.6E-03  4.4655493E-01     819          144 4.1E+08 5.1E+02 _
   7086  4682      1 1.0E+00   4684 (8.1E-10) 1.7E-03  4.4655493E-01     819          144 4.2E+08 5.1E+02 _
   7087  4683      1 1.0E+00   4685 (5.7E-10) 1.6E-03  4.4655492E-01     819          144 4.2E+08 5.1E+02 _
   7088  4684      1 1.0E+00   4686 (3.7E-10) 1.1E-03  4.4655492E-01     819          144 4.4E+08 5.1E+02 _
   7089  4685      1 1.0E+00   4687 (2.8E-10) 6.0E-04  4.4655492E-01     819          144 4.6E+08 5.1E+02 _
   7090  4686      1 1.0E+00   4688 (2.1E-10) 6.2E-04  4.4655492E-01     819          144 5.2E+08 5.1E+02 _
   7091  4687      1 1.0E+00   4689 (1.6E-10) 7.6E-04  4.4655492E-01     819          144 4.3E+08 5.1E+02 _  R
   7092  4688      1 1.0E+00   4690 (4.3E-11) 6.1E-04  4.4655492E-01     819          144 4.4E+08 5.1E+02 _s
   7093  4689      1 4.0E-01   4691 (4.5E-10) 1.5E-03  4.4655491E-01     819          144 4.4E+08 5.1E+02 _
   7094  4690      1 3.9E-01   4692 (2.8E-10) 4.9E-04  4.4655491E-01     819          144 4.3E+08 5.1E+02 _
   7095  4691      1 4.3E-01   4693 (2.6E-10) 5.9E-04  4.4655491E-01     819          144 4.4E+08 5.1E+02 _
   7096  4692      1 1.0E+00   4694 (5.1E-10) 1.7E-03  4.4655491E-01     819          144 4.4E+08 5.1E+02 _
   7097  4693      1 1.0E+00   4695 (1.5E-09) 1.2E-03  4.4655491E-01     819          144 4.4E+08 5.1E+02 _
   7098  4694      1 4.4E-01   4696 (1.3E-09) 1.3E-03  4.4655491E-01     819          144 4.5E+08 5.1E+02 _
   7099  4695      1 1.0E+00   4697 (1.0E-10) 1.0E-03  4.4655491E-01     819          144 4.4E+08 5.1E+02 _
   7100  4696      1 1.0E+00   4698 (1.1E-09) 2.9E-03  4.4655491E-01     819          144 4.5E+08 5.1E+02 _
   7101  4697      1 1.0E+00   4699 (2.1E-10) 1.8E-03  4.4655491E-01     819          144 4.5E+08 5.1E+02 _
   7102  4698      1 5.0E-01   4700 (1.3E-09) 1.5E-03  4.4655491E-01     819          144 4.7E+08 5.1E+02 _  R
   7103  4699      1 3.9E-01   4701 (7.9E-10) 4.3E-04  4.4655491E-01     819          144 4.6E+08 5.1E+02 _s

   Itns Major Minors    Step   nCon Feasible  Optimal  MeritFunction     L+U BSwap     nS condZHZ Penalty
   7104  4700      1 1.0E+00   4702 (1.8E-11) 3.7E-04  4.4655491E-01     819          144 4.8E+08 5.1E+02 _
   7105  4701      1 1.0E+00   4703 (3.3E-11) 1.1E-03  4.4655491E-01     819          144 4.7E+08 5.1E+02 _
   7106  4702      1 1.0E+00   4704 (1.1E-10) 1.8E-03  4.4655491E-01     819          144 4.7E+08 5.1E+02 _
   7107  4703      1 1.0E+00   4705 (8.2E-11) 1.2E-03  4.4655491E-01     819          144 4.7E+08 5.1E+02 _
   7108  4704      1 1.0E+00   4706 (7.0E-11) 3.7E-04  4.4655491E-01     819          144 4.8E+08 5.1E+02 _
   7109  4705      1 1.0E+00   4707 (5.1E-11) 1.2E-03  4.4655491E-01     819          144 4.8E+08 5.1E+02 _
   7110  4706      1 1.0E+00   4708 (5.6E-11) 2.0E-03  4.4655491E-01     819          144 4.8E+08 5.1E+02 _
   7111  4707      1 1.0E+00   4709 (5.4E-11) 1.8E-03  4.4655491E-01     819          144 4.8E+08 5.1E+02 _
   7112  4708      1 1.0E+00   4710 (1.1E-10) 7.2E-04  4.4655491E-01     819          144 4.8E+08 5.1E+02 _
   7113  4709      1 1.0E+00   4711 (1.3E-10) 1.6E-03  4.4655490E-01     819          144 4.8E+08 5.1E+02 _  R
   7114  4710      1 1.0E+00   4712 (6.5E-11) 7.5E-04  4.4655490E-01     819          144 4.9E+08 5.1E+02 _s
   7115  4711      1 1.0E+00   4713 (1.4E-09) 3.8E-03  4.4655490E-01     819          144 4.8E+08 5.1E+02 _
   7116  4712      1 1.0E+00   4714 (2.4E-10) 2.8E-03  4.4655490E-01     819          144 4.9E+08 5.1E+02 _
   7117  4713      1 1.0E+00   4715 (5.8E-10) 3.6E-03  4.4655490E-01     819          144 5.0E+08 5.1E+02 _
   7118  4714      1 1.0E+00   4716 (4.8E-10) 2.5E-03  4.4655490E-01     819          144 5.0E+08 5.1E+02 _
   7119  4715      1 1.0E+00   4717 (3.1E-10) 3.3E-03  4.4655490E-01     819          144 5.0E+08 5.1E+02 _
   7120  4716      1 1.0E+00   4718 (2.4E-10) 2.4E-03  4.4655489E-01     819          144 5.1E+08 5.1E+02 _
   7121  4717      1 1.0E+00   4719 (2.4E-10) 3.3E-03  4.4655489E-01     819          144 5.1E+08 5.1E+02 _
   7122  4718      1 1.0E+00   4720 (2.7E-10) 3.0E-03  4.4655489E-01     819          144 5.2E+08 5.1E+02 _
   7123  4719      1 1.0E+00   4721 (2.4E-10) 5.2E-03  4.4655489E-01     819          144 5.2E+08 5.1E+02 _

   Itns Major Minors    Step   nCon Feasible  Optimal  MeritFunction     L+U BSwap     nS condZHZ Penalty
   7124  4720      1 1.0E+00   4722 (2.9E-10) 2.5E-03  4.4655489E-01     819          144 5.4E+08 5.1E+02 _  R
   7125  4721      1 1.0E+00   4723 (1.9E-10) 1.8E-03  4.4655488E-01     819          144 5.4E+08 5.1E+02 _s
   7126  4722      1 1.0E+00   4724 (7.4E-11) 3.2E-03  4.4655488E-01     819          144 5.4E+08 5.1E+02 _
   7127  4723      1 1.0E+00   4725 (8.3E-10) 5.1E-03  4.4655487E-01     819          144 5.4E+08 5.1E+02 _
   7128  4724      1 1.0E+00   4726 (5.0E-09) 5.4E-03  4.4655486E-01     819          144 5.3E+08 5.1E+02 _
   7129  4725      1 1.0E+00   4727 (5.6E-09) 7.5E-03  4.4655485E-01     819          144 5.4E+08 5.1E+02 _
   7130  4726      1 1.0E+00   4728 (1.3E-09) 6.9E-03  4.4655484E-01     819          144 5.5E+08 5.1E+02 _
   7131  4727      1 1.0E+00   4729 (4.9E-10) 8.4E-03  4.4655483E-01     819          144 5.5E+08 5.1E+02 _
   7132  4728      1 1.0E+00   4730 (7.8E-10) 4.1E-03  4.4655482E-01     819          144 5.6E+08 5.1E+02 _
   7133  4729      1 1.0E+00   4731 (7.3E-10) 6.4E-03  4.4655481E-01     819          144 5.6E+08 5.1E+02 _
   7134  4730      1 1.0E+00   4732 (2.5E-09) 6.9E-03  4.4655479E-01     819          144 5.6E+08 5.1E+02 _
   7135  4731      1 1.0E+00   4733 (4.9E-09) 1.0E-02  4.4655478E-01     818          144 5.5E+08 5.1E+02 _  R
   7136  4732      1 1.0E+00   4734 (4.0E-09) 6.5E-03  4.4655478E-01     819          144 5.5E+08 5.1E+02 _s
   7137  4733      1 1.0E+00   4735 (8.1E-10) 1.4E-03  4.4655476E-01     819          144 5.5E+08 5.1E+02 _
   7138  4734      1 1.0E+00   4736 (1.1E-10) 1.2E-03  4.4655476E-01     819          144 5.5E+08 5.1E+02 _
   7139  4735      1 1.0E+00   4737 (4.2E-11) 9.2E-04  4.4655476E-01     819          144 5.5E+08 5.1E+02 _
   7140  4736      1 1.0E+00   4738 (9.0E-10) 1.7E-03  4.4655475E-01     819          144 5.4E+08 5.1E+02 _
   7141  4737      1 1.0E+00   4739 (1.4E-10) 1.4E-03  4.4655475E-01     819          144 5.8E+08 5.1E+02 _
   7142  4738      1 1.0E+00   4740 (4.6E-10) 1.4E-03  4.4655475E-01     819          144 5.9E+08 5.1E+02 _
   7143  4739      1 1.0E+00   4741 (2.8E-11) 1.7E-03  4.4655475E-01     819          144 6.1E+08 5.1E+02 _

   Itns Major Minors    Step   nCon Feasible  Optimal  MeritFunction     L+U BSwap     nS condZHZ Penalty
   7144  4740      1 1.0E+00   4742 (4.6E-11) 1.4E-03  4.4655474E-01     819          144 5.9E+08 5.1E+02 _
   7145  4741      1 1.0E+00   4743 (1.4E-11) 1.3E-03  4.4655474E-01     819          144 5.9E+08 5.1E+02 _
   7146  4742      1 1.0E+00   4744 (2.9E-10) 1.8E-03  4.4655474E-01     819          144 5.8E+08 5.1E+02 _  R
   7147  4743      1 1.0E+00   4745 (1.4E-11) 1.1E-03  4.4655474E-01     819          144 5.9E+08 5.1E+02 _s
   7148  4744      1 1.0E+00   4746 (3.6E-11) 8.7E-04  4.4655474E-01     819          144 5.8E+08 5.1E+02 _
   7149  4745      1 1.0E+00   4747 (3.1E-11) 1.5E-03  4.4655474E-01     819          144 5.8E+08 5.1E+02 _
   7150  4746      1 1.0E+00   4748 (6.4E-11) 1.2E-03  4.4655474E-01     819          144 5.4E+08 5.1E+02 _
   7151  4747      1 1.0E+00   4749 (4.0E-10) 1.6E-03  4.4655473E-01     819          144 5.5E+08 5.1E+02 _
   7152  4748      1 1.0E+00   4750 (1.4E-10) 1.3E-03  4.4655473E-01     819          144 5.7E+08 5.1E+02 _
   7153  4749      1 1.0E+00   4751 (6.1E-11) 1.3E-03  4.4655473E-01     819          144 6.0E+08 5.1E+02 _
   7154  4750      1 1.0E+00   4752 (8.2E-11) 1.3E-03  4.4655473E-01     819          144 5.0E+08 5.1E+02 _
   7155  4751      1 1.0E+00   4753 (3.5E-11) 7.6E-04  4.4655473E-01     819          144 5.6E+08 5.1E+02 _
   7156  4752      1 1.0E+00   4754 (2.0E-10) 9.8E-04  4.4655473E-01     819          144 5.4E+08 5.1E+02 _
   7157  4753      1 1.0E+00   4755 (2.6E-10) 1.0E-03  4.4655472E-01     819          144 4.8E+08 5.1E+02 _  R
   7158  4754      1 1.0E+00   4756 (7.0E-12) 1.1E-03  4.4655472E-01     819          144 4.7E+08 5.1E+02 _s
   7159  4755      1 1.0E+00   4757 (9.7E-13) 2.8E-04  4.4655472E-01     819          144 4.7E+08 5.1E+02 _
   7160  4756      1 1.0E+00   4758 (4.2E-13) 1.8E-04  4.4655472E-01     819          144 4.6E+08 5.1E+02 _
   7161  4757      1 1.0E+00   4759 (6.7E-12) 5.1E-04  4.4655472E-01     819          144 4.6E+08 5.1E+02 _
   7162  4758      1 1.0E+00   4760 (4.7E-12) 4.2E-04  4.4655472E-01     819          144 4.6E+08 5.1E+02 _
   7163  4759      1 1.0E+00   4761 (5.9E-12) 4.7E-04  4.4655472E-01     819          144 4.6E+08 5.1E+02 _

   Itns Major Minors    Step   nCon Feasible  Optimal  MeritFunction     L+U BSwap     nS condZHZ Penalty
   7164  4760      1 1.0E+00   4762 (9.8E-12) 5.0E-04  4.4655472E-01     819          144 4.6E+08 5.1E+02 _
   7165  4761      1 1.0E+00   4763 (2.8E-11) 8.1E-04  4.4655472E-01     819          144 4.5E+08 5.1E+02 _
   7166  4762      1 1.0E+00   4764 (6.3E-11) 1.5E-03  4.4655472E-01     819          144 4.5E+08 5.1E+02 _
   7167  4763      1 1.0E+00   4765 (9.9E-11) 1.6E-03  4.4655472E-01     819          144 4.6E+08 5.1E+02 _
   7168  4764      1 1.0E+00   4766 (7.9E-11) 1.0E-03  4.4655472E-01     819          144 4.5E+08 5.1E+02 _  R
   7169  4765      1 1.0E+00   4767 (5.3E-12) 7.3E-04  4.4655472E-01     819          144 4.4E+08 5.1E+02 _s
   7170  4766      1 3.0E-01   4768 (3.7E-10) 1.6E-03  4.4655471E-01     819          144 4.3E+08 5.1E+02 _
   7171  4767      1 4.1E-01   4769 (9.1E-10) 2.3E-03  4.4655471E-01     819          144 3.9E+08 5.1E+02 _
   7172  4768      1 3.8E-01   4770 (1.3E-09) 2.6E-03  4.4655471E-01     819          144 3.9E+08 5.1E+02 _
   7173  4769      1 3.2E-01   4771 (1.2E-09) 2.6E-03  4.4655470E-01     819          144 4.0E+08 5.1E+02 _
   7174  4770      1 3.1E-01   4772 (8.6E-10) 4.7E-03  4.4655470E-01     819          144 4.1E+08 5.1E+02 _
   7175  4771      1 3.0E-01   4773 (6.2E-10) 3.6E-03  4.4655470E-01     819          144 4.1E+08 5.1E+02 _
   7176  4772      1 3.7E-01   4774 (7.3E-10) 3.5E-03  4.4655469E-01     819          144 4.3E+08 5.1E+02 _
   7177  4773      1 2.7E-01   4775 (1.2E-09) 9.5E-03  4.4655468E-01     819          144 4.3E+08 5.1E+02 _
   7178  4774      1 4.0E-01   4776 (1.2E-09) 5.5E-03  4.4655467E-01     819          144 4.2E+08 5.1E+02 _
   7179  4775      1 1.0E+00   4777 (4.9E-09) 2.1E-02  4.4655465E-01     819          144 4.3E+08 5.1E+02 _  R
   7180  4776      1 4.4E-01   4778 (3.0E-09) 1.1E-02  4.4655463E-01     819          144 3.9E+08 5.1E+02 _s
   7181  4777      1 1.0E+00   4779 (1.5E-09) 1.1E-02  4.4655462E-01     819          144 3.8E+08 5.1E+02 _
   7182  4778      1 1.0E+00   4780 (4.2E-10) 8.4E-03  4.4655459E-01     819          144 3.9E+08 5.1E+02 _
   7183  4779      1 1.0E+00   4781 (5.8E-10) 5.5E-03  4.4655459E-01     819          144 3.5E+08 5.1E+02 _

   Itns Major Minors    Step   nCon Feasible  Optimal  MeritFunction     L+U BSwap     nS condZHZ Penalty
   7184  4780      1 1.0E+00   4782 (5.3E-10) 3.5E-03  4.4655458E-01     819          144 3.5E+08 5.1E+02 _
   7185  4781      1 1.0E+00   4783 (3.8E-10) 5.1E-03  4.4655457E-01     819          144 3.9E+08 5.1E+02 _
   7186  4782      1 1.0E+00   4784 (1.4E-10) 5.2E-03  4.4655457E-01     819          144 4.1E+08 5.1E+02 _
   7187  4783      1 1.0E+00   4785 (9.4E-11) 3.2E-03  4.4655456E-01     819          144 4.4E+08 5.1E+02 _
   7188  4784      1 1.0E+00   4786 (1.7E-10) 2.8E-03  4.4655456E-01     819          144 5.1E+08 5.1E+02 _
   7189  4785      1 1.0E+00   4787 (6.7E-11) 1.5E-03  4.4655456E-01     819          144 5.3E+08 5.1E+02 _
   7190  4786      1 1.0E+00   4788 (1.4E-10) 2.1E-03  4.4655456E-01     819          144 2.7E+08 5.1E+02 _  R
   7191  4787      1 1.0E+00   4789 (1.7E-10) 1.2E-03  4.4655456E-01     819          144 2.8E+08 5.1E+02 _s
   7192  4788      1 1.0E+00   4790 (4.0E-11) 3.3E-04  4.4655456E-01     819          144 2.8E+08 5.1E+02 _
   7193  4789      1 1.0E+00   4791 (1.7E-12) 2.2E-04  4.4655456E-01     819          144 2.7E+08 5.1E+02 _
   7194  4790      1 1.0E+00   4792 (2.9E-11) 3.9E-04  4.4655456E-01     819          144 2.9E+08 5.1E+02 _
   7195  4791      1 1.0E+00   4793 (8.9E-11) 5.5E-04  4.4655456E-01     819          144 3.3E+08 5.1E+02 _
   7196  4792      1 1.0E+00   4794 (1.5E-11) 4.0E-04  4.4655456E-01     819          144 3.9E+08 5.1E+02 _
   7197  4793      1 1.0E+00   4795 (3.1E-12) 2.4E-04  4.4655456E-01     819          144 4.3E+08 5.1E+02 _
   7198  4794      1 1.0E+00   4796 (3.1E-12) 2.6E-04  4.4655455E-01     819          144 4.6E+08 5.1E+02 _
   7199  4795      1 1.0E+00   4797 (1.1E-11) 2.7E-04  4.4655455E-01     819          144 4.8E+08 5.1E+02 _
   7200  4796      1 1.0E+00   4798 (1.6E-11) 4.2E-04  4.4655455E-01     819          144 4.9E+08 5.1E+02 _
   7201  4797      1 1.0E+00   4799 (2.1E-11) 4.5E-04  4.4655455E-01     819          144 2.8E+08 5.1E+02 _  R
   7202  4798      1 1.0E+00   4800 (7.3E-13) 3.6E-04  4.4655455E-01     819          144 2.8E+08 5.1E+02 _s
   7203  4799      1 3.2E-01   4801 (9.1E-12) 6.2E-04  4.4655455E-01     819          144 2.8E+08 5.1E+02 _

   Itns Major Minors    Step   nCon Feasible  Optimal  MeritFunction     L+U BSwap     nS condZHZ Penalty
   7204  4800      1 4.6E-01   4802 (8.2E-12) 6.3E-04  4.4655455E-01     819          144 2.7E+08 5.1E+02 _
   7205  4801      1 1.0E+00   4803 (5.4E-11) 1.4E-03  4.4655455E-01     819          144 2.6E+08 5.1E+02 _
   7206  4802      1 1.0E+00   4804 (1.8E-11) 3.2E-03  4.4655455E-01     819          144 2.6E+08 5.1E+02 _
   7207  4803      1 1.0E+00   4805 (2.2E-11) 1.6E-03  4.4655455E-01     819          144 2.7E+08 5.1E+02 _
   7208  4804      1 3.4E-01   4806 (3.3E-11) 1.0E-03  4.4655455E-01     819          144 2.8E+08 5.1E+02 _
   7209  4805      1 1.0E+00   4807 (3.1E-11) 2.2E-03  4.4655455E-01     819          144 2.9E+08 5.1E+02 _
   7210  4806      1 1.0E+00   4808 (1.4E-10) 3.0E-03  4.4655455E-01     819          144 2.9E+08 5.1E+02 _
   7211  4807      1 1.0E+00   4809 (2.0E-10) 3.8E-03  4.4655455E-01     819          144 2.9E+08 5.1E+02 _
   7212  4808      1 1.0E+00   4810 (2.7E-10) 6.5E-03  4.4655454E-01     819          144 3.0E+08 5.1E+02 _  R
   7213  4809      1 3.8E-01   4811 (2.3E-10) 1.8E-03  4.4655453E-01     819          144 3.0E+08 5.1E+02 _s
   7214  4810      1 1.0E+00   4812 (4.5E-11) 1.3E-03  4.4655453E-01     819          144 3.1E+08 5.1E+02 _
   7215  4811      1 1.0E+00   4813 (1.6E-11) 2.2E-03  4.4655453E-01     819          144 4.1E+08 5.1E+02 _
   7216  4812      1 1.0E+00   4814 (2.7E-10) 3.1E-03  4.4655452E-01     819          144 6.2E+08 5.1E+02 _
   7217  4813      1 1.0E+00   4815 (6.7E-10) 3.6E-03  4.4655451E-01     819          144 8.6E+08 5.1E+02 _
   7218  4814      1 1.0E+00   4816 (1.0E-09) 4.7E-03  4.4655450E-01     819          144 9.2E+08 5.1E+02 _
   7219  4815      1 1.0E+00   4817 (2.8E-10) 2.7E-03  4.4655449E-01     819          144 9.4E+08 5.1E+02 _
   7220  4816      1 1.0E+00   4818 (7.2E-11) 3.0E-03  4.4655448E-01     819          144 1.0E+09 5.1E+02 _
   7221  4817      1 1.0E+00   4819 (4.3E-11) 2.8E-03  4.4655447E-01     819          144 1.2E+09 5.1E+02 _
   7222  4818      1 1.0E+00   4820 (4.8E-10) 3.1E-03  4.4655446E-01     819          144 1.2E+09 5.1E+02 _
   7223  4819      1 1.0E+00   4821 (5.0E-10) 3.2E-03  4.4655444E-01     819          144 3.4E+08 5.1E+02 _  R

   Itns Major Minors    Step   nCon Feasible  Optimal  MeritFunction     L+U BSwap     nS condZHZ Penalty
   7224  4820      1 1.0E+00   4822 (3.4E-10) 3.3E-03  4.4655444E-01     819          144 4.1E+08 5.1E+02 _s
   7225  4821      1 1.0E+00   4823 (1.2E-10) 2.3E-03  4.4655443E-01     819          144 5.4E+08 5.1E+02 _
   7226  4822      1 1.0E+00   4824 (6.4E-10) 2.3E-03  4.4655442E-01     819          144 5.3E+08 5.1E+02 _
   7227  4823      1 1.0E+00   4825 (8.7E-11) 1.3E-03  4.4655442E-01     819          144 5.3E+08 5.1E+02 _
   7228  4824      1 1.0E+00   4826 (2.9E-11) 1.2E-03  4.4655442E-01     819          144 5.2E+08 5.1E+02 _
   7229  4825      1 1.0E+00   4827 (5.0E-11) 5.5E-04  4.4655441E-01     819          144 5.5E+08 5.1E+02 _
   7230  4826      1 1.0E+00   4828 (2.3E-11) 8.1E-04  4.4655441E-01     819          144 5.4E+08 5.1E+02 _
   7231  4827      1 1.0E+00   4829 (6.0E-12) 4.7E-04  4.4655441E-01     819          144 5.2E+08 5.1E+02 _
   7232  4828      1 1.0E+00   4830 (1.7E-12) 3.9E-04  4.4655441E-01     819          144 6.0E+08 5.1E+02 _
   7233  4829      1 1.0E+00   4831 (3.4E-12) 2.5E-04  4.4655441E-01     819          144 6.7E+08 5.1E+02 _
   7234  4830      1 1.0E+00   4832 (2.3E-12) 2.4E-04  4.4655441E-01     819          144 3.9E+08 5.1E+02 _  R
   7235  4831      1 1.0E+00   4833 (2.3E-13) 1.7E-04  4.4655441E-01     819          144 4.0E+08 5.1E+02 _s
   7236  4832      1 1.0E+00   4834 (5.6E-12) 3.6E-04  4.4655441E-01     819          144 4.0E+08 5.1E+02 _
   7237  4833      1 1.0E+00   4835 (5.7E-12) 7.1E-04  4.4655441E-01     819          144 4.2E+08 5.1E+02 _
   7238  4834      1 1.0E+00   4836 (3.6E-12) 1.7E-03  4.4655441E-01     819          144 4.6E+08 5.1E+02 _
   7239  4835      1 1.0E+00   4837 (5.1E-11) 2.7E-03  4.4655441E-01     819          144 5.4E+08 5.1E+02 _
   7240  4836      1 1.0E+00   4838 (5.3E-11) 2.1E-03  4.4655441E-01     819          144 5.2E+08 5.1E+02 _
   7241  4837      1 1.0E+00   4839 (6.1E-11) 4.5E-03  4.4655441E-01     819          144 6.0E+08 5.1E+02 _
   7242  4838      1 1.0E+00   4840 (2.7E-11) 1.5E-03  4.4655441E-01     819          144 8.0E+08 5.1E+02 _
   7243  4839      1 1.0E+00   4841 (6.4E-11) 1.7E-03  4.4655440E-01     819          144 9.1E+08 5.1E+02 _

   Itns Major Minors    Step   nCon Feasible  Optimal  MeritFunction     L+U BSwap     nS condZHZ Penalty
   7244  4840      1 1.0E+00   4842 (9.6E-10) 4.8E-03  4.4655440E-01     819          144 1.1E+09 5.1E+02 _
   7245  4841      1 1.0E+00   4843 (3.0E-09) 4.7E-03  4.4655439E-01     819          144 6.8E+08 5.1E+02 _  R
   7246  4842      1 1.0E+00   4844 (1.2E-08) 3.6E-03  4.4655439E-01     819          144 6.7E+08 5.1E+02 _s
   7247  4843      1 1.0E+00   4845 (5.3E-09) 2.2E-03  4.4655438E-01     819          144 6.7E+08 5.1E+02 _
   7248  4844      1 1.0E+00   4846 (8.0E-10) 2.4E-03  4.4655438E-01     819          144 6.8E+08 5.1E+02 _
   7249  4845      1 1.0E+00   4847 (6.1E-10) 1.9E-03  4.4655438E-01     819          144 8.3E+08 5.1E+02 _
   7250  4846      1 1.0E+00   4848 (1.6E-09) 2.1E-03  4.4655437E-01     819          144 1.0E+09 5.1E+02 _
   7251  4847      1 1.0E+00   4849 (4.0E-10) 3.8E-03  4.4655437E-01     819          144 1.1E+09 5.1E+02 _
   7252  4848      1 1.0E+00   4850 (4.7E-10) 8.3E-04  4.4655437E-01     819          144 1.2E+09 5.1E+02 _
   7253  4849      1 1.0E+00   4851 (7.9E-10) 2.7E-03  4.4655436E-01     819          144 1.3E+09 5.1E+02 _
   7254  4850      1 1.0E+00   4852 (3.2E-10) 3.3E-03  4.4655436E-01     819          144 1.3E+09 5.1E+02 _
   7255  4851      1 1.0E+00   4853 (5.7E-10) 1.4E-03  4.4655436E-01     819          144 1.2E+09 5.1E+02 _
   7256  4852      1 1.0E+00   4854 (1.8E-09) 1.1E-03  4.4655435E-01     819          144 7.1E+08 5.1E+02 _  R
   7257  4853      1 1.0E+00   4855 (3.4E-10) 8.5E-04  4.4655435E-01     819          144 9.1E+08 5.1E+02 _s
   7258  4854      1 4.9E-01   4856 (3.7E-10) 3.2E-03  4.4655434E-01     819          144 9.8E+08 5.1E+02 _
   7259  4855      1 3.6E-01   4857 (5.6E-10) 2.3E-03  4.4655433E-01     819          144 9.6E+08 5.1E+02 _
   7260  4856      1 1.0E+00   4858 (3.7E-09) 5.5E-03  4.4655433E-01     819          144 1.0E+09 5.1E+02 _
   7261  4857      1 1.0E+00   4859 (1.2E-09) 5.1E-03  4.4655432E-01     819          144 1.0E+09 5.1E+02 _
   7262  4858      1 4.2E-01   4860 (3.2E-09) 5.8E-03  4.4655431E-01     819          144 1.0E+09 5.1E+02 _
   7263  4859      1 3.7E-01   4861 (3.2E-09) 3.3E-03  4.4655431E-01     819          144 1.1E+09 5.1E+02 _

   Itns Major Minors    Step   nCon Feasible  Optimal  MeritFunction     L+U BSwap     nS condZHZ Penalty
   7264  4860      1 2.5E-01   4862 (2.4E-09) 1.6E-03  4.4655431E-01     819          144 1.0E+09 5.1E+02 _
   7265  4861      1 1.0E+00   4863 (9.9E-10) 3.4E-03  4.4655431E-01     819          144 1.1E+09 5.1E+02 _
   7266  4862      1 1.0E+00   4864 (1.7E-09) 4.3E-03  4.4655431E-01     819          144 1.1E+09 5.1E+02 _
   7267  4863      1 4.3E-01   4865 (9.9E-10) 1.3E-03  4.4655431E-01     819          144 8.5E+08 5.1E+02 _  R
   7268  4864      1 3.3E-01   4866 (1.5E-09) 4.4E-04  4.4655430E-01     819          144 8.3E+08 5.1E+02 _s
   7269  4865      1 1.0E+00   4867 (3.6E-12) 1.5E-04  4.4655430E-01     819          144 8.2E+08 5.1E+02 _
   7270  4866      1 1.0E+00   4868 (1.9E-11) 4.5E-04  4.4655430E-01     819          144 8.8E+08 5.1E+02 _
   7271  4867      1 1.0E+00   4869 (2.6E-12) 4.9E-04  4.4655430E-01     819          144 1.0E+09 5.1E+02 _
   7272  4868      1 1.0E+00   4870 (1.3E-11) 3.3E-04  4.4655430E-01     819          144 1.2E+09 5.1E+02 _
   7273  4869      1 1.0E+00   4871 (3.7E-12) 2.4E-04  4.4655430E-01     819          144 1.1E+09 5.1E+02 _
   7274  4870      1 1.0E+00   4872 (8.1E-12) 3.9E-04  4.4655430E-01     819          144 1.1E+09 5.1E+02 _
   7275  4871      1 1.0E+00   4873 (9.9E-12) 4.4E-04  4.4655430E-01     819          144 1.0E+09 5.1E+02 _
   7276  4872      1 1.0E+00   4874 (1.1E-11) 4.8E-04  4.4655430E-01     819          144 1.1E+09 5.1E+02 _
   7277  4873      1 1.0E+00   4875 (7.7E-12) 4.5E-04  4.4655430E-01     819          144 1.2E+09 5.1E+02 _
   7278  4874      1 1.0E+00   4876 (1.5E-11) 5.9E-04  4.4655430E-01     819          144 6.9E+08 5.1E+02 _  R
   7279  4875      1 1.0E+00   4877 (4.6E-12) 3.8E-04  4.4655430E-01     819          144 7.0E+08 5.1E+02 _s
   7280  4876      1 3.8E-01   4878 (1.0E-10) 1.4E-03  4.4655430E-01     819          144 6.1E+08 5.1E+02 _
   7281  4877      1 1.0E+00   4879 (5.5E-10) 2.5E-03  4.4655430E-01     819          144 6.4E+08 5.1E+02 _
   7282  4878      1 3.5E-01   4880 (3.9E-10) 2.3E-03  4.4655430E-01     819          144 7.0E+08 5.1E+02 _
   7283  4879      1 4.4E-01   4881 (2.6E-10) 4.3E-03  4.4655430E-01     819          144 7.4E+08 5.1E+02 _

   Itns Major Minors    Step   nCon Feasible  Optimal  MeritFunction     L+U BSwap     nS condZHZ Penalty
   7284  4880      1 3.6E-01   4882 (1.8E-10) 3.4E-03  4.4655430E-01     819          144 8.9E+08 5.1E+02 _
   7285  4881      1 1.0E+00   4883 (7.7E-10) 2.6E-03  4.4655429E-01     819          144 9.4E+08 5.1E+02 _
   7286  4882      1 1.0E+00   4884 (1.2E-09) 7.3E-03  4.4655429E-01     819          144 1.1E+09 5.1E+02 _
   7287  4883      1 1.0E+00   4885 (2.5E-09) 8.4E-03  4.4655428E-01     819          144 1.2E+09 5.1E+02 _
   7288  4884      1 4.6E-01   4886 (3.1E-09) 5.9E-03  4.4655427E-01     819          144 1.2E+09 5.1E+02 _
   7289  4885      1 3.6E-01   4887 (1.8E-09) 4.4E-03  4.4655427E-01     819          144 8.8E+08 5.1E+02 _  R
   7290  4886      1 4.5E-01   4888 (2.5E-09) 1.7E-03  4.4655426E-01     819          144 8.8E+08 5.1E+02 _s
   7291  4887      1 1.0E+00   4889 (4.9E-11) 3.3E-03  4.4655425E-01     819          144 9.5E+08 5.1E+02 _
   7292  4888      1 1.0E+00   4890 (1.6E-09) 9.0E-03  4.4655424E-01     819          144 9.5E+08 5.1E+02 _
   7293  4889      1 1.0E+00   4891 (1.5E-10) 5.9E-03  4.4655423E-01     819          144 9.4E+08 5.1E+02 _
   7294  4890      1 1.0E+00   4892 (3.3E-10) 2.5E-03  4.4655423E-01     819          144 9.4E+08 5.1E+02 _
   7295  4891      1 1.0E+00   4893 (2.1E-10) 4.6E-03  4.4655423E-01     819          144 9.5E+08 5.1E+02 _
   7297  4892      2 1.0E+00   4894 (2.0E-10) 3.5E-03  4.4655423E-01     847     1    144 1.0E+09 5.1E+02 _
   7298  4893      1 1.0E+00   4895 (2.8E-11) 1.6E-03  4.4655422E-01     847          144 1.1E+09 5.1E+02 _
   7299  4894      1 1.0E+00   4896 (1.1E-10) 3.3E-03  4.4655422E-01     847          144 1.2E+09 5.1E+02 _
   7300  4895      1 1.0E+00   4897 (2.5E-11) 2.4E-03  4.4655422E-01     847          144 1.3E+09 5.1E+02 _
   7301  4896      1 1.0E+00   4898 (9.5E-11) 9.2E-04  4.4655422E-01     847          144 9.6E+08 5.1E+02 _  R
   7302  4897      1 1.0E+00   4899 (1.4E-10) 6.4E-04  4.4655422E-01     847          144 9.8E+08 5.1E+02 _s
   7303  4898      1 1.0E+00   4900 (5.2E-12) 5.3E-04  4.4655422E-01     847          144 1.0E+09 5.1E+02 _
   7304  4899      1 1.0E+00   4901 (4.5E-11) 7.2E-04  4.4655422E-01     847          144 1.0E+09 5.1E+02 _

   Itns Major Minors    Step   nCon Feasible  Optimal  MeritFunction     L+U BSwap     nS condZHZ Penalty
   7305  4900      1 1.0E+00   4902 (3.4E-12) 5.7E-04  4.4655422E-01     847          144 1.2E+09 5.1E+02 _
   7306  4901      1 1.0E+00   4903 (2.4E-11) 4.7E-04  4.4655422E-01     847          144 1.5E+09 5.1E+02 _
   7307  4902      1 1.0E+00   4904 (1.8E-11) 4.2E-04  4.4655422E-01     847          144 1.7E+09 5.1E+02 _
   7308  4903      1 1.0E+00   4905 (1.5E-11) 3.9E-04  4.4655422E-01     847          144 1.7E+09 5.1E+02 _
   7309  4904      1 1.0E+00   4906 (3.5E-12) 4.1E-04  4.4655422E-01     847          144 1.7E+09 5.1E+02 _
   7310  4905      1 1.0E+00   4907 (5.8E-13) 1.6E-04  4.4655422E-01     847          144 1.7E+09 5.1E+02 _
   7312  4906      2 1.0E+00   4908 (4.8E-13) 1.7E-04  4.4655422E-01     847          144 1.7E+09 5.1E+02 _
   7313  4907      1 1.0E+00   4909 (1.2E-12) 1.0E-04  4.4655422E-01     847          144 1.2E+09 5.1E+02 _  R
   7314  4908      1 1.0E+00   4910 (2.6E-13) 4.0E-05  4.4655422E-01     847          144 1.2E+09 5.1E+02 _s
   7315  4909      1 1.0E+00   4911 (1.3E-13) 5.4E-05  4.4655422E-01     847          144 1.2E+09 5.1E+02 _
   7316  4910      1 1.0E+00   4912 (9.4E-13) 8.1E-05  4.4655422E-01     847          144 1.2E+09 5.1E+02 _
   7317  4911      1 1.0E+00   4913 (2.5E-12) 7.4E-05  4.4655422E-01     847          144 1.2E+09 5.1E+02 _
   7318  4912      1 1.0E+00   4914 (3.6E-12) 4.9E-05  4.4655422E-01     847          144 1.2E+09 5.1E+02 _
   7319  4913      1 1.0E+00   4915 (4.3E-12) 7.4E-05  4.4655422E-01     847          144 1.2E+09 5.1E+02 _
   7320  4914      1 1.0E+00   4916 (3.7E-12) 9.8E-05  4.4655422E-01     847          144 1.3E+09 5.1E+02 _
   7321  4915      1 1.0E+00   4917 (5.3E-12) 1.2E-04  4.4655422E-01     847          144 1.2E+09 5.1E+02 _
   7322  4916      1 1.0E+00   4918 (8.2E-12) 1.9E-04  4.4655422E-01     847          144 1.2E+09 5.1E+02 _
   7323  4917      1 1.0E+00   4919 (4.9E-12) 1.6E-04  4.4655422E-01     847          144 1.2E+09 5.1E+02 _
   7324  4918      1 1.0E+00   4920 (4.2E-12) 1.7E-04  4.4655422E-01     847          144 1.1E+09 5.1E+02 _  R
   7325  4919      1 1.0E+00   4921 (9.2E-13) 1.5E-04  4.4655422E-01     847          144 1.2E+09 5.1E+02 _s

   Itns Major Minors    Step   nCon Feasible  Optimal  MeritFunction     L+U BSwap     nS condZHZ Penalty
   7326  4920      1 1.0E+00   4922 (6.9E-12) 1.8E-04  4.4655422E-01     847          144 1.2E+09 5.1E+02 _
   7327  4921      1 1.0E+00   4923 (1.1E-11) 1.4E-04  4.4655422E-01     847          144 9.0E+08 5.1E+02 _
   7328  4922      1 1.0E+00   4924 (4.6E-12) 2.5E-04  4.4655422E-01     847          144 9.1E+08 5.1E+02 _
   7329  4923      1 1.0E+00   4925 (9.7E-13) 1.8E-04  4.4655422E-01     847          144 9.9E+08 5.1E+02 _
   7330  4924      1 1.0E+00   4926 (7.4E-13) 1.1E-04  4.4655422E-01     847          144 1.0E+09 5.1E+02 _
   7331  4925      1 1.0E+00   4927 (2.3E-12) 1.7E-04  4.4655422E-01     847          144 1.0E+09 5.1E+02 _
   7332  4926      1 1.0E+00   4928 (1.2E-11) 1.7E-04  4.4655422E-01     847          144 1.1E+09 5.1E+02 _
   7333  4927      1 1.0E+00   4929 (7.8E-13) 2.0E-04  4.4655422E-01     847          144 1.1E+09 5.1E+02 _
   7334  4928      1 1.0E+00   4930 (8.8E-13) 1.7E-04  4.4655422E-01     847          144 1.1E+09 5.1E+02 _
   7335  4929      1 1.0E+00   4931 (2.2E-12) 2.1E-04  4.4655422E-01     847          144 7.8E+08 5.1E+02 _  R
   7336  4930      1 1.0E+00   4932 (1.0E-12) 2.8E-04  4.4655422E-01     847          144 7.8E+08 5.1E+02 _s
   7337  4931      1 1.0E+00   4933 (1.4E-13) 1.1E-04  4.4655422E-01     847          144 8.3E+08 5.1E+02 _
   7338  4932      1 1.0E+00   4934 (1.5E-12) 1.8E-04  4.4655422E-01     847          144 9.7E+08 5.1E+02 _
   7339  4933      1 1.0E+00   4935 (6.5E-12) 1.6E-04  4.4655422E-01     847          144 1.1E+09 5.1E+02 _
   7340  4934      1 1.0E+00   4936 (5.9E-12) 1.8E-04  4.4655422E-01     847          144 1.0E+09 5.1E+02 _
   7341  4935      1 1.0E+00   4937 (6.1E-12) 8.7E-05  4.4655422E-01     847          144 1.0E+09 5.1E+02 _
   7342  4936      1 1.0E+00   4938 (1.1E-11) 3.3E-04  4.4655422E-01     847          144 1.0E+09 5.1E+02 _
   7343  4937      1 1.0E+00   4939 (1.3E-11) 3.5E-04  4.4655422E-01     847          144 9.7E+08 5.1E+02 _
   7344  4938      1 1.0E+00   4940 (1.2E-11) 2.2E-04  4.4655422E-01     847          144 9.8E+08 5.1E+02 _
   7345  4939      1 1.0E+00   4941 (8.8E-12) 1.9E-04  4.4655422E-01     847          144 1.0E+09 5.1E+02 _

   Itns Major Minors    Step   nCon Feasible  Optimal  MeritFunction     L+U BSwap     nS condZHZ Penalty
   7347  4940      2 1.0E+00   4942 (1.9E-11) 2.9E-04  4.4655422E-01     847          144 6.9E+08 5.1E+02 _  R
   7348  4941      1 1.0E+00   4943 (1.4E-12) 2.1E-04  4.4655422E-01     847          144 7.2E+08 5.1E+02 _s
   7349  4942      1 1.0E+00   4944 (3.1E-12) 3.6E-04  4.4655422E-01     847          144 7.1E+08 5.1E+02 _
   7350  4943      1 1.0E+00   4945 (1.2E-11) 3.1E-04  4.4655422E-01     847          144 6.7E+08 5.1E+02 _
   7351  4944      1 1.0E+00   4946 (1.1E-12) 3.7E-04  4.4655422E-01     847          144 7.3E+08 5.1E+02 _
   7352  4945      1 1.0E+00   4947 (1.4E-12) 2.3E-04  4.4655422E-01     847          144 7.8E+08 5.1E+02 _
   7354  4946      2 1.0E+00   4948 (3.9E-12) 2.4E-04  4.4655422E-01     847          144 7.7E+08 5.1E+02 _
   7355  4947      1 1.0E+00   4949 (8.2E-12) 2.6E-04  4.4655422E-01     847          144 7.7E+08 5.1E+02 _
   7356  4948      1 1.0E+00   4950 (4.8E-12) 1.5E-04  4.4655422E-01     847          144 7.8E+08 5.1E+02 _
   7357  4949      1 1.0E+00   4951 (4.6E-12) 1.6E-04  4.4655422E-01     847          144 9.4E+08 5.1E+02 _
   7358  4950      1 1.0E+00   4952 (1.5E-12) 1.6E-04  4.4655422E-01     847          144 9.6E+08 5.1E+02 _
   7359  4951      1 1.0E+00   4953 (1.4E-12) 6.9E-05  4.4655422E-01     847          144 7.8E+08 5.1E+02 _  R
   7360  4952      1 1.0E+00   4954 (1.0E-13) 7.3E-05  4.4655422E-01     847          144 7.4E+08 5.1E+02 _s
   7361  4953      1 1.0E+00   4955 (1.4E-12) 1.1E-04  4.4655422E-01     847          144 8.0E+08 5.1E+02 _
   7362  4954      1 1.0E+00   4956 (5.7E-12) 1.7E-04  4.4655422E-01     847          144 8.3E+08 5.1E+02 _
   7363  4955      1 1.0E+00   4957 (3.3E-12) 2.6E-04  4.4655422E-01     847          144 7.4E+08 5.1E+02 _
   7364  4956      1 1.0E+00   4958 (1.1E-11) 3.4E-04  4.4655422E-01     847          144 8.0E+08 5.1E+02 _
   7365  4957      1 1.0E+00   4959 (1.1E-12) 2.1E-04  4.4655422E-01     847          144 7.5E+08 5.1E+02 _
   7366  4958      1 1.0E+00   4960 (1.4E-12) 2.6E-04  4.4655422E-01     847          144 7.5E+08 5.1E+02 _
   7367  4959      1 1.0E+00   4961 (1.3E-12) 2.4E-04  4.4655422E-01     847          144 7.2E+08 5.1E+02 _

   Itns Major Minors    Step   nCon Feasible  Optimal  MeritFunction     L+U BSwap     nS condZHZ Penalty
   7368  4960      1 1.0E+00   4962 (3.9E-12) 1.4E-04  4.4655422E-01     847          144 7.3E+08 5.1E+02 _
   7369  4961      1 1.0E+00   4963 (1.9E-12) 1.9E-04  4.4655422E-01     847          144 7.3E+08 5.1E+02 _
   7370  4962      1 1.0E+00   4964 (4.3E-12) 1.3E-04  4.4655422E-01     847          144 5.3E+08 5.1E+02 _  R
   7371  4963      1 1.0E+00   4965 (1.1E-12) 1.5E-04  4.4655422E-01     847          144 5.3E+08 5.1E+02 _s
   7372  4964      1 1.0E+00   4966 (3.5E-13) 1.1E-04  4.4655422E-01     847          144 5.3E+08 5.1E+02 _
   7373  4965      1 1.0E+00   4967 (9.8E-13) 1.2E-04  4.4655422E-01     847          144 5.4E+08 5.1E+02 _
   7374  4966      1 1.0E+00   4968 (2.5E-12) 1.7E-04  4.4655422E-01     847          144 5.5E+08 5.1E+02 _
   7375  4967      1 1.0E+00   4969 (4.2E-12) 1.1E-04  4.4655422E-01     847          144 5.2E+08 5.1E+02 _
   7376  4968      1 1.0E+00   4970 (2.2E-12) 1.3E-04  4.4655422E-01     847          144 5.7E+08 5.1E+02 _
   7378  4969      2 1.0E+00   4971 (1.1E-12) 1.2E-04  4.4655422E-01     847          144 6.1E+08 5.1E+02 _
   7379  4970      1 1.0E+00   4972 (3.6E-12) 1.4E-04  4.4655422E-01     847          144 8.0E+08 5.1E+02 _
   7380  4971      1 1.0E+00   4973 (2.4E-11) 1.8E-04  4.4655422E-01     847          144 8.1E+08 5.1E+02 _
   7381  4972      1 1.0E+00   4974 (6.6E-12) 2.4E-04  4.4655422E-01     847          144 8.0E+08 5.1E+02 _
   7382  4973      1 1.0E+00   4975 (1.5E-12) 1.7E-04  4.4655422E-01     847          144 5.2E+08 5.1E+02 _  R
   7383  4974      1 1.0E+00   4976 (1.7E-13) 1.1E-04  4.4655422E-01     847          144 5.3E+08 5.1E+02 _s
   7384  4975      1 1.0E+00   4977 (1.4E-12) 1.4E-04  4.4655422E-01     847          144 7.7E+08 5.1E+02 _
   7385  4976      1 1.0E+00   4978 (1.1E-11) 3.7E-04  4.4655422E-01     847          144 7.6E+08 5.1E+02 _
   7386  4977      1 1.0E+00   4979 (1.0E-12) 4.6E-04  4.4655422E-01     847          144 7.4E+08 5.1E+02 _
   7387  4978      1 1.0E+00   4980 (6.3E-13) 4.0E-04  4.4655422E-01     847          144 7.5E+08 5.1E+02 _
   7388  4979      1 1.0E+00   4981 (2.3E-12) 2.7E-04  4.4655422E-01     847          144 7.3E+08 5.1E+02 _

   Itns Major Minors    Step   nCon Feasible  Optimal  MeritFunction     L+U BSwap     nS condZHZ Penalty
   7389  4980      1 1.0E+00   4982 (2.2E-11) 3.0E-04  4.4655422E-01     847          144 7.3E+08 5.1E+02 _
   7390  4981      1 1.0E+00   4983 (3.6E-11) 4.1E-04  4.4655422E-01     847          144 7.3E+08 5.1E+02 _
   7391  4982      1 1.0E+00   4984 (1.7E-12) 2.1E-04  4.4655422E-01     847          144 7.3E+08 5.1E+02 _
   7392  4983      1 1.0E+00   4985 (1.1E-12) 2.3E-04  4.4655422E-01     847          144 7.7E+08 5.1E+02 _
   7393  4984      1 1.0E+00   4986 (7.8E-13) 1.6E-04  4.4655422E-01     847          144 5.7E+08 5.1E+02 _  R
   7394  4985      1 1.0E+00   4987 (5.4E-13) 1.4E-04  4.4655422E-01     847          144 5.7E+08 5.1E+02 _s
   7395  4986      1 1.0E+00   4988 (4.7E-13) 1.7E-04  4.4655422E-01     847          144 5.7E+08 5.1E+02 _
   7396  4987      1 1.0E+00   4989 (1.0E-11) 2.8E-04  4.4655422E-01     847          144 5.7E+08 5.1E+02 _
   7397  4988      1 1.0E+00   4990 (1.1E-11) 8.5E-04  4.4655422E-01     847          144 5.7E+08 5.1E+02 _
   7398  4989      1 1.0E+00   4991 (2.1E-12) 1.8E-04  4.4655422E-01     847          144 5.7E+08 5.1E+02 _
   7399  4990      1 1.0E+00   4992 (6.1E-12) 4.6E-04  4.4655422E-01     847          144 6.6E+08 5.1E+02 _
   7400  4991      1 1.0E+00   4993 (3.4E-12) 4.4E-04  4.4655422E-01     847          144 7.0E+08 5.1E+02 _
   7401  4992      1 1.0E+00   4994 (3.3E-12) 1.3E-04  4.4655422E-01     847          144 7.2E+08 5.1E+02 _
   7402  4993      1 1.0E+00   4995 (8.8E-13) 2.6E-04  4.4655421E-01     847          144 7.1E+08 5.1E+02 _
   7403  4994      1 1.0E+00   4996 (3.0E-12) 3.8E-04  4.4655421E-01     847          144 6.9E+08 5.1E+02 _
   7404  4995      1 1.0E+00   4997 (9.6E-12) 2.4E-04  4.4655421E-01     847          144 5.5E+08 5.1E+02 _  R
   7405  4996      1 1.0E+00   4998 (4.8E-13) 1.4E-04  4.4655421E-01     847          144 5.9E+08 5.1E+02 _s
   7406  4997      1 1.0E+00   4999 (1.1E-12) 1.9E-04  4.4655421E-01     847          144 6.3E+08 5.1E+02 _
   7407  4998      1 1.0E+00   5000 (2.7E-12) 8.9E-05  4.4655421E-01     847          144 7.0E+08 5.1E+02 _
   7408  4999      1 1.0E+00   5001 (1.6E-13) 9.2E-05  4.4655421E-01     847          144 7.9E+08 5.1E+02 _

   Itns Major Minors    Step   nCon Feasible  Optimal  MeritFunction     L+U BSwap     nS condZHZ Penalty
   7409  5000      1 1.0E+00   5002 (1.3E-12) 1.0E-04  4.4655421E-01     847          144 8.5E+08 5.1E+02 _
   7410  5001      1 1.0E+00   5003 (2.6E-12) 2.2E-04  4.4655421E-01     847          144 8.0E+08 5.1E+02 _
   7411  5002      1 1.0E+00   5004 (3.9E-12) 9.9E-05  4.4655421E-01     847          144 7.5E+08 5.1E+02 _
   7412  5003      1 1.0E+00   5005 (4.3E-12) 2.5E-04  4.4655421E-01     847          144 8.4E+08 5.1E+02 _
   7413  5004      1 1.0E+00   5006 (4.0E-12) 1.5E-04  4.4655421E-01     847          144 9.0E+08 5.1E+02 _
   7414  5005      1 1.0E+00   5007 (7.5E-13) 2.5E-04  4.4655421E-01     847          144 8.8E+08 5.1E+02 _
   7415  5006      1 1.0E+00   5008 (3.4E-13) 1.2E-04  4.4655421E-01     847          144 6.3E+08 5.1E+02 _  R
   7416  5007      1 1.0E+00   5009 (2.9E-13) 6.8E-05  4.4655421E-01     847          144 6.9E+08 5.1E+02 _s
   7417  5008      1 1.0E+00   5010 (9.0E-13) 1.2E-04  4.4655421E-01     847          144 7.4E+08 5.1E+02 _
   7418  5009      1 1.0E+00   5011 (1.8E-12) 3.3E-04  4.4655421E-01     847          144 6.3E+08 5.1E+02 _
   7419  5010      1 1.0E+00   5012 (1.5E-12) 2.0E-04  4.4655421E-01     847          144 6.8E+08 5.1E+02 _
   7420  5011      1 1.0E+00   5013 (3.2E-12) 2.2E-04  4.4655421E-01     847          144 7.0E+08 5.1E+02 _
   7421  5012      1 1.0E+00   5014 (1.5E-12) 1.9E-04  4.4655421E-01     847          144 7.4E+08 5.1E+02 _
   7422  5013      1 1.0E+00   5015 (4.1E-12) 2.7E-04  4.4655421E-01     847          144 6.8E+08 5.1E+02 _
   7423  5014      1 1.0E+00   5016 (3.0E-12) 3.3E-04  4.4655421E-01     847          144 6.4E+08 5.1E+02 _
   7424  5015      1 1.0E+00   5017 (1.5E-11) 3.3E-04  4.4655421E-01     847          144 6.0E+08 5.1E+02 _
   7425  5016      1 1.0E+00   5018 (1.1E-11) 4.4E-04  4.4655421E-01     847          144 6.0E+08 5.1E+02 _
   7426  5017      1 1.0E+00   5019 (2.0E-11) 4.9E-04  4.4655421E-01     847          144 5.5E+08 5.1E+02 _  R
   7427  5018      1 1.0E+00   5020 (1.1E-12) 2.8E-04  4.4655421E-01     847          144 5.3E+08 5.1E+02 _s
   7428  5019      1 1.0E+00   5021 (7.4E-13) 1.9E-04  4.4655421E-01     847          144 4.6E+08 5.1E+02 _

   Itns Major Minors    Step   nCon Feasible  Optimal  MeritFunction     L+U BSwap     nS condZHZ Penalty
   7429  5020      1 1.0E+00   5022 (2.8E-13) 1.3E-04  4.4655421E-01     847          144 4.5E+08 5.1E+02 _
   7430  5021      1 1.0E+00   5023 (1.8E-12) 1.6E-04  4.4655421E-01     847          144 4.6E+08 5.1E+02 _
   7431  5022      1 1.0E+00   5024 (3.9E-12) 1.6E-04  4.4655421E-01     847          144 5.2E+08 5.1E+02 _
   7432  5023      1 1.0E+00   5025 (2.7E-12) 1.0E-04  4.4655421E-01     847          144 5.2E+08 5.1E+02 _
   7433  5024      1 1.0E+00   5026 (3.1E-12) 1.0E-04  4.4655421E-01     847          144 5.0E+08 5.1E+02 _
   7434  5025      1 1.0E+00   5027 (2.1E-12) 1.1E-04  4.4655421E-01     847          144 5.1E+08 5.1E+02 _
   7435  5026      1 1.0E+00   5028 (8.9E-13) 5.3E-05  4.4655421E-01     847          144 5.5E+08 5.1E+02 _
   7436  5027      1 1.0E+00   5029 (8.9E-13) 6.0E-05  4.4655421E-01     847          144 6.4E+08 5.1E+02 _
   7437  5028      1 1.0E+00   5030 (9.5E-13) 8.5E-05  4.4655421E-01     847          144 4.2E+08 5.1E+02 _  R
   7438  5029      1 1.0E+00   5031 (2.0E-13) 6.0E-05  4.4655421E-01     847          144 4.2E+08 5.1E+02 _s
   7439  5030      1 1.0E+00   5032 (9.8E-13) 1.4E-04  4.4655421E-01     847          144 4.8E+08 5.1E+02 _
   7440  5031      1 1.0E+00   5033 (7.5E-12) 2.1E-04  4.4655421E-01     847          144 4.6E+08 5.1E+02 _
   7441  5032      1 1.0E+00   5034 (1.1E-12) 6.8E-05  4.4655421E-01     847          144 4.6E+08 5.1E+02 _
   7442  5033      1 1.0E+00   5035 (1.2E-12) 1.5E-04  4.4655421E-01     847          144 4.6E+08 5.1E+02 _
   7443  5034      1 1.0E+00   5036 (7.5E-12) 1.8E-04  4.4655421E-01     847          144 5.0E+08 5.1E+02 _
   7444  5035      1 1.0E+00   5037 (2.4E-11) 1.2E-04  4.4655421E-01     847          144 5.0E+08 5.1E+02 _
   7445  5036      1 1.0E+00   5038 (1.1E-11) 1.3E-04  4.4655421E-01     847          144 4.9E+08 5.1E+02 _
   7446  5037      1 1.0E+00   5039 (5.8E-12) 2.2E-04  4.4655421E-01     847          144 4.8E+08 5.1E+02 _
   7447  5038      1 1.0E+00   5040 (2.7E-12) 2.6E-04  4.4655421E-01     847          144 4.9E+08 5.1E+02 _
   7448  5039      1 1.0E+00   5041 (8.8E-12) 3.5E-04  4.4655421E-01     847          144 3.8E+08 5.1E+02 _  R

   Itns Major Minors    Step   nCon Feasible  Optimal  MeritFunction     L+U BSwap     nS condZHZ Penalty
   7449  5040      1 1.0E+00   5042 (4.3E-12) 2.1E-04  4.4655421E-01     847          144 3.9E+08 5.1E+02 _s
   7450  5041      1 1.0E+00   5043 (2.9E-12) 1.4E-04  4.4655421E-01     847          144 4.1E+08 5.1E+02 _
   7451  5042      1 1.0E+00   5044 (4.4E-12) 1.4E-04  4.4655421E-01     847          144 4.4E+08 5.1E+02 _
   7452  5043      1 1.0E+00   5045 (2.4E-13) 1.3E-04  4.4655421E-01     847          144 4.9E+08 5.1E+02 _
   7453  5044      1 1.0E+00   5046 (1.4E-12) 1.5E-04  4.4655421E-01     847          144 6.4E+08 5.1E+02 _
   7454  5045      1 1.0E+00   5047 (2.1E-12) 2.4E-04  4.4655421E-01     847          144 7.1E+08 5.1E+02 _
   7455  5046      1 1.0E+00   5048 (3.3E-12) 1.3E-04  4.4655421E-01     847          144 5.6E+08 5.1E+02 _
   7456  5047      1 1.0E+00   5049 (2.6E-12) 1.0E-04  4.4655421E-01     847          144 5.7E+08 5.1E+02 _
   7457  5048      1 1.0E+00   5050 (2.4E-12) 1.3E-04  4.4655421E-01     847          144 6.6E+08 5.1E+02 _
   7458  5049      1 1.0E+00   5051 (8.1E-13) 1.1E-04  4.4655421E-01     847          144 7.0E+08 5.1E+02 _
   7459  5050      1 1.0E+00   5052 (1.2E-12) 1.1E-04  4.4655421E-01     847          144 3.6E+08 5.1E+02 _  R
   7460  5051      1 1.0E+00   5053 (1.7E-13) 8.0E-05  4.4655421E-01     847          144 3.8E+08 5.1E+02 _s
   7461  5052      1 1.0E+00   5054 (1.3E-13) 1.2E-04  4.4655421E-01     847          144 4.2E+08 5.1E+02 _
   7462  5053      1 1.0E+00   5055 (1.5E-12) 8.4E-05  4.4655421E-01     847          144 3.8E+08 5.1E+02 _
   7463  5054      1 1.0E+00   5056 (4.1E-13) 1.4E-04  4.4655421E-01     806     3    144 5.3E+08 5.1E+02 _
   7464  5055      1 1.0E+00   5057 (1.3E-12) 1.3E-04  4.4655421E-01     806          144 6.2E+08 5.1E+02 _
   7465  5056      1 1.0E+00   5058 (3.5E-12) 1.0E-04  4.4655421E-01     806          144 6.5E+08 5.1E+02 _
   7466  5057      1 1.0E+00   5059 (9.1E-13) 1.2E-04  4.4655421E-01     806          144 6.3E+08 5.1E+02 _
   7467  5058      1 1.0E+00   5060 (7.6E-13) 1.1E-04  4.4655421E-01     806          144 6.2E+08 5.1E+02 _
   7468  5059      1 1.0E+00   5061 (6.4E-12) 6.8E-05  4.4655421E-01     806          144 6.2E+08 5.1E+02 _

   Itns Major Minors    Step   nCon Feasible  Optimal  MeritFunction     L+U BSwap     nS condZHZ Penalty
   7469  5060      1 1.0E+00   5062 (6.3E-13) 9.1E-05  4.4655421E-01     806          144 6.6E+08 5.1E+02 _
   7470  5061      1 1.0E+00   5063 (3.5E-12) 1.1E-04  4.4655421E-01     806          144 5.7E+08 5.1E+02 _  R
   7471  5062      1 1.0E+00   5064 (5.2E-13) 7.0E-05  4.4655421E-01     806          144 5.7E+08 5.1E+02 _s
   7472  5063      1 1.0E+00   5065 (3.1E-13) 1.2E-04  4.4655421E-01     806          144 7.3E+08 5.1E+02 _
   7473  5064      1 1.0E+00   5066 (8.9E-13) 1.1E-04  4.4655421E-01     847     3    144 4.6E+08 5.1E+02 _
   7474  5065      1 1.0E+00   5067 (3.9E-13) 7.9E-05  4.4655421E-01     847          144 4.7E+08 5.1E+02 _
   7475  5066      1 1.0E+00   5068 (3.9E-13) 2.1E-04  4.4655421E-01     847          144 5.0E+08 5.1E+02 _
   7476  5067      1 1.0E+00   5069 (3.2E-13) 7.6E-05  4.4655421E-01     847          144 5.9E+08 5.1E+02 _
   7477  5068      1 1.0E+00   5070 (1.6E-12) 1.4E-04  4.4655421E-01     847          144 7.5E+08 5.1E+02 _
   7478  5069      1 1.0E+00   5071 (2.6E-12) 1.5E-04  4.4655421E-01     847          144 7.4E+08 5.1E+02 _
   7479  5070      1 1.0E+00   5072 (5.9E-13) 1.2E-04  4.4655421E-01     847          144 7.0E+08 5.1E+02 _
   7480  5071      1 1.0E+00   5073 (3.2E-13) 1.2E-04  4.4655421E-01     847          144 7.1E+08 5.1E+02 _
   7481  5072      1 1.0E+00   5074 (7.4E-13) 1.0E-04  4.4655421E-01     847          144 2.6E+08 5.1E+02 _  R
   7482  5073      1 1.0E+00   5075 (5.1E-13) 1.0E-04  4.4655421E-01     847          144 2.8E+08 5.1E+02 _s
   7483  5074      1 1.0E+00   5076 (6.1E-14) 4.2E-05  4.4655421E-01     847          144 3.4E+08 5.1E+02 _
   7484  5075      1 1.0E+00   5077 (2.7E-13) 5.5E-05  4.4655421E-01     847          144 4.2E+08 5.1E+02 _
   7485  5076      1 1.0E+00   5078 (8.1E-13) 8.3E-05  4.4655421E-01     847          144 5.0E+08 5.1E+02 _
   7486  5077      1 1.0E+00   5079 (8.3E-13) 5.8E-05  4.4655421E-01     847          144 5.4E+08 5.1E+02 _
   7487  5078      1 1.0E+00   5080 (9.9E-13) 2.8E-05  4.4655421E-01     847          144 5.8E+08 5.1E+02 _
   7488  5079      1 1.0E+00   5081 (2.1E-12) 6.3E-05  4.4655421E-01     847          144 6.1E+08 5.1E+02 _

   Itns Major Minors    Step   nCon Feasible  Optimal  MeritFunction     L+U BSwap     nS condZHZ Penalty
   7489  5080      1 1.0E+00   5082 (4.1E-12) 1.1E-04  4.4655421E-01     847          144 6.3E+08 5.1E+02 _
   7490  5081      1 1.0E+00   5083 (6.7E-12) 9.2E-05  4.4655421E-01     847          144 6.6E+08 5.1E+02 _
   7491  5082      1 1.0E+00   5084 (6.0E-12) 8.2E-05  4.4655421E-01     847          144 6.8E+08 5.1E+02 _
   7492  5083      1 1.0E+00   5085 (2.7E-12) 1.4E-04  4.4655421E-01     847          144 2.8E+08 5.1E+02 _  R
   7493  5084      1 1.0E+00   5086 (1.4E-13) 1.3E-04  4.4655421E-01     847          144 3.3E+08 5.1E+02 _s
   7494  5085      1 1.0E+00   5087 (1.9E-12) 8.0E-05  4.4655421E-01     847          144 4.0E+08 5.1E+02 _
   7495  5086      1 1.0E+00   5088 (2.5E-12) 3.2E-04  4.4655421E-01     847          144 4.8E+08 5.1E+02 _
   7496  5087      1 1.0E+00   5089 (1.7E-12) 2.1E-04  4.4655421E-01     847          144 5.8E+08 5.1E+02 _
   7497  5088      1 1.0E+00   5090 (4.1E-12) 5.6E-04  4.4655421E-01     847          144 9.1E+08 5.1E+02 _
   7498  5089      1 1.0E+00   5091 (6.4E-13) 2.1E-04  4.4655421E-01     847          144 9.1E+08 5.1E+02 _
   7499  5090      1 1.0E+00   5092 (4.5E-13) 1.9E-04  4.4655421E-01     847          144 9.4E+08 5.1E+02 _
   7500  5091      1 1.0E+00   5093 (2.6E-13) 1.0E-04  4.4655421E-01     847          144 1.0E+09 5.1E+02 _
   7501  5092      1 1.0E+00   5094 (8.8E-13) 1.7E-04  4.4655421E-01     847          144 1.0E+09 5.1E+02 _
   7502  5093      1 1.0E+00   5095 (8.3E-13) 1.3E-04  4.4655421E-01     847          144 1.2E+09 5.1E+02 _
   7503  5094      1 1.0E+00   5096 (7.1E-13) 1.9E-04  4.4655421E-01     847          144 5.8E+08 5.1E+02 _  R
   7504  5095      1 1.0E+00   5097 (9.1E-13) 1.6E-04  4.4655421E-01     847          144 5.8E+08 5.1E+02 _s
   7505  5096      1 1.0E+00   5098 (1.1E-13) 8.1E-05  4.4655421E-01     847          144 6.2E+08 5.1E+02 _
   7506  5097      1 1.0E+00   5099 (1.1E-13) 5.6E-05  4.4655421E-01     847          144 8.6E+08 5.1E+02 _
   7507  5098      1 1.0E+00   5100 (4.3E-13) 8.5E-05  4.4655421E-01     847          144 9.4E+08 5.1E+02 _
   7508  5099      1 1.0E+00   5101 (3.5E-13) 6.8E-05  4.4655421E-01     847          144 8.9E+08 5.1E+02 _

   Itns Major Minors    Step   nCon Feasible  Optimal  MeritFunction     L+U BSwap     nS condZHZ Penalty
   7509  5100      1 1.0E+00   5102 (2.8E-13) 4.1E-05  4.4655421E-01     847          144 1.0E+09 5.1E+02 _
   7510  5101      1 1.0E+00   5103 (1.0E-12) 9.5E-05  4.4655421E-01     847          144 1.3E+09 5.1E+02 _
   7511  5102      1 1.0E+00   5104 (3.7E-12) 1.2E-04  4.4655421E-01     847          144 1.6E+09 5.1E+02 _
   7512  5103      1 1.0E+00   5105 (4.8E-12) 1.4E-04  4.4655421E-01     847          144 1.6E+09 5.1E+02 _
   7513  5104      1 1.0E+00   5106 (2.4E-12) 5.6E-05  4.4655421E-01     847          144 1.4E+09 5.1E+02 _
   7514  5105      1 1.0E+00   5107 (8.3E-13) 6.8E-05  4.4655421E-01     847          144 6.0E+08 5.1E+02 _  R
   7515  5106      1 1.0E+00   5108 (2.6E-13) 5.8E-05  4.4655421E-01     847          144 6.0E+08 5.1E+02 _s
   7516  5107      1 1.0E+00   5109 (2.5E-12) 1.8E-04  4.4655421E-01     847          144 8.2E+08 5.1E+02 _
   7517  5108      1 1.0E+00   5110 (4.4E-12) 2.1E-04  4.4655421E-01     847          144 8.3E+08 5.1E+02 _
   7518  5109      1 1.0E+00   5111 (6.6E-13) 2.2E-04  4.4655421E-01     847          144 8.4E+08 5.1E+02 _
   7519  5110      1 3.5E-01   5112 (8.2E-13) 1.2E-04  4.4655421E-01     847          144 8.0E+08 5.1E+02 _
   7520  5111      1 1.0E+00   5113 (2.2E-13) 1.2E-04  4.4655421E-01     847          144 8.5E+08 5.1E+02 _
   7521  5112      1 1.0E+00   5114 (1.5E-12) 2.3E-04  4.4655421E-01     847          144 1.0E+09 5.1E+02 _
   7522  5113      1 1.0E+00   5115 (8.1E-13) 1.3E-04  4.4655421E-01     847          144 1.2E+09 5.1E+02 _
   7523  5114      1 1.0E+00   5116 (5.0E-13) 2.3E-04  4.4655421E-01     847          144 1.3E+09 5.1E+02 _
   7524  5115      1 1.0E+00   5117 (1.9E-13) 1.7E-04  4.4655421E-01     847          144 1.2E+09 5.1E+02 _
   7525  5116      1 1.0E+00   5118 (3.8E-12) 2.1E-04  4.4655421E-01     847          144 6.6E+08 5.1E+02 _  R
   7526  5117      1 1.0E+00   5119 (2.5E-12) 1.8E-04  4.4655421E-01     847          144 6.7E+08 5.1E+02 _s
   7527  5118      1 1.0E+00   5120 (5.7E-13) 4.7E-05  4.4655421E-01     847          144 7.0E+08 5.1E+02 _
   7528  5119      1 1.0E+00   5121 (7.2E-14) 2.4E-05  4.4655421E-01     847          144 9.5E+08 5.1E+02 _

   Itns Major Minors    Step   nCon Feasible  Optimal  MeritFunction     L+U BSwap     nS condZHZ Penalty
   7529  5120      1 1.0E+00   5122 (7.6E-13) 6.5E-05  4.4655421E-01     847          144 1.2E+09 5.1E+02 _
   7530  5121      1 1.0E+00   5123 (6.2E-13) 7.4E-05  4.4655421E-01     847          144 1.5E+09 5.1E+02 _
   7531  5122      1 1.0E+00   5124 (1.7E-13) 3.6E-05  4.4655421E-01     847          144 1.9E+09 5.1E+02 _
   7532  5123      1 1.0E+00   5125 (2.7E-13) 6.5E-05  4.4655421E-01     847          144 2.2E+09 5.1E+02 _
   7533  5124      1 1.0E+00   5126 (8.8E-13) 1.5E-04  4.4655421E-01     847          144 2.5E+09 5.1E+02 _
   7534  5125      1 1.0E+00   5127 (1.7E-12) 1.7E-04  4.4655421E-01     847          144 2.4E+09 5.1E+02 _
   7535  5126      1 1.0E+00   5128 (1.5E-12) 9.4E-05  4.4655421E-01     847          144 2.3E+09 5.1E+02 _
   7536  5127      1 1.0E+00   5129 (7.6E-13) 4.5E-05  4.4655421E-01     847          144 7.5E+08 5.1E+02 _  R
   7537  5128      1 1.0E+00   5130 (9.2E-14) 3.7E-05  4.4655421E-01     847          144 9.0E+08 5.1E+02 _s
   7538  5129      1 1.0E+00   5131 (8.5E-12) 2.6E-04  4.4655421E-01     847          144 9.4E+08 5.1E+02 _
   7539  5130      1 4.2E-01   5132 (4.4E-12) 7.7E-05  4.4655421E-01     847          144 9.1E+08 5.1E+02 _
   7540  5131      1 1.0E+00   5133 (1.8E-12) 2.6E-04  4.4655421E-01     847          144 1.1E+09 5.1E+02 _
   7541  5132      1 4.2E-01   5134 (7.6E-13) 1.4E-04  4.4655421E-01     847          144 9.6E+08 5.1E+02 _
   7542  5133      1 1.0E+00   5135 (1.1E-12) 2.8E-04  4.4655421E-01     847          144 1.0E+09 5.1E+02 _
   7543  5134      1 1.0E+00   5136 (2.6E-12) 2.7E-04  4.4655421E-01     847          144 1.0E+09 5.1E+02 _
   7544  5135      1 1.0E+00   5137 (1.8E-12) 2.8E-04  4.4655421E-01     847          144 1.1E+09 5.1E+02 _
   7545  5136      1 1.0E+00   5138 (1.2E-12) 2.9E-04  4.4655421E-01     847          144 1.1E+09 5.1E+02 _
   7546  5137      1 1.0E+00   5139 (2.2E-12) 3.1E-04  4.4655421E-01     847          144 1.1E+09 5.1E+02 _
   7547  5138      1 1.0E+00   5140 (2.9E-12) 6.9E-04  4.4655421E-01     847          144 8.4E+08 5.1E+02 _  R
   7548  5139      1 3.6E-01   5141 (2.2E-12) 2.6E-04  4.4655421E-01     847          144 8.0E+08 5.1E+02 _s

   Itns Major Minors    Step   nCon Feasible  Optimal  MeritFunction     L+U BSwap     nS condZHZ Penalty
   7549  5140      1 1.0E+00   5142 (2.3E-13) 5.5E-05  4.4655421E-01     847          144 8.3E+08 5.1E+02 _
   7550  5141      1 1.0E+00   5143 (2.2E-13) 1.4E-04  4.4655421E-01     847          144 9.0E+08 5.1E+02 _
   7551  5142      1 1.0E+00   5144 (6.8E-14) 2.7E-04  4.4655421E-01     847          144 8.9E+08 5.1E+02 _
   7552  5143      1 1.0E+00   5145 (1.9E-13) 2.6E-04  4.4655421E-01     847          144 8.0E+08 5.1E+02 _
   7553  5144      1 1.0E+00   5146 (1.0E-12) 1.0E-04  4.4655421E-01     847          144 1.3E+09 5.1E+02 _
   7555  5145      2 1.0E+00   5147 (2.4E-12) 1.6E-04  4.4655421E-01     847          144 2.1E+09 5.1E+02 _
   7556  5146      1 1.0E+00   5148 (1.6E-12) 3.5E-04  4.4655421E-01     847          144 2.7E+09 5.1E+02 _
   7557  5147      1 1.0E+00   5149 (5.3E-13) 3.2E-04  4.4655421E-01     847          144 2.5E+09 5.1E+02 _
   7558  5148      1 1.0E+00   5150 (6.7E-13) 9.9E-05  4.4655421E-01     847          144 2.2E+09 5.1E+02 _
   7559  5149      1 1.0E+00   5151 (1.4E-12) 1.8E-04  4.4655421E-01     847          144 6.9E+08 5.1E+02 _  R
   7560  5150      1 1.0E+00   5152 (2.3E-13) 6.9E-05  4.4655421E-01     847          144 8.9E+08 5.1E+02 _s
   7561  5151      1 1.0E+00   5153 (9.1E-12) 4.5E-04  4.4655421E-01     847          144 1.1E+09 5.1E+02 _
   7562  5152      1 1.0E+00   5154 (4.4E-12) 2.4E-04  4.4655421E-01     847          144 1.0E+09 5.1E+02 _
   7563  5153      1 4.0E-01   5155 (2.7E-12) 1.7E-04  4.4655421E-01     847          144 1.0E+09 5.1E+02 _
   7564  5154      1 1.0E+00   5156 (5.2E-13) 1.9E-04  4.4655421E-01     847          144 1.2E+09 5.1E+02 _
   7565  5155      1 1.0E+00   5157 (2.2E-12) 4.0E-04  4.4655421E-01     847          144 1.5E+09 5.1E+02 _
   7566  5156      1 1.0E+00   5158 (1.8E-12) 2.1E-04  4.4655421E-01     847          144 1.5E+09 5.1E+02 _
   7567  5157      1 4.1E-01   5159 (1.2E-12) 1.3E-04  4.4655421E-01     847          144 1.5E+09 5.1E+02 _
   7568  5158      1 1.0E+00   5160 (2.3E-12) 2.4E-04  4.4655421E-01     847          144 1.6E+09 5.1E+02 _
   7569  5159      1 1.0E+00   5161 (5.2E-13) 1.9E-04  4.4655421E-01     847          144 1.5E+09 5.1E+02 _

   Itns Major Minors    Step   nCon Feasible  Optimal  MeritFunction     L+U BSwap     nS condZHZ Penalty
   7570  5160      1 1.0E+00   5162 (6.5E-13) 3.7E-04  4.4655421E-01     847          144 6.2E+08 5.1E+02 _  R
   7571  5161      1 4.0E-01   5163 (8.1E-13) 1.7E-04  4.4655421E-01     847          144 6.1E+08 5.1E+02 _s
   7572  5162      1 1.0E+00   5164 (1.2E-13) 4.1E-05  4.4655421E-01     847          144 6.1E+08 5.1E+02 _
   7573  5163      1 1.0E+00   5165 (6.4E-14) 6.6E-05  4.4655421E-01     847          144 6.8E+08 5.1E+02 _
   7574  5164      1 1.0E+00   5166 (7.3E-13) 4.7E-04  4.4655421E-01     847          144 8.7E+08 5.1E+02 _
   7576  5165      2 1.0E+00   5167 (7.8E-13) 5.8E-04  4.4655421E-01     847          144 1.4E+09 5.1E+02 _
   7577  5166      1 1.0E+00   5168 (2.4E-12) 5.2E-04  4.4655421E-01     847          144 2.0E+09 5.1E+02 _
   7578  5167      1 1.0E+00   5169 (2.0E-12) 2.0E-04  4.4655421E-01     847          144 2.6E+09 5.1E+02 _
   7579  5168      1 1.0E+00   5170 (8.0E-13) 2.7E-04  4.4655421E-01     847          144 3.0E+09 5.1E+02 _
   7581  5169      2 1.0E+00   5171 (4.3E-13) 4.2E-04  4.4655421E-01     847          144 2.9E+09 5.1E+02 _
   7582  5170      1 1.0E+00   5172 (6.6E-13) 3.2E-04  4.4655421E-01     847          144 2.6E+09 5.1E+02 _
   7583  5171      1 1.0E+00   5173 (5.7E-13) 6.1E-05  4.4655421E-01     847          144 6.0E+08 5.1E+02 _  R
   7584  5172      1 1.0E+00   5174 (1.8E-13) 4.6E-05  4.4655421E-01     847          144 9.3E+08 5.1E+02 _s
   7585  5173      1 4.3E-01   5175 (9.3E-13) 2.4E-04  4.4655421E-01     847          144 9.8E+08 5.1E+02 _
   7586  5174      1 1.0E+00   5176 (1.6E-12) 2.6E-04  4.4655421E-01     847          144 1.1E+09 5.1E+02 _
   7587  5175      1 1.0E+00   5177 (1.8E-12) 3.1E-04  4.4655421E-01     847          144 1.1E+09 5.1E+02 _
   7588  5176      1 1.0E+00   5178 (1.1E-12) 2.3E-04  4.4655421E-01     847          144 1.1E+09 5.1E+02 _
   7589  5177      1 4.2E-01   5179 (7.2E-13) 2.0E-04  4.4655421E-01     847          144 1.2E+09 5.1E+02 _
   7590  5178      1 4.6E-01   5180 (2.7E-13) 1.3E-04  4.4655421E-01     847          144 1.3E+09 5.1E+02 _
   7591  5179      1 1.0E+00   5181 (1.9E-12) 2.1E-04  4.4655421E-01     847          144 1.5E+09 5.1E+02 _

   Itns Major Minors    Step   nCon Feasible  Optimal  MeritFunction     L+U BSwap     nS condZHZ Penalty
   7592  5180      1 1.0E+00   5182 (1.2E-12) 2.1E-04  4.4655421E-01     847          144 1.5E+09 5.1E+02 _
   7593  5181      1 1.0E+00   5183 (1.2E-12) 2.0E-04  4.4655421E-01     847          144 1.5E+09 5.1E+02 _
   7594  5182      1 1.0E+00   5184 (1.4E-12) 2.6E-04  4.4655421E-01     847          144 6.3E+08 5.1E+02 _  R
   7595  5183      1 4.7E-01   5185 (7.3E-13) 6.4E-05  4.4655421E-01     847          144 6.2E+08 5.1E+02 _s
   7596  5184      1 1.0E+00   5186 (5.9E-14) 6.0E-05  4.4655421E-01     847          144 6.2E+08 5.1E+02 _
   7597  5185      1 1.0E+00   5187 (8.6E-14) 1.6E-04  4.4655421E-01     847          144 9.2E+08 5.1E+02 _
   7598  5186      1 1.0E+00   5188 (5.5E-13) 3.3E-04  4.4655421E-01     847          144 1.5E+09 5.1E+02 _
   7599  5187      1 1.0E+00   5189 (6.3E-13) 3.1E-04  4.4655421E-01     847          144 2.2E+09 5.1E+02 _
   7601  5188      2 1.0E+00   5190 (8.9E-13) 1.4E-04  4.4655421E-01     847          144 2.2E+09 5.1E+02 _
   7602  5189      1 1.0E+00   5191 (2.5E-13) 8.6E-05  4.4655421E-01     847          144 2.2E+09 5.1E+02 _
   7603  5190      1 1.0E+00   5192 (2.8E-13) 1.8E-04  4.4655421E-01     847          144 2.1E+09 5.1E+02 _
   7604  5191      1 1.0E+00   5193 (8.3E-13) 3.0E-04  4.4655421E-01     847          144 2.0E+09 5.1E+02 _
   7605  5192      1 1.0E+00   5194 (3.4E-12) 3.9E-04  4.4655421E-01     847          144 2.0E+09 5.1E+02 _
   7607  5193      2 1.0E+00   5195 (3.9E-12) 3.4E-04  4.4655421E-01     847          144 5.6E+08 5.1E+02 _  R
   7608  5194      1 1.0E+00   5196 (1.7E-12) 1.2E-04  4.4655421E-01     847          144 5.6E+08 5.1E+02 _s
   7609  5195      1 1.0E+00   5197 (7.3E-12) 2.1E-04  4.4655421E-01     847          144 5.8E+08 5.1E+02 _
   7610  5196      1 1.0E+00   5198 (1.1E-12) 2.4E-04  4.4655421E-01     847          144 6.1E+08 5.1E+02 _
   7611  5197      1 1.0E+00   5199 (6.2E-13) 1.2E-04  4.4655421E-01     847          144 6.9E+08 5.1E+02 _
   7612  5198      1 1.0E+00   5200 (2.1E-13) 1.1E-04  4.4655421E-01     847          144 6.9E+08 5.1E+02 _
   7613  5199      1 1.0E+00   5201 (2.8E-13) 1.3E-04  4.4655421E-01     847          144 7.7E+08 5.1E+02 _

   Itns Major Minors    Step   nCon Feasible  Optimal  MeritFunction     L+U BSwap     nS condZHZ Penalty
   7614  5200      1 1.0E+00   5202 (5.6E-13) 1.8E-04  4.4655421E-01     847          144 1.0E+09 5.1E+02 _
   7616  5201      2 1.0E+00   5203 (6.3E-13) 2.6E-04  4.4655421E-01     847          144 1.5E+09 5.1E+02 _
   7618  5202      2 1.0E+00   5204 (2.7E-12) 1.2E-04  4.4655421E-01     847          144 1.7E+09 5.1E+02 _
   7620  5203      2 1.0E+00   5205 (1.8E-12) 1.1E-04  4.4655421E-01     847          144 1.9E+09 5.1E+02 _
   7621  5204      1 1.0E+00   5206 (7.7E-13) 1.3E-04  4.4655421E-01     847          144 5.5E+08 5.1E+02 _  R
   7622  5205      1 1.0E+00   5207 (2.2E-13) 1.4E-04  4.4655421E-01     806     3    144 5.4E+08 5.1E+02 _s
   7623  5206      1 1.0E+00   5208 (2.8E-13) 1.1E-04  4.4655421E-01     806          144 8.3E+08 5.1E+02 _
   7624  5207      1 1.0E+00   5209 (3.6E-12) 2.4E-04  4.4655421E-01     806          144 1.1E+09 5.1E+02 _
   7625  5208      1 1.0E+00   5210 (9.2E-13) 1.3E-04  4.4655421E-01     806          144 1.1E+09 5.1E+02 _
   7626  5209      1 1.0E+00   5211 (7.8E-13) 8.5E-05  4.4655421E-01     806          144 1.1E+09 5.1E+02 _
   7627  5210      1 1.0E+00   5212 (1.8E-12) 1.4E-04  4.4655421E-01     806          144 1.1E+09 5.1E+02 _
   7628  5211      1 1.0E+00   5213 (3.5E-13) 1.6E-04  4.4655421E-01     806          144 1.1E+09 5.1E+02 _
   7629  5212      1 1.0E+00   5214 (2.0E-13) 8.3E-05  4.4655421E-01     806          144 1.2E+09 5.1E+02 _
   7630  5213      1 1.0E+00   5215 (5.1E-13) 8.5E-05  4.4655421E-01     806          144 1.2E+09 5.1E+02 _
   7631  5214      1 1.0E+00   5216 (3.2E-13) 1.1E-04  4.4655421E-01     806          144 1.4E+09 5.1E+02 _
   7632  5215      1 1.0E+00   5217 (1.5E-13) 1.7E-04  4.4655421E-01     847     3    144 5.9E+08 5.1E+02 _  R
   7633  5216      1 1.0E+00   5218 (9.7E-13) 1.1E-04  4.4655421E-01     847          144 6.4E+08 5.1E+02 _s
   7634  5217      1 1.0E+00   5219 (1.8E-12) 1.3E-04  4.4655421E-01     847          144 7.3E+08 5.1E+02 _
   7635  5218      1 1.0E+00   5220 (4.8E-13) 1.5E-04  4.4655421E-01     847          144 7.6E+08 5.1E+02 _
   7636  5219      1 1.0E+00   5221 (1.1E-13) 1.0E-04  4.4655421E-01     847          144 8.7E+08 5.1E+02 _

   Itns Major Minors    Step   nCon Feasible  Optimal  MeritFunction     L+U BSwap     nS condZHZ Penalty
   7637  5220      1 1.0E+00   5222 (1.2E-12) 1.9E-04  4.4655421E-01     847          144 9.5E+08 5.1E+02 _
   7638  5221      1 1.0E+00   5223 (1.5E-13) 9.2E-05  4.4655421E-01     847          144 9.7E+08 5.1E+02 _
   7639  5222      1 1.0E+00   5224 (9.7E-13) 1.8E-04  4.4655421E-01     847          144 1.0E+09 5.1E+02 _
   7640  5223      1 1.0E+00   5225 (2.9E-12) 2.1E-04  4.4655421E-01     847          144 1.0E+09 5.1E+02 _
   7641  5224      1 1.0E+00   5226 (4.1E-13) 1.2E-04  4.4655421E-01     847          144 9.7E+08 5.1E+02 _
   7642  5225      1 1.0E+00   5227 (5.2E-13) 1.9E-04  4.4655421E-01     847          144 1.1E+09 5.1E+02 _
   7643  5226      1 1.0E+00   5228 (1.9E-13) 2.5E-04  4.4655421E-01     847          144 6.1E+08 5.1E+02 _  R
   7644  5227      1 1.0E+00   5229 (5.6E-13) 8.0E-05  4.4655421E-01     847          144 6.9E+08 5.1E+02 _s
   7645  5228      1 1.0E+00   5230 (8.1E-13) 2.0E-04  4.4655421E-01     847          144 9.2E+08 5.1E+02 _
   7646  5229      1 1.0E+00   5231 (7.4E-13) 2.6E-04  4.4655421E-01     847          144 1.1E+09 5.1E+02 _
   7648  5230      2 1.0E+00   5232 (9.0E-13) 1.0E-04  4.4655421E-01     847          144 1.2E+09 5.1E+02 _
   7649  5231      1 1.0E+00   5233 (1.1E-13) 1.1E-04  4.4655421E-01     847          144 1.1E+09 5.1E+02 _
   7650  5232      1 1.0E+00   5234 (1.7E-13) 1.5E-04  4.4655421E-01     847          144 1.1E+09 5.1E+02 _
   7651  5233      1 1.0E+00   5235 (4.1E-13) 1.1E-04  4.4655421E-01     847          144 1.1E+09 5.1E+02 _
   7652  5234      1 1.0E+00   5236 (2.8E-13) 8.0E-05  4.4655421E-01     847          144 1.1E+09 5.1E+02 _
   7653  5235      1 1.0E+00   5237 (1.4E-13) 1.1E-04  4.4655421E-01     847          144 1.1E+09 5.1E+02 _
   7654  5236      1 1.0E+00   5238 (1.3E-12) 1.6E-04  4.4655421E-01     847          144 1.1E+09 5.1E+02 _
   7655  5237      1 1.0E+00   5239 (4.7E-13) 2.6E-04  4.4655421E-01     847          144 5.7E+08 5.1E+02 _  R
   7656  5238      1 1.0E+00   5240 (1.6E-12) 1.4E-04  4.4655421E-01     847          144 5.6E+08 5.1E+02 _s
   7657  5239      1 1.0E+00   5241 (1.1E-12) 1.3E-04  4.4655421E-01     847          144 5.9E+08 5.1E+02 _

   Itns Major Minors    Step   nCon Feasible  Optimal  MeritFunction     L+U BSwap     nS condZHZ Penalty
   7658  5240      1 1.0E+00   5242 (6.7E-14) 7.2E-05  4.4655421E-01     847          144 7.0E+08 5.1E+02 _
   7660  5241      2 1.0E+00   5243 (7.4E-14) 8.4E-05  4.4655421E-01     847          144 1.0E+09 5.1E+02 _
   7662  5242      2 1.0E+00   5244 (1.1E-12) 1.5E-04  4.4655421E-01     847          144 9.8E+08 5.1E+02 _
   7663  5243      1 1.0E+00   5245 (1.8E-13) 1.6E-04  4.4655421E-01     847          144 9.8E+08 5.1E+02 _
   7664  5244      1 1.0E+00   5246 (3.8E-13) 6.8E-05  4.4655421E-01     847          144 9.7E+08 5.1E+02 _
   7665  5245      1 1.0E+00   5247 (9.3E-13) 7.7E-05  4.4655421E-01     847          144 9.7E+08 5.1E+02 _
   7666  5246      1 1.0E+00   5248 (1.9E-13) 1.1E-04  4.4655421E-01     847          144 1.0E+09 5.1E+02 _
   7667  5247      1 1.0E+00   5249 (3.6E-13) 1.1E-04  4.4655421E-01     847          144 1.0E+09 5.1E+02 _
   7668  5248      1 1.0E+00   5250 (8.7E-14) 5.5E-05  4.4655421E-01     847          144 5.2E+08 5.1E+02 _  R
   7669  5249      1 1.0E+00   5251 (8.8E-14) 2.5E-05  4.4655421E-01     847          144 6.7E+08 5.1E+02 _s
   7670  5250      1 1.0E+00   5252 (6.8E-13) 1.8E-04  4.4655421E-01     847          144 6.1E+08 5.1E+02 _
   7671  5251      1 1.0E+00   5253 (8.5E-13) 1.9E-04  4.4655421E-01     847          144 6.2E+08 5.1E+02 _
   7672  5252      1 4.8E-01   5254 (1.2E-12) 1.8E-04  4.4655421E-01     847          144 6.4E+08 5.1E+02 _
   7673  5253      1 4.4E-01   5255 (6.6E-13) 1.1E-04  4.4655421E-01     847          144 6.1E+08 5.1E+02 _
   7674  5254      1 1.0E+00   5256 (3.5E-13) 1.8E-04  4.4655421E-01     847          144 6.1E+08 5.1E+02 _
   7675  5255      1 1.0E+00   5257 (1.3E-12) 2.4E-04  4.4655421E-01     847          144 6.0E+08 5.1E+02 _
   7676  5256      1 1.0E+00   5258 (1.7E-12) 2.6E-04  4.4655421E-01     847          144 6.0E+08 5.1E+02 _
   7677  5257      1 4.3E-01   5259 (8.7E-13) 1.2E-04  4.4655421E-01     847          144 6.0E+08 5.1E+02 _
   7678  5258      1 4.7E-01   5260 (5.2E-13) 9.7E-05  4.4655421E-01     847          144 6.1E+08 5.1E+02 _
   7679  5259      1 1.0E+00   5261 (9.4E-13) 2.0E-04  4.4655421E-01     847          144 3.9E+08 5.1E+02 _  R

   Itns Major Minors    Step   nCon Feasible  Optimal  MeritFunction     L+U BSwap     nS condZHZ Penalty
   7680  5260      1 4.5E-01   5262 (6.7E-13) 5.6E-05  4.4655421E-01     847          144 4.0E+08 5.1E+02 _s
   7681  5261      1 1.0E+00   5263 (8.5E-14) 6.0E-05  4.4655421E-01     847          144 4.3E+08 5.1E+02 _
   7682  5262      1 1.0E+00   5264 (6.8E-14) 9.9E-05  4.4655421E-01     847          144 5.2E+08 5.1E+02 _
   7683  5263      1 1.0E+00   5265 (4.9E-13) 1.4E-04  4.4655421E-01     847          144 6.3E+08 5.1E+02 _
   7684  5264      1 1.0E+00   5266 (1.9E-13) 1.2E-04  4.4655421E-01     847          144 6.8E+08 5.1E+02 _
   7685  5265      1 1.0E+00   5267 (3.8E-13) 1.0E-04  4.4655421E-01     847          144 6.7E+08 5.1E+02 _
   7686  5266      1 1.0E+00   5268 (2.6E-13) 9.6E-05  4.4655421E-01     847          144 6.5E+08 5.1E+02 _
   7687  5267      1 1.0E+00   5269 (4.5E-13) 7.3E-05  4.4655421E-01     847          144 6.8E+08 5.1E+02 _
   7688  5268      1 1.0E+00   5270 (1.2E-13) 1.0E-04  4.4655421E-01     847          144 7.1E+08 5.1E+02 _
   7689  5269      1 1.0E+00   5271 (3.8E-13) 8.3E-05  4.4655421E-01     847          144 7.2E+08 5.1E+02 _
   7690  5270      1 1.0E+00   5272 (3.5E-13) 7.4E-05  4.4655421E-01     847          144 4.0E+08 5.1E+02 _  R
   7691  5271      1 1.0E+00   5273 (5.6E-14) 6.6E-05  4.4655421E-01     819     2    144 4.5E+08 5.1E+02 _s
   7692  5272      1 1.0E+00   5274 (1.9E-13) 1.1E-04  4.4655421E-01     819          144 5.8E+08 5.1E+02 _
   7693  5273      1 1.0E+00   5275 (2.5E-13) 1.2E-04  4.4655421E-01     819          144 6.3E+08 5.1E+02 _
   7694  5274      1 1.0E+00   5276 (4.5E-13) 5.6E-05  4.4655421E-01     819          144 6.2E+08 5.1E+02 _
   7695  5275      1 1.0E+00   5277 (1.0E-13) 4.8E-05  4.4655421E-01     819          144 6.6E+08 5.1E+02 _
   7696  5276      1 1.0E+00   5278 (5.8E-13) 1.1E-04  4.4655421E-01     819          144 6.7E+08 5.1E+02 _
   7697  5277      1 1.0E+00   5279 (2.9E-13) 7.3E-05  4.4655421E-01     819          144 6.8E+08 5.1E+02 _
   7698  5278      1 1.0E+00   5280 (1.0E-13) 2.9E-05  4.4655421E-01     819          144 7.2E+08 5.1E+02 _
   7699  5279      1 1.0E+00   5281 (1.7E-13) 4.5E-05  4.4655421E-01     819          144 7.5E+08 5.1E+02 _

   Itns Major Minors    Step   nCon Feasible  Optimal  MeritFunction     L+U BSwap     nS condZHZ Penalty
   7700  5280      1 1.0E+00   5282 (1.5E-13) 5.9E-05  4.4655421E-01     819          144 8.3E+08 5.1E+02 _
   7701  5281      1 1.0E+00   5283 (3.3E-13) 7.3E-05  4.4655421E-01     806     1    144 4.0E+08 5.1E+02 _  R
   7702  5282      1 1.0E+00   5284 (2.2E-13) 7.6E-05  4.4655421E-01     806          144 4.1E+08 5.1E+02 _s
   7703  5283      1 1.0E+00   5285 (2.5E-13) 8.1E-05  4.4655421E-01     806          144 4.3E+08 5.1E+02 _
   7704  5284      1 1.0E+00   5286 (8.9E-14) 1.0E-04  4.4655421E-01     806          144 4.6E+08 5.1E+02 _
   7705  5285      1 1.0E+00   5287 (2.5E-13) 5.4E-05  4.4655421E-01     806          144 4.8E+08 5.1E+02 _
   7706  5286      1 1.0E+00   5288 (1.7E-13) 7.6E-05  4.4655421E-01     806          144 5.4E+08 5.1E+02 _
   7707  5287      1 1.0E+00   5289 (2.9E-13) 1.5E-04  4.4655421E-01     806          144 5.6E+08 5.1E+02 _
   7708  5288      1 1.0E+00   5290 (1.5E-13) 5.4E-05  4.4655421E-01     806          144 5.3E+08 5.1E+02 _
   7709  5289      1 1.0E+00   5291 (2.8E-13) 3.9E-05  4.4655421E-01     806          144 5.8E+08 5.1E+02 _
   7710  5290      1 1.0E+00   5292 (6.5E-13) 1.3E-04  4.4655421E-01     847     3    144 6.3E+08 5.1E+02 _
   7711  5291      1 1.0E+00   5293 (1.2E-13) 6.1E-05  4.4655421E-01     847          144 7.6E+08 5.1E+02 _
   7712  5292      1 1.0E+00   5294 (2.0E-13) 7.9E-05  4.4655421E-01     847          144 5.0E+08 5.1E+02 _  R
   7713  5293      1 1.0E+00   5295 (5.7E-13) 4.4E-05  4.4655421E-01     847          144 5.0E+08 5.1E+02 _s
   7714  5294      1 1.0E+00   5296 (2.9E-13) 6.3E-05  4.4655421E-01     847          144 5.3E+08 5.1E+02 _
   7715  5295      1 1.0E+00   5297 (1.5E-13) 6.3E-05  4.4655421E-01     847          144 5.7E+08 5.1E+02 _
   7716  5296      1 1.0E+00   5298 (1.1E-13) 8.3E-05  4.4655421E-01     847          144 5.9E+08 5.1E+02 _
   7717  5297      1 1.0E+00   5299 (9.4E-14) 3.8E-05  4.4655421E-01     847          144 6.1E+08 5.1E+02 _
   7718  5298      1 1.0E+00   5300 (2.5E-13) 6.9E-05  4.4655421E-01     847          144 6.4E+08 5.1E+02 _
   7719  5299      1 1.0E+00   5301 (1.6E-13) 1.1E-04  4.4655421E-01     847          144 7.0E+08 5.1E+02 _

   Itns Major Minors    Step   nCon Feasible  Optimal  MeritFunction     L+U BSwap     nS condZHZ Penalty
   7720  5300      1 1.0E+00   5302 (2.0E-13) 4.1E-05  4.4655421E-01     847          144 6.7E+08 5.1E+02 _
   7721  5301      1 1.0E+00   5303 (2.3E-13) 4.1E-05  4.4655421E-01     847          144 7.1E+08 5.1E+02 _
   7722  5302      1 1.0E+00   5304 (1.6E-13) 6.1E-05  4.4655421E-01     847          144 7.8E+08 5.1E+02 _
   7723  5303      1 1.0E+00   5305 (6.0E-14) 4.8E-05  4.4655421E-01     847          144 5.6E+08 5.1E+02 _  R
   7724  5304      1 1.0E+00   5306 (7.4E-14) 3.2E-05  4.4655421E-01     847          144 5.9E+08 5.1E+02 _s
   7725  5305      1 1.0E+00   5307 (6.7E-14) 6.1E-05  4.4655421E-01     847          144 7.9E+08 5.1E+02 _
   7726  5306      1 1.0E+00   5308 (9.3E-14) 6.1E-05  4.4655421E-01     847          144 7.6E+08 5.1E+02 _
   7727  5307      1 1.0E+00   5309 (7.3E-14) 6.4E-05  4.4655421E-01     847          144 7.4E+08 5.1E+02 _
   7728  5308      1 1.0E+00   5310 (2.6E-13) 5.7E-05  4.4655421E-01     847          144 7.4E+08 5.1E+02 _
   7729  5309      1 1.0E+00   5311 (5.3E-13) 1.2E-04  4.4655421E-01     847          144 7.4E+08 5.1E+02 _
   7730  5310      1 1.0E+00   5312 (9.3E-14) 5.4E-05  4.4655421E-01     847          144 7.7E+08 5.1E+02 _
   7731  5311      1 1.0E+00   5313 (6.8E-14) 6.1E-05  4.4655421E-01     847          144 8.1E+08 5.1E+02 _
   7732  5312      1 1.0E+00   5314 (1.3E-13) 7.6E-05  4.4655421E-01     847          144 8.7E+08 5.1E+02 _
   7733  5313      1 1.0E+00   5315 (1.7E-13) 8.1E-05  4.4655421E-01     847          144 9.3E+08 5.1E+02 _
   7734  5314      1 1.0E+00   5316 (1.5E-13) 7.6E-05  4.4655421E-01     847          144 7.9E+08 5.1E+02 _  R
   7735  5315      1 1.0E+00   5317 (2.3E-13) 7.5E-05  4.4655421E-01     847          144 7.9E+08 5.1E+02 _s
   7736  5316      1 1.0E+00   5318 (7.9E-13) 7.5E-05  4.4655421E-01     847          144 9.2E+08 5.1E+02 _
   7737  5317      1 1.0E+00   5319 (8.9E-14) 6.2E-05  4.4655421E-01     847          144 1.1E+09 5.1E+02 _
   7738  5318      1 1.0E+00   5320 (8.4E-14) 3.9E-05  4.4655421E-01     847          144 1.0E+09 5.1E+02 _
   7739  5319      1 1.0E+00   5321 (5.6E-14) 4.9E-05  4.4655421E-01     819     2    144 1.0E+09 5.1E+02 _

   Itns Major Minors    Step   nCon Feasible  Optimal  MeritFunction     L+U BSwap     nS condZHZ Penalty
   7740  5320      1 1.0E+00   5322 (6.2E-14) 5.0E-05  4.4655421E-01     819          144 1.0E+09 5.1E+02 _
   7741  5321      1 1.0E+00   5323 (1.7E-13) 7.1E-05  4.4655421E-01     819          144 1.0E+09 5.1E+02 _
   7742  5322      1 1.0E+00   5324 (1.3E-13) 6.9E-05  4.4655421E-01     819          144 1.1E+09 5.1E+02 _
   7743  5323      1 1.0E+00   5325 (6.6E-14) 3.0E-05  4.4655421E-01     819          144 1.3E+09 5.1E+02 _
   7744  5324      1 1.0E+00   5326 (8.5E-14) 3.4E-05  4.4655421E-01     819          144 1.3E+09 5.1E+02 _
   7745  5325      1 1.0E+00   5327 (6.6E-14) 2.7E-05  4.4655421E-01     819          144 8.7E+08 5.1E+02 _  R
   7746  5326      1 1.0E+00   5328 (5.6E-14) 2.2E-05  4.4655421E-01     819          144 8.7E+08 5.1E+02 _s
   7747  5327      1 1.0E+00   5329 (7.9E-14) 2.5E-05  4.4655421E-01     819          144 8.7E+08 5.1E+02 _
   7748  5328      1 1.0E+00   5330 (8.9E-14) 1.8E-05  4.4655421E-01     819          144 8.7E+08 5.1E+02 _
   7749  5329      1 1.0E+00   5331 (6.2E-14) 2.5E-05  4.4655421E-01     819          144 8.7E+08 5.1E+02 _
   7750  5330      1 1.0E+00   5332 (6.2E-14) 2.3E-05  4.4655421E-01     819          144 8.6E+08 5.1E+02 _
   7751  5331      1 1.0E+00   5333 (8.4E-14) 3.8E-05  4.4655421E-01     819          144 8.6E+08 5.1E+02 _
   7752  5332      1 1.0E+00   5334 (5.6E-14) 2.0E-05  4.4655421E-01     819          144 8.6E+08 5.1E+02 _
   7753  5333      1 1.0E+00   5335 (1.8E-13) 2.3E-05  4.4655421E-01     819          144 1.0E+09 5.1E+02 _
   7754  5334      1 1.0E+00   5336 (1.1E-13) 1.2E-04  4.4655421E-01     819          144 1.2E+09 5.1E+02 _
   7755  5335      1 1.0E+00   5337 (6.8E-14) 8.2E-05  4.4655421E-01     819          144 1.1E+09 5.1E+02 _
   7756  5336      1 1.0E+00   5338 (1.3E-13) 2.3E-05  4.4655421E-01     819          144 1.3E+09 5.1E+02 _  R
   7757  5337      1 1.0E+00   5339 (7.1E-14) 3.1E-05  4.4655421E-01     819          144 1.3E+09 5.1E+02 _s
   7758  5338      1 1.0E+00   5340 (2.8E-13) 4.0E-05  4.4655421E-01     847     2    144 7.8E+08 5.1E+02 _
   7759  5339      1 1.0E+00   5341 (5.6E-14) 4.4E-05  4.4655421E-01     847          144 7.8E+08 5.1E+02 _

   Itns Major Minors    Step   nCon Feasible  Optimal  MeritFunction     L+U BSwap     nS condZHZ Penalty
   7760  5340      1 1.0E+00   5342 (6.5E-14) 2.3E-05  4.4655421E-01     847          144 7.7E+08 5.1E+02 _
   7761  5341      1 1.0E+00   5343 (2.0E-13) 2.8E-05  4.4655421E-01     847          144 7.7E+08 5.1E+02 _
   7762  5342      1 1.0E+00   5344 (5.6E-14) 3.2E-05  4.4655421E-01     847          144 7.4E+08 5.1E+02 _
   7763  5343      1 1.0E+00   5345 (5.6E-14) 2.0E-05  4.4655421E-01     847          144 7.5E+08 5.1E+02 _
   7764  5344      1 1.0E+00   5346 (5.6E-14) 2.8E-05  4.4655421E-01     847          144 7.4E+08 5.1E+02 _
   7765  5345      1 1.0E+00   5347 (5.6E-14) 2.7E-05  4.4655421E-01     847          144 7.4E+08 5.1E+02 _
   7766  5346      1 1.0E+00   5348 (5.6E-14) 1.3E-05  4.4655421E-01     847          144 9.4E+08 5.1E+02 _
   7767  5347      1 1.0E+00   5349 (7.2E-14) 1.7E-05  4.4655421E-01     847          144 6.5E+08 5.1E+02 _  R
   7768  5348      1 1.0E+00   5350 (5.6E-14) 1.7E-05  4.4655421E-01     819     2    144 7.9E+08 5.1E+02 _s
   7769  5349      1 1.0E+00   5351 (5.6E-14) 1.3E-05  4.4655421E-01     819          144 8.9E+08 5.1E+02 _
   7770  5350      1 1.0E+00   5352 (5.6E-14) 1.8E-05  4.4655421E-01     819          144 9.9E+08 5.1E+02 _
   7771  5351      1 1.0E+00   5353 (5.6E-14) 1.9E-05  4.4655421E-01     819          144 1.1E+09 5.1E+02 _
   7772  5352      1 1.0E+00   5354 (5.6E-14) 1.3E-05  4.4655421E-01     819          144 9.2E+08 5.1E+02 _
   7773  5353      1 1.0E+00   5355 (5.6E-14)(7.9E-06) 4.4655421E-01     819          144 9.2E+08 5.1E+02 _
1
 
 SNOPTC EXIT   0 -- finished successfully
 SNOPTC INFO   1 -- optimality conditions satisfied

 Problem name                 Determin
 No. of iterations                7773   Objective            4.4655420829E-01
 No. of major iterations          5353   Linear    obj. term  0.0000000000E+00
 Penalty parameter           5.113E+02   Nonlinear obj. term  4.4655420829E-01
 User function calls (total)     11556   Calls with modes 1,2 (known g)   5355
 No. of superbasics                144   No. of basic nonlinears            31
 No. of degenerate steps           359   Percentage                       4.62
 Max x                     177 4.6E+00   Max pi                      1 2.0E+00
 Max Primal infeas         221 2.6E-13   Max Dual infeas           118 1.6E-05
 Nonlinear constraint violn    2.6E-13
1
 
 Name           Determin                 Objective Value      4.4655420829E-01

 Status         Optimal Soln             Iteration   7773    Superbasics   144

 Objective      -------- (Min)
 RHS            --------
 Ranges         --------
 Bounds         --------

 Section 1 - Constraints

  Number  ...Row.. State  ...Value......  Slack Value...  ..Lower Limit.  ..Upper Limit.  .Dual Variable    ..i
 
     178  r      1    EQ         0.00000         0.00000          .               .             -1.98973      1
     179  r      2    EQ        -0.00000        -0.00000          .               .             -0.02013      2
     180  r      3    EQ        -0.00000        -0.00000          .               .             -1.49219      3
     181  r      4    EQ         0.00000         0.00000          .               .             -0.18558      4
     182  r      5    EQ         0.00000         0.00000          .               .             -0.86459      5
     183  r      6    EQ        -0.00000        -0.00000          .               .              0.20129      6
     184  r      7    EQ          .               .               .               .              0.44760      7
     185  r      8    EQ         0.00000         0.00000          .               .              0.44878      8
     186  r      9    EQ        -0.00000        -0.00000          .               .              0.56935      9
     187  r     10    EQ          .               .               .               .              0.43063     10
     188  r     11    EQ          .               .               .               .              0.46608     11
     189  r     12    EQ        -0.00000        -0.00000          .               .              0.55967     12
     190  r     13    EQ          .               .               .               .              0.41325     13
     191  r     14    EQ        -0.00000        -0.00000          .               .              1.24021     14
     192  r     15    EQ         0.00000         0.00000          .               .             -0.12570     15
     193  r     16    EQ         0.00000         0.00000          .               .             -0.77959     16
     194  r     17    EQ        -0.00000        -0.00000          .               .             -0.23132     17
     195  r     18    EQ         0.00000         0.00000          .               .              0.94530     18
     196  r     19    EQ         0.00000         0.00000          .               .             -0.29374     19
     197  r     20    EQ        -0.00000        -0.00000          .               .             -0.21530     20
     198  r     21    BS         0.00000        -1.00000           None          1.0              .          21
     199  r     22    BS         0.00000        -1.00000           None          1.0              .          22
     200  r     23    BS         0.00000        -1.00000           None          1.0              .          23
     201  r     24    BS         0.00000        -1.00000           None          1.0              .          24
     202  r     25    BS         0.00000        -1.00000           None          1.0              .          25
     203  r     26    BS         0.00000        -1.00000           None          1.0              .          26
     204  r     27    BS         0.00000        -1.00000           None          1.0              .          27
     205  r     28    BS         0.00000        -1.00000           None          1.0              .          28
     206  r     29    BS         0.00001        -0.99999           None          1.0              .          29
     207  r     30    BS         0.00001        -0.99999           None          1.0              .          30
     208  r     31    UL         1.00000         0.00000           None          1.0            -0.00010     31
     209  r     32    UL         1.00000         0.00000           None          1.0            -0.00022     32
     210  r     33    UL         1.00000         0.00000           None          1.0            -0.00022     33
     211  r     34    UL         1.00000         0.00000           None          1.0            -0.00009     34
     212  r     35    BS         0.00001        -0.99999           None          1.0              .          35
     213  r     36    BS         0.00000        -1.00000           None          1.0              .          36
     214  r     37    BS         0.00000        -1.00000           None          1.0              .          37
     215  r     38    BS         0.00000        -1.00000           None          1.0              .          38
     216  r     39    BS         0.00000        -1.00000           None          1.0              .          39
     217  r     40    BS         0.00000        -1.00000           None          1.0              .          40
     218  r     41    BS         0.00000        -1.00000           None          1.0              .          41
     219  r     42    BS         0.00001        -0.99999           None          1.0              .          42
     220  r     43    UL         1.00000         0.00000           None          1.0            -0.00010     43
     221  r     44    UL         1.00000         0.00000           None          1.0            -0.00017     44
     222  r     45    UL         1.00000         0.00000           None          1.0            -0.00010     45
     223  r     46    BS         0.00001        -0.99999           None          1.0              .          46
     224  r     47    BS         0.00000        -1.00000           None          1.0              .          47
     225  r     48    BS         0.00000        -1.00000           None          1.0              .          48
     226  r     49    BS         0.00000        -1.00000           None          1.0              .          49
     227  r     50    BS         0.00000        -1.00000           None          1.0              .          50
     228  r     51    BS         0.00000        -1.00000           None          1.0              .          51
     229  r     52    BS         0.00000        -1.00000           None          1.0              .          52
     230  r     53    BS         0.00000        -1.00000           None          1.0              .          53
     231  r     54    BS         0.00000        -1.00000           None          1.0              .          54
     232  r     55    UL         1.00000         0.00000           None          1.0            -0.00003     55
     233  r     56    UL         1.00000         0.00000           None          1.0            -0.00003     56
     234  r     57    BS         0.00001        -0.99999           None          1.0              .          57
     235  r     58    BS         0.00000        -1.00000           None          1.0              .          58
     236  r     59    BS         0.00000        -1.00000           None          1.0              .          59
     237  r     60    BS         0.00000        -1.00000           None          1.0              .          60
     238  r     61    BS        -0.24323        -0.24323           None           .               .          61
     239  r     62    BS        -0.24726        -0.24726           None           .               .          62
     240  r     63    BS        -0.25855        -0.25855           None           .               .          63
     241  r     64    BS        -0.27508        -0.27508           None           .               .          64
     242  r     65    BS        -0.29445        -0.29445           None           .               .          65
     243  r     66    BS        -0.31452        -0.31452           None           .               .          66
     244  r     67    BS        -0.33366        -0.33366           None           .               .          67
     245  r     68    BS        -0.35071        -0.35071           None           .               .          68
     246  r     69    BS        -0.36495        -0.36495           None           .               .          69
     247  r     70    BS        -0.37591        -0.37591           None           .               .          70
     248  r     71    BS        -0.38337        -0.38337           None           .               .          71
     249  r     72    BS        -0.38679        -0.38679           None           .               .          72
     250  r     73    BS        -0.39010        -0.39010           None           .               .          73
     251  r     74    BS        -0.39334        -0.39334           None           .               .          74
     252  r     75    BS        -0.39661        -0.39661           None           .               .          75
     253  r     76    BS        -0.40212        -0.40212           None           .               .          76
     254  r     77    BS        -0.39690        -0.39690           None           .               .          77
     255  r     78    BS        -0.38231        -0.38231           None           .               .          78
     256  r     79    BS        -0.36030        -0.36030           None           .               .          79
     257  r     80    BS        -0.33324        -0.33324           None           .               .          80
     258  r     81    BS        -0.30384        -0.30384           None           .               .          81
     259  r     82    BS        -0.27493        -0.27493           None           .               .          82
     260  r     83    BS        -0.24895        -0.24895           None           .               .          83
     261  r     84    BS        -0.24270        -0.24270           None           .               .          84
     262  r     85    BS        -0.23710        -0.23710           None           .               .          85
     263  r     86    BS        -0.23179        -0.23179           None           .               .          86
     264  r     87    BS        -0.21613        -0.21613           None           .               .          87
     265  r     88    BS        -0.19730        -0.19730           None           .               .          88
     266  r     89    BS        -0.17408        -0.17408           None           .               .          89
     267  r     90    BS        -0.14481        -0.14481           None           .               .          90
     268  r     91    BS        -0.10705        -0.10705           None           .               .          91
     269  r     92    BS        -0.05627        -0.05627           None           .               .          92
     270  r     93    BS        -0.02461        -0.02461           None           .               .          93
     271  r     94    BS        -0.08331        -0.08331           None           .               .          94
     272  r     95    BS        -0.12613        -0.12613           None           .               .          95
     273  r     96    BS        -0.13298        -0.13298           None           .               .          96
     274  r     97    BS        -0.13932        -0.13932           None           .               .          97
     275  r     98    BS        -0.15892        -0.15892           None           .               .          98
     276  r     99    BS        -0.17240        -0.17240           None           .               .          99
     277  r    100    BS        -0.18031        -0.18031           None           .               .         100
     278  r    101    EQ          .               .               .               .              0.06392    101
     279  r    102    EQ         4.60566          .              4.60566         4.60566        -0.06392    102
     280  r    103    BS         0.09272         0.09271         0.00001   1000000.00000          .         103
     281  r    104    BS         0.09272         0.09271         0.00001   1000000.00000          .         104
     282  r    105    BS         0.09270         0.09269         0.00001   1000000.00000          .         105
     283  r    106    BS         0.09269         0.09268         0.00001   1000000.00000          .         106
     284  r    107    BS         0.09268         0.09267         0.00001   1000000.00000          .         107
     285  r    108    BS         0.09270         0.09269         0.00001   1000000.00000          .         108
     286  r    109    BS         0.09271         0.09270         0.00001   1000000.00000          .         109
     287  r    110    BS         0.09275         0.09274         0.00001   1000000.00000          .         110
     288  r    111    BS         0.09277         0.09276         0.00001   1000000.00000          .         111
     289  r    112    BS         0.09275         0.09274         0.00001   1000000.00000          .         112
     290  r    113    BS         0.05759         0.05758         0.00001   1000000.00000          .         113
     291  r    114    BS         0.05887         0.05886         0.00001   1000000.00000          .         114
     292  r    115    BS         0.05888         0.05887         0.00001   1000000.00000          .         115
     293  r    116    BS         0.05775         0.05774         0.00001   1000000.00000          .         116
     294  r    117    BS         0.19039         0.19038         0.00001   1000000.00000          .         117
     295  r    118    BS         0.19039         0.19038         0.00001   1000000.00000          .         118
     296  r    119    BS         0.19036         0.19035         0.00001   1000000.00000          .         119
     297  r    120    BS         0.19032         0.19031         0.00001   1000000.00000          .         120
     298  r    121    BS         0.19027         0.19026         0.00001   1000000.00000          .         121
     299  r    122    BS         0.19022         0.19021         0.00001   1000000.00000          .         122
     300  r    123    BS         0.19013         0.19012         0.00001   1000000.00000          .         123
     301  r    124    BS         0.18992         0.18991         0.00001   1000000.00000          .         124
     302  r    125    BS         0.05291         0.05290         0.00001   1000000.00000          .         125
     303  r    126    BS         0.05239         0.05238         0.00001   1000000.00000          .         126
     304  r    127    BS         0.05184         0.05183         0.00001   1000000.00000          .         127
     305  r    128    BS         0.14114         0.14113         0.00001   1000000.00000          .         128
     306  r    129    BS         0.14125         0.14124         0.00001   1000000.00000          .         129
     307  r    130    BS         0.14128         0.14127         0.00001   1000000.00000          .         130
     308  r    131    BS         0.14130         0.14129         0.00001   1000000.00000          .         131
     309  r    132    BS         0.14131         0.14130         0.00001   1000000.00000          .         132
     310  r    133    BS         0.14131         0.14130         0.00001   1000000.00000          .         133
     311  r    134    BS         0.14114         0.14113         0.00001   1000000.00000          .         134
     312  r    135    BS         0.14069         0.14068         0.00001   1000000.00000          .         135
     313  r    136    BS         0.14088         0.14087         0.00001   1000000.00000          .         136
     314  r    137    BS         0.02771         0.02770         0.00001   1000000.00000          .         137
     315  r    138    BS         0.02860         0.02859         0.00001   1000000.00000          .         138
     316  r    139    BS         0.10981         0.10980         0.00001   1000000.00000          .         139
     317  r    140    BS         0.10992         0.10991         0.00001   1000000.00000          .         140
     318  r    141    BS         0.10996         0.10995         0.00001   1000000.00000          .         141
     319  r    142    BS         0.10997         0.10996         0.00001   1000000.00000          .         142
1
 
 Section 2 - Variables

  Number  .Column. State  ...Value......  .Obj Gradient.  ..Lower Limit.  ..Upper Limit.  .Dual Variable    m+j
 
       1  x      1   SBS         0.00000         0.01498        -1.0             1.0             0.00000    143
       2  x      2    BS         0.00000         0.07262        -1.0             1.0            -0.00000    144
       3  x      3   SBS        -0.00000        -0.02317        -1.0             1.0            -0.00001    145
       4  x      4   SBS         0.00000         0.01314        -1.0             1.0             0.00000    146
       5  x      5   SBS         0.00000         0.06860        -1.0             1.0             0.00000    147
       6  x      6   SBS        -0.00000        -0.03442        -1.0             1.0             0.00000    148
       7  x      7   SBS         0.00000         0.01132        -1.0             1.0             0.00000    149
       8  x      8   SBS         0.00000         0.06390        -1.0             1.0             0.00000    150
       9  x      9   SBS        -0.00000        -0.04480        -1.0             1.0            -0.00000    151
      10  x     10   SBS         0.00000         0.00937        -1.0             1.0            -0.00000    152
      11  x     11   SBS         0.00000         0.05891        -1.0             1.0            -0.00000    153
      12  x     12   SBS        -0.00000        -0.05411        -1.0             1.0            -0.00000    154
      13  x     13   SBS         0.00000         0.00725        -1.0             1.0            -0.00000    155
      14  x     14   SBS         0.00000         0.05396        -1.0             1.0            -0.00000    156
      15  x     15   SBS        -0.00000        -0.06224        -1.0             1.0             0.00000    157
      16  x     16   SBS         0.00000         0.00492        -1.0             1.0             0.00000    158
      17  x     17   SBS         0.00000         0.04932        -1.0             1.0             0.00000    159
      18  x     18   SBS        -0.00000        -0.06916        -1.0             1.0            -0.00000    160
      19  x     19   SBS         0.00000         0.00240        -1.0             1.0            -0.00000    161
      20  x     20   SBS         0.00000         0.04514        -1.0             1.0            -0.00001    162
      21  x     21   SBS        -0.00000        -0.07483        -1.0             1.0            -0.00000    163
      22  x     22   SBS        -0.00000        -0.00033        -1.0             1.0            -0.00000    164
      23  x     23   SBS         0.00000         0.04157        -1.0             1.0             0.00001    165
      24  x     24   SBS        -0.00000        -0.07929        -1.0             1.0            -0.00000    166
      25  x     25   SBS        -0.00000        -0.00325        -1.0             1.0            -0.00000    167
      26  x     26   SBS         0.00000         0.03863        -1.0             1.0             0.00000    168
      27  x     27   SBS        -0.00000        -0.08255        -1.0             1.0             0.00000    169
      28  x     28   SBS        -0.00000        -0.00634        -1.0             1.0             0.00000    170
      29  x     29   SBS         0.00000         0.03637        -1.0             1.0            -0.00000    171
      30  x     30   SBS        -0.00001        -0.08464        -1.0             1.0            -0.00000    172
      31  x     31   SBS        -0.09644        -0.00555        -1.0             1.0             0.00000    173
      32  x     32   SBS         0.37737         0.02173        -1.0             1.0             0.00000    174
      33  x     33    BS        -0.92102        -0.05305        -1.0             1.0            -0.00000    175
      34  x     34   SBS        -0.11864        -0.00698        -1.0             1.0             0.00000    176
      35  x     35   SBS         0.36939         0.02175        -1.0             1.0             0.00000    177
      36  x     36    BS        -0.92167        -0.05426        -1.0             1.0            -0.00000    178
      37  x     37   SBS        -0.14163        -0.00834        -1.0             1.0             0.00000    179
      38  x     38   SBS         0.36529         0.02151        -1.0             1.0             0.00000    180
      39  x     39    BS        -0.92006        -0.05417        -1.0             1.0            -0.00000    181
      40  x     40   SBS        -0.16486        -0.00952        -1.0             1.0             0.00000    182
      41  x     41   SBS         0.36515         0.02109        -1.0             1.0             0.00000    183
      42  x     42    BS        -0.91624        -0.05291        -1.0             1.0            -0.00000    184
      43  x     43   SBS        -0.00000        -0.04055        -1.0             1.0             0.00000    185
      44  x     44    BS         0.00000         0.07157        -1.0             1.0             0.00000    186
      45  x     45   SBS        -0.00001        -0.16977        -1.0             1.0             0.00000    187
      46  x     46   SBS        -0.00000        -0.05313        -1.0             1.0             0.00000    188
      47  x     47   SBS         0.00000         0.07950        -1.0             1.0            -0.00000    189
      48  x     48   SBS        -0.00000        -0.15709        -1.0             1.0             0.00000    190
      49  x     49   SBS        -0.00000        -0.06223        -1.0             1.0            -0.00000    191
      50  x     50   SBS         0.00000         0.09341        -1.0             1.0             0.00001    192
      51  x     51   SBS        -0.00000        -0.13888        -1.0             1.0             0.00001    193
      52  x     52   SBS        -0.00000        -0.06590        -1.0             1.0            -0.00000    194
      53  x     53   SBS         0.00000         0.11214        -1.0             1.0             0.00000    195
      54  x     54   SBS        -0.00000        -0.11654        -1.0             1.0            -0.00000    196
      55  x     55   SBS        -0.00000        -0.06235        -1.0             1.0            -0.00000    197
      56  x     56   SBS         0.00000         0.13393        -1.0             1.0            -0.00000    198
      57  x     57   SBS        -0.00000        -0.09143        -1.0             1.0            -0.00000    199
      58  x     58   SBS        -0.00000        -0.05009        -1.0             1.0            -0.00000    200
      59  x     59   SBS         0.00000         0.15623        -1.0             1.0            -0.00000    201
      60  x     60   SBS        -0.00000        -0.06503        -1.0             1.0             0.00000    202
      61  x     61   SBS        -0.00000        -0.02829        -1.0             1.0            -0.00000    203
      62  x     62   SBS         0.00000         0.17549        -1.0             1.0            -0.00000    204
      63  x     63   SBS        -0.00000        -0.03900        -1.0             1.0            -0.00000    205
      64  x     64   SBS         0.00000         0.00248        -1.0             1.0            -0.00000    206
      65  x     65   SBS         0.00001         0.18695        -1.0             1.0            -0.00000    207
      66  x     66    BS        -0.00000        -0.01495        -1.0             1.0            -0.00000    208
      67  x     67   SBS         0.13387         0.00708        -1.0             1.0            -0.00000    209
      68  x     68    BS         0.99099         0.05243        -1.0             1.0            -0.00000    210
      69  x     69   SBS        -0.00525        -0.00028        -1.0             1.0            -0.00000    211
      70  x     70   SBS         0.18880         0.00989        -1.0             1.0            -0.00000    212
      71  x     71    BS         0.98172         0.05143        -1.0             1.0             0.00000    213
      72  x     72   SBS         0.02421         0.00127        -1.0             1.0            -0.00000    214
      73  x     73   SBS         0.24392         0.01264        -1.0             1.0            -0.00000    215
      74  x     74    BS         0.96838         0.05020        -1.0             1.0             0.00000    216
      75  x     75   SBS         0.05232         0.00271        -1.0             1.0            -0.00000    217
      76  x     76   SBS         0.00000         0.04850        -1.0             1.0             0.00000    218
      77  x     77   SBS         0.00001         0.13024        -1.0             1.0             0.00000    219
      78  x     78   SBS         0.00000         0.01433        -1.0             1.0            -0.00000    220
      79  x     79   SBS         0.00000         0.06705        -1.0             1.0             0.00001    221
      80  x     80   SBS         0.00000         0.11482        -1.0             1.0            -0.00000    222
      81  x     81   SBS         0.00000         0.02375        -1.0             1.0             0.00001    223
      82  x     82   SBS         0.00000         0.08094        -1.0             1.0             0.00001    224
      83  x     83   SBS         0.00000         0.09269        -1.0             1.0            -0.00001    225
      84  x     84   SBS         0.00000         0.03239        -1.0             1.0             0.00000    226
      85  x     85   SBS         0.00000         0.08750        -1.0             1.0             0.00000    227
      86  x     86   SBS         0.00000         0.06559        -1.0             1.0            -0.00000    228
      87  x     87   SBS         0.00000         0.04042        -1.0             1.0            -0.00000    229
      88  x     88   SBS         0.00000         0.08357        -1.0             1.0            -0.00000    230
      89  x     89   SBS         0.00000         0.03668        -1.0             1.0             0.00000    231
      90  x     90   SBS         0.00000         0.04771        -1.0             1.0             0.00000    232
      91  x     91   SBS         0.00000         0.06407        -1.0             1.0            -0.00000    233
      92  x     92   SBS         0.00000         0.01179        -1.0             1.0             0.00001    234
      93  x     93   SBS         0.00000         0.05196        -1.0             1.0             0.00000    235
      94  x     94   SBS         0.00000         0.01252        -1.0             1.0             0.00001    236
      95  x     95   SBS        -0.00000        -0.01410        -1.0             1.0            -0.00000    237
      96  x     96   SBS         0.00000         0.04863        -1.0             1.0            -0.00001    238
      97  x     97   SBS        -0.00000        -0.04376        -1.0             1.0            -0.00000    239
      98  x     98   SBS         0.00000         0.03802        -1.0             1.0             0.00000    240
      99  x     99   SBS         0.00000         0.10388        -1.0             1.0            -0.00000    241
     100  x    100   SBS        -0.00000        -0.03094        -1.0             1.0             0.00000    242
     101  x    101   SBS         0.00000         0.09487        -1.0             1.0             0.00000    243
     102  x    102   SBS         0.00000         0.09525        -1.0             1.0            -0.00000    244
     103  x    103   SBS        -0.11258        -0.00312        -1.0             1.0             0.00000    245
     104  x    104    BS         0.77642         0.02152        -1.0             1.0            -0.00000    246
     105  x    105   SBS         0.62007         0.01719        -1.0             1.0            -0.00000    247
     106  x    106   SBS        -0.07409        -0.00212        -1.0             1.0             0.00000    248
     107  x    107    BS         0.79443         0.02272        -1.0             1.0            -0.00000    249
     108  x    108   SBS         0.60282         0.01724        -1.0             1.0            -0.00000    250
     109  x    109   SBS         0.00000         0.00229        -1.0             1.0            -0.00000    251
     110  x    110   SBS         0.00001         0.08932        -1.0             1.0            -0.00000    252
     111  x    111   SBS         0.00000         0.06190        -1.0             1.0             0.00000    253
     112  x    112   SBS         0.00000         0.01815        -1.0             1.0            -0.00000    254
     113  x    113   SBS         0.00000         0.08691        -1.0             1.0            -0.00001    255
     114  x    114   SBS         0.00000         0.05560        -1.0             1.0            -0.00001    256
     115  x    115   SBS         0.00000         0.03210        -1.0             1.0             0.00000    257
     116  x    116   SBS         0.00000         0.07832        -1.0             1.0             0.00000    258
     117  x    117   SBS         0.00000         0.04987        -1.0             1.0            -0.00000    259
     118  x    118   SBS         0.00000         0.04313        -1.0             1.0            -0.00002    260
     119  x    119   SBS         0.00000         0.06500        -1.0             1.0             0.00001    261
     120  x    120   SBS         0.00000         0.04463        -1.0             1.0             0.00000    262
     121  x    121    BS         0.73682          .            -10.00000        10.00000         0.00000    263
     122  x    122    BS        -0.00000          .            -10.00000        10.00000         0.00000    264
     123  x    123    BS        -0.00000          .            -10.00000        10.00000         0.00000    265
     124  x    124    BS         0.00000          .            -10.00000        10.00000         0.00000    266
     125  x    125    BS         0.55765          .            -10.00000        10.00000         0.00000    267
     126  x    126    BS         0.00000          .            -10.00000        10.00000         0.00000    268
     127  x    127 D  BS         1.0              .              0.10000         1.0            -0.00000    269
     128  x    128    BS         1.02864          .            -10.00000        10.00000         0.00001    270
     129  x    129    BS        -0.00000          .            -10.00000        10.00000         0.00001    271
     130  x    130    BS        -0.18631          .            -10.00000        10.00000         0.00001    272
     131  x    131    BS          .               .            -10.00000        10.00000        -0.00000    273
     132  x    132    BS        -0.11723          .            -10.00000        10.00000         0.00000    274
     133  x    133    BS          .               .            -10.00000        10.00000         0.00000    275
     134  x    134    BS         0.98721          .              0.10000         1.0             0.00000    276
     135  x    135    UL         1.0              .               .              1.0            -0.33456    277
     136  x    136    LL          .               .               .              1.0             0.10243    278
     137  x    137 D  BS          .              0.00000          .              4.60566        -0.00000    279
     138  x    138   SBS         0.09272        -0.00000          .              4.60566         0.00000    280
     139  x    139   SBS         0.18544        -0.00000          .              4.60566         0.00000    281
     140  x    140   SBS         0.27813        -0.00000          .              4.60566         0.00000    282
     141  x    141   SBS         0.37083        -0.00000          .              4.60566         0.00000    283
     142  x    142   SBS         0.46351        -0.00000          .              4.60566        -0.00000    284
     143  x    143   SBS         0.55621        -0.00000          .              4.60566        -0.00000    285
     144  x    144   SBS         0.64892        -0.00000          .              4.60566        -0.00000    286
     145  x    145   SBS         0.74167        -0.00000          .              4.60566        -0.00000    287
     146  x    146   SBS         0.83444        -0.00001          .              4.60566        -0.00000    288
     147  x    147    BS         0.92719        -0.99998          .              4.60566        -0.00000    289
     148  x    148   SBS         0.98478        -0.00000          .              4.60566         0.00000    290
     149  x    149   SBS         1.04365        -0.00000          .              4.60566         0.00000    291
     150  x    150   SBS         1.10253         0.00000          .              4.60566         0.00000    292
     151  x    151   SBS         1.16028         0.99997          .              4.60566         0.00000    293
     152  x    152   SBS         1.35066         0.00000          .              4.60566         0.00000    294
     153  x    153   SBS         1.54105         0.00000          .              4.60566         0.00000    295
     154  x    154   SBS         1.73141         0.00000          .              4.60566         0.00000    296
     155  x    155   SBS         1.92172         0.00000          .              4.60566         0.00000    297
     156  x    156   SBS         2.11200        -0.00000          .              4.60566         0.00000    298
     157  x    157   SBS         2.30222        -0.00000          .              4.60566         0.00000    299
     158  x    158   SBS         2.49235        -0.00000          .              4.60566         0.00000    300
     159  x    159   SBS         2.68226        -0.99997          .              4.60566         0.00000    301
     160  x    160   SBS         2.73517         0.00000          .              4.60566         0.00000    302
     161  x    161   SBS         2.78756         0.00000          .              4.60566         0.00000    303
     162  x    162    BS         2.83940         0.99998          .              4.60566        -0.00000    304
     163  x    163   SBS         2.98054         0.00000          .              4.60566        -0.00000    305
     164  x    164   SBS         3.12179         0.00000          .              4.60566        -0.00000    306
     165  x    165   SBS         3.26307         0.00000          .              4.60566        -0.00000    307
     166  x    166   SBS         3.40438         0.00000          .              4.60566        -0.00000    308
     167  x    167   SBS         3.54569         0.00000          .              4.60566         0.00000    309
     168  x    168   SBS         3.68699         0.00000          .              4.60566        -0.00000    310
     169  x    169   SBS         3.82813        -0.00000          .              4.60566         0.00000    311
     170  x    170   SBS         3.96882        -0.00000          .              4.60566        -0.00000    312
     171  x    171    BS         4.10969        -0.99998          .              4.60566         0.00001    313
     172  x    172   SBS         4.13741        -0.00000          .              4.60566        -0.00000    314
     173  x    173   SBS         4.16600         0.99998          .              4.60566        -0.00001    315
     174  x    174   SBS         4.27581         0.00000          .              4.60566        -0.00000    316
     175  x    175   SBS         4.38573         0.00000          .              4.60566        -0.00000    317
     176  x    176   SBS         4.49569         0.00000          .              4.60566         0.00000    318
     177  x    177 D  BS         4.60566        -0.00000          .              4.60566        -0.00000    319
 
 Time for MPS input                             0.00 seconds
 Time for solving problem                     308.21 seconds
 Time for solution output                       0.00 seconds
 Time for constraint functions                294.39 seconds
 Time for objective function                    0.00 seconds
